e42c e42c e44d e42d e44d ec6e ec8e ec8e ec6d ec6d ec2d ec0d e3cc db6b e36b db0a d2e9 d30a db4a db6b e3ac e3ec ec4d ec6d e44d e44d ec4d ec4e ec4d ec4d ec6d ec6d e44c e42c e40c dbab db6b d30a c28a b229 a1a8 9968 9988 99a9 a1a9 a1c9 a9c9 b20a a9e9 aa09 b229 b229 b229 aa09 b22a b22a aa09 aa29 b229 b229 ba4a b22a ba29 ba29 b249 ba6a ba8a c2ab c2ab c28a caaa caab ca8a ca8a caca cacb cacb caab d2cb d2eb caca caea cb0b caea caea caea d2cb d2eb d2eb caeb cb0b d30c d2eb d2cb d2cc d2eb caeb d2eb d2eb d2cb d2cb d2cb d2cb d2cb caaa cacb d2eb d2cb d2eb d2ec d2cb d2cb cacb cacb cb0d c30d c32e c36f cbf0 cbf1 bb6f c3b0 c3d0 cc11 cc12 c3b0 c3d0 bbaf bbaf c410 c430 c430 c430 d491 d4b1 cc91 c471 ccb2 d4b2 d4d2 dd33 d513 d554 d575 cd33 cd13 cd13 cd13 cd12 d512 cd12 dd74 d553 d532 d573 dd94 ddb4 dd74 ddb4 e5f5 ddb3 ddb3 ddb4 ccd1 bb8e b2cc ba8b c2ab baab c2ab c2ab cacb c2cc caec caed cacc caec caec cb0c cb2d caeb caec cacc cacc caeb cacb cacb cacb caab caac cacc caab c2aa baaa baaa c2ab ba6a c28b ba8b ba6b b26a b26a b26b b24b b22b ba6b ba6b c2ac c2cb cb0b d34c d36c d36c dbad dbad dbad d38d d38d d38d db8d dbae dbae dbae dbce d3cd dbee dc0e dc0e dc0e e3ed e40d e3ed dbcd dbad dbed dbee dbcd dbcd dbcd dbad dbac dbcc dbcc dbcc dbcc dbac dbac dbac db8c d38b dbac dbac db8c db6c db6c db8c d36b d36b d38b d38c d38c d38c d38c db8c d36b d34b d38c d36c d36b d3cc f52f fe11 f651 f6b2 fef4 fed5 fef5 fef5 fef5 fef5 fe93 f5f2 dcae bb4b baeb a22a 8989 68c7 5066 5087 50a7 50a7 58a8 58a8 58c8 60c8 58c8 58a7 60e8 60e9 60e8 60e8 60e8 60e8 58c7 60c7 58c7 58a7 5087 58a8 58e8 60e8 60c8 60a7 60a7 60a7 6087 5887 5887 60c8 
ec2d ec4d e42d ec4d ec6e ec8e ec8e ec8e ec6d ec4c e40c e3ec e3ab db4a db2a d2ea d2ea d2ea d32b db8c e3ac e3ec e44d ec4d ec6d ec6d ec6d ec4d e44d ec6e ec6d ec6d ec4d ec2d ebed db8b db4b d32a c2aa b209 a1a8 9168 9168 9989 99a9 a1a8 a1c8 a9e9 a9e9 aa09 aa29 b209 b229 b209 b209 b229 b249 b229 b229 b229 b24a b22a b22a b229 ba4a ba49 ba6a c2ab c28a c28a caaa caaa caaa caaa caaa cacb caaa cacb cacb cacb d2eb d2cb caca caeb caca d2cb caeb caeb cb0c caeb d2eb d2cb d2eb d2eb d2eb d2eb d30b d2eb d30b d2eb d2eb d2cb d2cb d2cb cacb d2eb d2eb d2ec cb0c cb0d cb2d cb2e cb4e c32e bb0e bb0e bb6f cbd0 cbf0 c3af bb8f c3d0 c3f0 cbef c3cf c3f0 c3ef c3f0 c3d0 cc11 c3cf cbf0 cc30 cc30 cc51 cc71 cc71 cc71 cc91 ccb2 cc91 d513 dd53 d533 d554 cd13 d553 d533 ccf2 d533 d532 d553 d553 d574 d553 d532 d594 ddb4 ddb4 ddb4 ddd4 e5f5 e5f5 ddd5 dd54 c430 bb2d b28b ba8b c28b c2ab c2ab c2ec c2ec caec caec cb0c caed caec caec cacb caeb cacb caec caec cacb c2cb cacb c2cb cacb cacb caab c2ab c2ab c28b ba8b c28b c28b ba8b ba8b ba8b b26a ba6b b24a aa4a ba8c ba8b c2ab cacb caec d34d db6d db8d db6d db8d dbad db8d db8d d3ad d3ad dbad dbae dbce dbce dbce dbef dbce dbee dbed dbed dbed dbed dbed dbcd dbcd dbcd dbcd dbcc dbcc dbac dbab dbcc dbac dbac dbac dbac dbac db8c db8c dbac db8c db8c db6c db8c d36b d36c d36b d36b d36c db8c d38b db8c db8c db6c d36b d36c d36c d36c d36b d38b e48d f590 fe32 fe73 feb5 fed5 fef5 fef5 fef5 fef5 fed4 fe73 f591 cbcc aa8a 8988 68c7 5887 5887 5087 5067 5067 58c8 58a7 58a7 60c8 60c8 60c8 60e8 60c8 60c8 60c8 60c8 60c8 60c8 60a8 58a7 5887 58c8 58e8 58e8 58c7 58a7 5887 5886 58a7 5887 58a7 60a7 58a7 
e42d e42d e44d ec4d ec6e ec8e ecae ec8e ec6d ec2d e3ec e3ab db8b db2a d2e9 d2a9 d2a9 d2ca db4b db8c e3cc e40c ec4d ec6d ec6d ec6d ec6d ec4d ec6e ec6e ec6e ec4d ec4d e40d e3ec e3cc db4a d30b c28a b1e8 a1a8 9968 9168 9989 99a8 a1a8 a9e9 a9e9 a9e9 a9e9 a9e9 a9e9 b209 b209 b229 b209 b209 b209 b229 b209 b209 b22a ba6a b249 b229 ba4a ba6a ba8a c28a c26a c28a c2aa c28a caaa caca cacb caab cacb cacb caab caeb caca cacb cacb cacb cacb caeb cacb cacb cacb d2cb d2eb cacb d2eb d2cb d2eb d2eb d2eb d30c d2eb d2cb d2ab caab cacb caab caec cb4e cb6f cb8f cbd0 cbd0 c38f c34e baed b2cd bb2e bb6f c3af c38f c38f c3af c3f0 c3cf c3cf c3af c3ae c3cf cbf0 cc0f cc10 cbf0 cc10 c410 c411 cc51 c451 c451 cc92 cc91 d4b2 d4b1 ccb1 cd12 d532 d512 ccf2 d512 d512 dd73 cd12 ccf2 d553 dd73 d532 d594 ddb4 d573 dd93 dd94 ddd4 ddd4 e5f5 ddd5 ddd5 e5f5 ddb5 d513 bb8e b2ab ba6a ba8b baab c2ec c2cc c2cc c2ec c2ed cb0d caec cacc c2ab c2cb caec caec cacc caab cacb cacc caab caab c2ab c2ab c28a c26a c28a ba4a ba6a ba6a ba6a ba6a ba6b b24a b24a b24a b24a ba6a ba6a c28b cacb caec d32c d34d db8d db8d dbad dbad dbad d38d dbad db8d db8d e3ae dbae dbce dbce dbcf d3ce dbee dbee dbcd dbcd e3ed dbcd dbcc dbad dbad dbac dbac dbac dbac dbac dbac dbac dbac db8c e3ad db8c db8c db8c db8c db8c db8c d36c db8c d36c d36c db6c db6c d36b d36c db6c db6c db6c db6c db6b db6b d38c d36b d34b d36b d3ab ecce fdf1 fe53 fe94 fed5 fed5 fef5 fef5 fef5 ff14 feb4 fe32 dcaf 9a4a 68a6 58a7 5087 5087 5088 5087 5067 5887 58a8 58a8 60e8 6108 60e8 68e8 68e8 60e8 60c8 60e8 60c8 60e8 58c8 58c8 58c8 58a7 60c8 60e8 60e8 58a7 60a7 58a7 5066 5887 58a7 58a7 60a7 
e42e ec4e e44e ec6e ec8e f4ae ec8e ec6d ec2d ec0d e3cc e38b db2a d2c9 ca89 ca89 ca89 d2ca db4c e3cd e3ed e42d ec4d ec6d ec6d ec6d ec6e ec4d ec4d ec4d ec6d ec4d ec4d ec2d ebec e3ab db6b d30b c269 b209 a1a8 9968 9168 9189 99a9 a20a a1ea aa0a aa09 aa0a a9e9 aa09 b209 b209 b229 aa09 b209 aa09 b209 b209 b209 b24a b229 b24a b24a ba4a ba4a c26a ba6a c28a c2aa c2aa c28a ca8a ca8a caab caab caab caab caab caab cacb cacb caab caaa caaa cacb caeb cacb caeb cacb d2eb d2eb cacb cacb d2cb d2eb d2cb d2cb d2ab d2ab caac cb2e d38f c32e cbb0 d431 cc11 cbf0 c3d0 bb6e bb2e baed bacc baed bb0d bb2d c36e c36e c36e c38e c36e c36e c36e c36e c3af cc10 c3f0 c3cf cc10 c3f0 c3f0 c40f d471 c430 cc50 cc91 d4d2 d4f2 ccb1 ccb2 ccd2 ccf2 ccf2 ccb1 ccd2 d533 d533 d513 d512 dd53 d532 d573 ddb4 ddb4 d573 d594 ddd5 ddb4 ddb4 ddb4 ddf6 ddd5 ddd5 ddd5 ddd5 e5f5 dd74 c430 b30d b28b ba8b bacc bacc baab c2ab c2cb c2ab cacc c2ab cacb caab c2cb cacc c2cb caab cacb cacb cacb c2cb c2ab c28b c28b c28b c28b c26a ba8a ba6a ba6b b26a b24a b24a b22a b22a b22a ba6b ba4a c28b c2ab d2ec d32c d34d d38d db8d dbad dbad dbad db8d dbad db8d dbad dbae dbad dbce dbce d3ae dbce dbce dbee e40e dbed e3ee dbcd e3cd dbac dbad dbac dbac dbac dbac db8c dbac db8c dbac dbac dbac dbac db8c db8c db6c db8c db8c db8c db6c db6c db6c db6c db6c d36b d36b db6b db6b db8c d38b d38b db8c d38c db8c d36b d36b d36b dc2c f570 fe12 fe73 feb4 fed5 fef5 fef6 fef6 ff15 fef5 fe93 dcf0 89e9 5866 5067 5087 5067 5087 58a8 58a8 58a8 58a8 5887 60c8 60e8 60c8 60c8 60c7 60e8 60c8 60c8 60c8 60a7 58a7 60c8 58a7 58c8 58c8 60c8 58a8 58a7 58c8 58e8 58e8 5887 5887 60a7 60c7 
e44e e44d ec8e ec8e ecae ecae ec8e ec4d ec2d e3ed e3cc db6b d30b caaa c249 ba29 c249 caca db2b e38c e3ec e40c e44d ec8e ec8d ec6d ec6d ec6d ec4d ec4d ec4d ec4d ec4d ec2c ec0c e3ab e38b d32b c2aa b229 a1c8 99a9 9168 9168 99a9 99c9 99a9 a1c9 a1ea aa0a aa2a aa4a aa0a aa09 aa09 b209 aa29 aa09 aa09 b229 b229 b24a b22a b24a b24a ba4a c26a c26a c26a c24a c2ab c28b c28a c2ab c2aa c2ca cacb caab caaa caab caaa caaa cacb cacb cacb cacb caaa cacb cacb cacb cacb d2eb cacb cacb d2eb d2eb d2eb caab caab d2cb caab d30c dc0f e491 cbcf d3f0 cbef c3cf bb8e bb6e bb2d c32d c2ec c2ec baed b2ed b30d bb4e c36e c36e c36f bb4e bb2d bb4e bb6d cbcf c3af c38f bb8e cc10 c3ef cc30 cc10 cbef cc30 cc30 cc92 d4b2 cc71 cc92 d4d2 d4f3 ccb2 cc91 ccf2 ccf2 d532 dd53 dd53 d512 ccf1 dd94 dd93 d573 d573 ddb4 dd93 dd73 ddb4 ddb4 ddd4 e5d4 ddb4 ddb5 ddf5 e5f5 e5f5 e5f5 ddd5 ccf3 bb8e aacc b2ac ba8c ba8b c28b c28b c28b c2cb c2ab c2ec c2cb c2ab cacc c2ab caab c2ab caab c2cb c2cb c2ab c2ab c28b c28b c28a c28b c28b ba6b ba6b b24b ba6b b24b b22a b22a aa2a b24a ba6a c28b caab d30c d32d db4d db6d db8d dbad dbad dbad db8d db8d db8d db8d dbad dbcd dbcd dbcd d38d dbae dbce dbce dbee dbcd e3ed dbcd dbee dbcd dbac db8c db8c db8c db8c db8c db8c db8c db8c dbac dbac dbac db8c db8c db8c db8c db8c d36c d36c d36c d36c db6c db6c db6c db6c db6c db6c db8c db8c db8c d36c db8c db8c d36b d36b d36b d3ab e4ae fdb1 fe32 fe93 feb4 fed5 fef6 ff16 ff16 ff15 fe93 d4cf 7167 5045 5067 5068 5067 5088 50a7 58a8 58a7 58a8 58a7 60e8 60e8 60e8 60c8 60c8 60e8 6108 60e8 5887 5887 5887 5887 58c8 60c8 60e8 58c8 58c8 5887 58a7 60c8 60c8 5886 60a7 60c7 60c7 
e44e e46e ec8e ecae ecce ec8e ec6d ec2c ec0c e3ac e38b d30a caaa ba29 b1e8 b208 c289 caea d34b dbac e3ec e40d ec4d ec8d ec6d ec6d ec6d ec8d ec6d ec4d ec6d ec6d ec4d ec0d e3ec e3ac db4b d30a c2aa b229 a1a8 9988 9168 9168 9189 99c9 99a9 a1c9 a1c9 a1e9 a9e9 a9e9 aa0a a9e9 aa09 aa09 aa09 aa09 aa09 b229 b229 aa09 b229 b22a b229 ba4a ba6a ba4a c26a c28b c28a c28a c2aa c28a c2aa c2cb c2cb c2cb c2aa c2aa caca caaa cacb cacb cacb cacb caca caca cacb cacb d2cb d2eb d2eb cacb caab d2cb cacb cacb caec db6e cb0c caec cb0c cb2d cb6e c36e c34d c34d bb0d bb0d bb0c baec bacc baed baed baed bb0d c36e c38e c36e bb6e bb4e b30d bb2e c34e cbaf bb6e bb6e c3af c3cf cc10 cc30 cc51 c410 c431 cc71 cc91 cc91 cc91 cc70 d4b1 cc91 ccd2 ccf3 ccf3 d533 d553 d553 cd12 dd74 dd94 d573 d553 dd94 dd73 d532 d553 e5b4 dd93 dd93 d574 ddb5 e5f5 ddb4 ddd5 ddd5 ddf6 e636 e5f5 e5d4 dd74 c472 b32e b2ac b26b ba8b ba6b c2ab c2ab c2ab c2ab c2ab c2cb cacb c2ab caab caab c2ab c2ab c2ab c2ab c2ab c2ab c28b c28b c26b ba8b ba6b b26b b24b b26b b24a b22a aa0a b209 ba4a ba6a c28b cacb d2ec db2c db4c db8c db8c e3ad e3ad dbad db8d dbad db8d db8d db8d dbad dbae dbad dbae dbad dbad dbce dbce dbcd dbcd dbcd e3ed e3ed dbad dbac db8c db8c db6c db8c db8c db8c db8c dbac dbac dbac db8c db8c db8c db8c db6c db8c db8c db6c db8c d36c d36c db8c db8c db6b db6b db8c db8c db8c db8c db8c d38c d36c d36c d38c d3ac dc0c f52f fdf2 fe73 feb4 fef5 ff16 ff16 ff15 fed4 f5b2 a2c9 5085 5087 4887 5087 5087 5887 5887 5887 60a8 60a8 60c7 60e8 60e8 60c8 60e8 60c8 60c8 60c7 58a7 5887 5887 5887 58a7 60c8 60e8 60c7 58a7 5887 5887 5887 5887 60a7 58a7 60e7 6907 60e7 
ec6e ec6e ecae eccf ecae ec8e ec4d ec2c e3ec e3ac db6b d2ca c269 b208 a9c8 a9e8 ba69 caea d34b dbac e3ed ec2d ec4d ec8d ec6d ec6d ec6d ec6d ec4d ec6e ec6d ec6e ec4e ec2d ebec e3ac e36b d2ea c28a b209 a1a8 9168 8947 9168 9188 99a8 99a8 a1c9 a1e9 a9ea a9e9 a9e9 a9e9 a9e9 aa09 aa29 aa09 aa09 aa29 aa09 aa2a aa2a b22a b22a b22a b24a ba4a ba4a ba4a c26a c28a c28a caab c26a c28b c28b caab caaa caaa c2aa cacb caab caca cacb cacb caab cacb cacb caeb cacb cacb d2cb cacb d2cb caca caab caab caeb d38c f4d1 cb0b c28a c2ec baec bb0c bb0c bb0c baec bacc baec baed bacc baed bb0d bb0d bb2d bb2d c36e bb4d bb4e bb4d bb4e bb2d bb6e bb6e c38f c38f c38e c38e cbcf c3f0 c3f0 c3ef c3ef cc50 cc50 cc71 cc71 cc30 cc30 d4b2 cc71 d4d2 d4f3 d512 d4f2 d512 d553 dd73 ddb4 dd94 dd94 dd73 d553 d553 d573 ddb3 dd93 ddb4 dd94 ddd4 dd94 dd94 ddb5 e5f5 ddf5 ddf5 ddd5 ddf5 e5f5 e615 ddb4 ccb2 b34e aa8b b26b b26b ba6b ba8b ba8b ba8b c2ab c2cb baab c2ab c28b c28b c28b c2ab c2ab c28b ba8b ba8b c28b c28b ba6a ba6b ba6b b26b b26b b24a b24a b24b b22a aa0a b24a ba4b ba6b cacc d2ec d32c db4c db8d db8d e3ad e3ad db8d db8d db8d db8d db8d dbad db8d dbae db8d dbad db8d db8e db8d dbae dbad dbcd dbce dbee dbcd dbcd dbac d36c db8c db6c db6c db6c db6c db8c db8c db8c db8c db8c db8c db8c db8c db8c dbac db8c db8c db6c db6c db4c db8c db6c db6c db6c db8c dbac db8c dbac dbad db8c d38c d38c d38c d38c d3ac e46e f590 fe53 fe94 fed5 ff16 fef5 fed4 fe33 cc4e 7125 5065 5087 4867 5067 5087 5087 58c8 58a8 58c8 60a8 60e8 60c8 60c8 60c7 6908 60e8 60c8 60a7 5887 5887 5887 5887 58c7 60e8 60c8 60c8 58a7 5087 5887 5887 5887 60a7 60c7 60c7 60c7 60a7 
ec8e ec8e f4ae f4ae ecae ec6d e42c ec0d e3cc e3ac db2a caa9 b228 a9a8 9967 a9c8 c249 d2cb db2b e38c e3ec ec2d ec6d ec6d ec6d ec8d e46d ec6d ec6d ec4d ec4d ec4d ec4d ec0d ebcc e38c e36b d2ea c28a b1e9 a188 9168 8947 9168 91a8 9988 99a9 99a9 a1c9 a1ea a9e9 a9e9 a9e9 a9e9 aa09 a9e9 b22a aa09 aa2a aa09 b22a aa29 b229 b22a b22a ba2a ba2a ba2a b249 ba6a ba6a c28a c2aa c28a c2ab c2ab c28a c26a c28a c2aa caec cacc cacb cacb caeb cacb c2cb cacb caeb cacb d2eb d2eb caeb cacb caaa caaa d2cb d2eb ec4f d3ad aa09 b24a c2cc baec bacc baec bacb baec baeb baec baec baed baed baed bacd baed bb4e c38e bb4d c36e c36e bb4e b30d bb4e bb6e c3af c34e c36e c38e c38f bb8f c3d0 c3d0 bbcf cc31 c410 cc50 cc30 c430 cc71 ccb2 ccf3 d4f2 ccd2 ccb2 dd34 d513 d553 d574 dd94 d573 dd73 d573 dd73 dd93 d572 dd93 ddb3 dd93 dd52 dd53 dd94 e5d5 ddd4 ddd5 ddd5 ddd5 ddf5 e615 ddf5 ddd5 ddb5 ddd5 d553 c450 aacb aa6b b24b b24a b26b ba8b baab bacb ba8b c28b c28b c28b c2ab c2ab c2ab c28b c28b c2ab c26b c26b c26a ba6a ba6b b26b b26b b24a b24a b22a b22a aa29 b22a b24a ba6a cacc d2ec d32c db4d db8d dbae dbad e3ce e3cd e3cd dbad db8d db8d db8d d38d db8d db8d db8d db8e db8e db8d db8d d3ad dbad dbee e3cd dbcd dbcd dbac d38c d36c d34b db6c db6c db6c db6c db6c db8c dbac dbac db8c db8c db8c db8c db8c db6c d38c db6c db6c db6c db8c db6c d36c d36c d38c dbac dbac db8c dbac d38c d38c d38c d3ac d3ac db8c dbcd e4ae fe33 fe94 fef5 fef5 fed4 fe31 e4ef 89e8 5865 5066 5088 5087 5087 5087 5888 58a8 58a8 60c8 60e8 6908 60e8 6108 60e8 60e8 68e8 60c7 5887 50a7 5087 5887 60a8 60a8 60c8 58a7 58c8 58a7 58a7 58a7 58a7 60a7 60c7 60e7 58c7 5086 4845 
e4ad ecce ecee ecce ec8d ec4d ec0c ebcc e38b db4b d2ea c28a a9e9 9968 9948 a9e9 ba69 caea d36b dbac e3ec e42d ec6d ec6d ec6d ec6c ec8d ec6d ec6e e42d ec4e ec4d ec2c e40c e3cb e38b db4b daea ca8a ba29 9988 9168 8948 9169 9168 9989 99c9 a1e9 a1e9 a1e9 a1e8 aa09 a9e9 a9e9 b209 b209 aa0a aa2a aa09 aa2a aa2a b22a b209 b20a b209 b229 b249 b249 b24a ba6a c28a c28a c26a c26a c26a c28a c28a c26a ca8b c2ab c2eb c2eb c2eb c2cb caeb cacb caeb cacb caaa caaa cacb d2cb cacb caab caab caaa caca d36b f510 bb2a a209 b24b baac bacc bacb baec bacb c2ec baec bacc c30d baed b2cc b2cc b2cc bb2d bb0d c32d c34d c34e b30d bb2d bb2d bb4e c34e c34e c34e c38f bb6d bb8e c3ef bbaf c3cf c3cf cc10 c40f c430 c450 cc51 cc91 d512 d4f2 ccf2 d513 d532 cd11 d553 d573 dd53 d533 d553 dd94 dd73 dd53 d553 e5b5 e5b4 dd73 dd74 dd94 ddb3 ddb3 ddd4 ddd4 e5f5 e5f5 ddf5 ddd5 ddd5 ddd5 ddf5 ddd5 ddb4 e5d5 e5b6 ccb2 ab6d a28a a24a aa4a b26b b26b ba8b ba6b b26a ba6b ba6a ba6a c28b c28b c28b c28b ba8a ba8a ba6a ba6a ba6b b24b ba6b b24b b24a b24a b24a b22a b20a b20a ba6b baab c2ca cb0b d34c db6c db8d e3ad e3cd e3cd e3ad e3ad e3cd dbad dbae db8d dbae d38d d38c d38c d3ad d3ad d36c d36d dbae db8e db8d dbad dbcd e3cd db8c db6c db6c db6c d36b d36b d38b db8c db8c db8c dbac e3ac db8c db6c db8c db8c db8c db6c db6c db8c d36b d36b dbac d38c db8c db8c db8c db8d db8c d38c db8c dbac db8d db8d dbad dbad d38c d3ab dc2c f590 fe52 feb3 fe93 fe32 dc8f 9228 58c6 5087 5087 5088 5088 58c8 5086 5086 58a7 60c8 60c8 60c8 68e8 60c8 60c7 60e8 60e8 60c8 58a8 5887 5867 5888 58a7 58c7 58c7 60c7 58a7 5867 58a8 58a7 58a7 60c8 60e7 6908 60e8 5067 4846 4826 
ecae ecae ecae ec8e ec6e ec2d e3ec e3cc e38b d30b caaa b209 9988 9147 9167 a1c8 ba69 caea d32b db8b e3cc ec4d ec4d ec6d ec8d ec8d ec6d ec4d ec6d e44d ec4d ec4d ec2d ec0d ebec db6a db2a d2ea c269 b209 9988 9168 8927 9168 9188 99a9 99c9 a1c9 a1e9 a1e9 a9e9 aa0a aa0a aa0a a9e9 aa0a aa0a aa0a aa09 aa2a b24a aa2a aa29 aa29 b24a b24a b24a ba6a ba6a ba6a c26a c26a c26a c28a c26a c28a c28a c28a c2aa c2aa c2cb c2cb c2ab c2aa caab cacb cacc caab cacb caeb caeb cacb cacb d2cb caca d2cb caca d2eb db4c ba89 b24a ba6b baab baab c2ab c2ec baab bacc bacc bb0d c32d baec bacc baec baec bb2d bb2d bb2d c34d c34e bb2e bb4e bb2d bb2d bb6e c36e cb8e c36e bb4d c36e c36e c3ae c3cf c3af c3cf c3f0 cc30 cc0f d491 cc70 cc91 d4f2 d533 ccf2 d512 d533 d512 d532 d553 dd73 dd53 dd53 d573 dd94 d573 dd93 d573 dd94 ddd4 ddb4 dd93 dd93 ddb4 e5b4 ddd4 ddd5 ddd6 e616 e616 ddd5 d5b5 ddf5 ddf6 ddf6 e615 e5f5 d554 b3f0 a28b aa4a b26b b24a b24a b24a ba4a b24a ba6a ba8b ba8b c28b c26a c26a c26a c26a ba6a ba6a ba6b b26b b24b b24a b26a b24a b24a aa2a aa2a b24a b24b ba8b c2ab d2ec db4c db6c dbad dbad e3ed e3cd e3cd dbad e3ce dbad db8d db8d db8d db8d d38d d36d d38d db8d d36d d36d d36c db8d db6d db8d dbcd dbcd dbad db8c db8d db6c db6c db6c db8c e38c db8c dbac dbac dbac db8c db8c db8c db8c db8c db8c db8c db8c d36c d36c db8c db8c db8c db8c db8d db8d dbac db6c d38c dbac db8c dbad dbac dbad dbcd dbcd dbec f4ef fdf1 fe52 fdf1 e4ef 9a49 60a6 5887 5088 5088 5088 50a8 5087 5887 5887 58a7 60e8 58a7 60c7 60c7 60e8 60c8 60c8 60c8 58a8 58a8 58a8 58a8 60c8 60e8 60e8 60e8 58a7 5887 58a8 5887 58a7 58c7 6108 6908 6108 58c7 4846 4025 4026 
ecaf ec8e f48e ec8d ec4d ec0c e3cc e3ac db4b caca ba49 a1a8 9148 8947 9188 a9e9 ba6a caea d32b e38b e3cc ec2d ec4d ec6d ec8d ec8d ec6d ec4d ec6d ec6d ec6d ec6d ec4d e40d e3cc e36b db4b d2ea c28a b209 9968 9148 8907 9148 9189 99ca a1a9 a1ca a1ca a1ea aa2b aa4b aa2a aa4b aa4b aa0a aa2a aa29 aa29 aa09 aa2a aa0a aa4a b24a b22a ba4a b24a ba4a ba4a ba6a c28b c28a c28a ba6a c26a c28a c2ab c2aa c2aa c2aa c2cb c2aa c2ab c28a caab cacb caab cacb cacb cacb cacb d2cb caaa d2eb d2cb caeb d34d c2cb ba6a ba6a ba8b ba6a ba8a c2ab c2cb c2ab baab c2cc c2eb bacb baec baec bacc baed baec c32d c34e c36e c34e c34e bb2d c36e bb4e c34e c36e cb8e c34d c34d bb2d bb4d c38f bb6e b32d c38f cbcf c3ce d430 cc30 d470 cc70 d4d1 d4d1 d4f2 d512 dd12 ccf1 d532 dd74 d532 ccf2 d533 dd94 dd53 d532 cd33 ddb5 ddd4 dd94 ddb4 ddb5 e5d5 ddb4 dd94 ddb4 e5f5 ddf5 e5f5 ddd4 ddf5 ddf5 ddf5 ddf5 ddf5 ddf6 de16 de16 e616 dd94 c430 a2ac a22a a20a aa2a aa4a b24a b24a b24a b24a ba6a ba8a c28b ba6a ba8b ba6b ba6b ba6b b26b b26b b24b b24b b24a b26b b24a aa2a aa09 b22a b24a ba6b caab cacb db4c db6d e3ad dbad e3cd e3cd e3cd e3cd dbcd e3cd dbce dbad dbae db8d d36d d34d d36d d36d d34d d34d d32c d34d d36d db8d dbad dbcd dbcd db8d db8c db6c db8c db8c db8c db8c db8c db8c dbac dbac db8c db8c db6c db6c db8c db6c db8c db6c d38c db8c db8c db8c db8c db8d db8c db8c db8c dbac db8c dbad dbad dbad dbad dbad dbee dbed e3ed ec8e fd70 fd50 d3ed 91e8 58a6 5087 58a7 5087 50a7 50a7 50a7 58a7 58a7 58c8 60a7 60a7 60a7 60a7 60c8 60e8 60c7 60c7 58a8 5887 58a8 60e8 60e8 60e8 60e8 60e8 58c8 58c8 58a7 58a7 58a7 58c7 6908 6949 6969 60e8 5087 4025 4026 4887 
ecaf ecae f48e ec6d ec2d ec0c e3cb db6b d30b caaa aa09 9988 9148 9148 9988 aa09 ba69 caca d32b db8b e3cc e40d ec4e ec6d ec8e ec8e ec6e ec6e ec6d ec4d ec4d ec4d ec4d e40c e3cc e38b db4b d2ea c289 b208 9967 9148 8947 9168 91a9 99a9 99c9 99c9 a1ea a1ea aa2a aa2a a20a a22b aa6c a20a aa2a aa09 a9e9 aa0a aa2a aa2a a9e9 aa09 aa2a b22a b24a ba6a ba6a ba6a ba8b ba8b ba8a c28b c28a c28b c28b c26a c2aa c28a cacb c2aa c2aa c28a caab cacb caaa caab cacb cacb d2cb caaa caaa caaa caaa d30c e38d c2aa ba8a ba6a ba8b baab baab ba8b baab ba6b ba8b c2cc bacc b2ab baec baec c2ec c30d c2ec baec c34d c34d bb2d bb2d bb2d c36e bb2d cb8e cb8e cb8e c34e bb0d bb2d c38e c3af c38f c3ae c3cf c3cf cbf0 c3f0 c3ef cc70 cc70 cc91 d4d2 d4d1 d4b1 d4f2 d512 d532 d532 d553 dd73 dd73 d532 d533 dd94 ddb4 ddb4 dd94 dd94 e5f5 e5d5 dd94 ddb4 e5d4 ddd4 e5d5 ddd5 ddd5 ddf5 ddf5 ddf5 ddb4 ddd5 ddf6 de17 e616 de16 e616 e616 ddb5 c451 a2ab 9a09 a209 a209 aa09 aa0a b22a b24a b26a ba6a ba8a ba6a ba8a ba6a b26a b26b b24b b24b b24b b26b b26b b24a b24b b22a aa0a b22a b24a ba6b c2ab d2ec d34c db8d dbad e3cd e3ed e3ed e3cd e3cd e3cd e3ad e3ce dbad dbad db8d db6c d34c d32c cb2c cb2c d32c d32c d32c d34c d36c db8d dbad dbad db8d dbac db8c db8c db6c db6c e38c db8c db8d e3ad db8c db8c db8c db8c db8c db8c db6b db6c db6c db8c db8c db8d db8c db8c db8c db8c db8c dbac db8c dbac dbad dbcd dbcd dbad dbcd dbed e3ed e3ed ec2d ec4d cb6c 89a8 68c7 5887 50a8 58a8 50a7 5087 5087 58a7 58a7 58c8 58a7 60c7 60c7 60a7 60c8 60e8 60c7 60c8 60a7 5887 5887 58a7 6109 6108 60c8 60c8 60c8 58a8 58a8 58a7 60e8 58c7 6908 7149 716a 6109 58a8 4866 4026 5066 718b 
ecaf ecaf ec8e ec4d ec0d e3ec e38b db2a caca ba49 a1c8 9968 9148 9168 99a8 aa09 ba6a cacb db2b db6b e3ec ec2c ec6d ec8d ec8e ec8e ec8e ec6e ec6d ec6d ec4d ec4d ec2d ec0d e3cc e38b db4b d2eb c2aa aa09 9988 9148 8948 8948 9188 99c9 99c9 a1c9 aa09 a1e9 a209 aa0a aa0a a20a aa2a aa0a aa2a aa0a a9e9 aa2a aa0a aa0a aa09 b22a b22a b22a b24a b24a b26a b26a ba8b ba8b ba6a c28a c28b ba8a ba8a c28a c28a c2aa caab caab caaa caaa caaa caaa caaa cacb cacb caab d2cb caab caab caab c2eb ec30 db6d ba69 ba6a ba8a c2ab c28a ba8a ba6a ba6a ba6a ba8b ba8b baab bacc c30d c30d c30d bb0c baeb cb4d c32d b2cb bb0c c34d c36e c36e c34e c36e cb6e bb2d bb2d c36e c38f c38e c36d cbaf c36e c3af c3cf bbaf c3f0 cc31 c410 cc51 d491 cc70 cc90 d4d2 d4d1 ccb1 ccf2 dd53 d553 dd53 d553 dd73 dd93 dd73 dd94 ddb4 ddd4 ddd4 d593 dd94 ddd5 e5d5 ddb4 ddd5 e5f5 ddf5 e5f5 ddd4 ddb4 ddd5 ddf5 e5f6 ddf5 ddf6 ddf6 e616 e616 e615 e615 e5b5 cc92 9acc 9a6b a24a 99e9 a1e9 a209 aa2a aa2a b24a ba6b b24a b26a ba6b b26b b24b b24a b24a b24b b22a ba6b b24b b24a b22b aa0a b20a b22a c26b c2ab d2ec d34d db8d dbad e3cd e3ed e3cd e3ee e3ee e3ee e3ee e3cd dbad dbcd dbac d36c d32c d32c cb0c cb0c cb0c caeb cb0b d30c d32c db6d dbad e3cd dbcd dbac db8c e38c e36c db6c e38c e38c e3ac e3ac dbac db8c db6c db6c db8c db8c db6c db6c db8c db8c db8c db8d db8d db8c db8c db8d db8d e3cd db8c dbac dbad dbac dbac dbac dbcd e3cd e3ee e40d e3ed c30b 91a8 68c7 58a7 58c8 58a7 5067 5887 5087 5087 58a7 58a7 60c8 60e8 6908 60c7 60c7 60c7 60a7 6087 58a7 5887 5867 5887 60c8 6108 60e8 60e8 58e8 58e8 50c8 58c8 58c8 60e8 60e8 7149 7149 6929 58a7 4846 4046 4886 79a9 b32f 
f48e ec8e ec4e ec2d e40d e3cc db8b d30a c28a a9e8 9988 9168 9168 9168 99a9 a9e9 ba8a cacb d32b db8b e3ed ec2d ec6d ec6d ec8e e46d ec6e ec6e ec6e ec4d ec4d ec4d ec2d ebec e3cc e38b db4b d2ea c26a b1e9 9968 9148 8948 9168 9188 99a9 a1ca a1c9 a20a a20a aa2a aa0a aa0a aa2a aa2a aa0a aa2a aa2a aa29 aa2a aa0a aa0a aa09 aa2a aa29 b22a b22a ba4a ba6a b24a ba8a ba8a ba6a c28a c28a c26a c28a c2ab c2aa caab caab c28b c2aa c28a c28a caab cacb cacb cacb cacb caca d2ca caaa caea d3ab fcd0 cb0a c289 ba8a ba8b ba6a ba8a ba6a ba4a ba6a ba8b baab c2ab c2ab baab c2ec c30c c2ec baab c32d c30c c30c baec bb2d bb2d c34e c32d c34d cb8e c36e c38e c36d cbae cb8f c36e c38e c36e c38e c3af bb8e cbf0 cc10 c3cf cc2f cc2f cc50 cc91 cc91 c470 ccd2 d513 d533 d533 d532 dd54 dd74 d553 d574 dd94 ddb4 ddb4 ddb4 ddb4 ddd4 ddd4 ddb4 ddb4 e5f5 e5f5 e615 ddb4 ddd5 ddf5 ddf5 ddb4 ddd5 ddd5 ddf5 ddd5 ddb5 d594 d595 d5d6 de37 de58 de38 c556 bd15 bc93 ab4e 9a0a 99e9 a1e9 aa2a b24a b26b b26b b26b b24a b24a b24a b24a b22a b22a b22a b24b b24b aa2a aa0a aa0a aa0a b26b ba8b c2ab d30c d36d dbae e3ce e3ee e3ed e3ed e40d e40d e40e e3ee e3cd dbcd dbcd dbad db6c d32c cb0c caec c2cb c2cb c2ab c2cb caec d30c d36c db8c dbcd e3cd dbad db8c e38c db6c db8c e38c e38c e3ac e3cc e3ac dbac db6c db6c db6c db8c db6c db6c db8c db8c db8c dbac dbac db8c db8c dbad dbad dbad dbac dbac dbac dbcd dbcd e3ed e3cd e3cd ebee e3ed cb4c 99e9 68c7 58a7 50a7 5087 5087 5087 58a7 5066 5066 58a7 58c8 60c8 60e8 60e7 60c7 60c7 60c7 60a7 5887 5888 5887 5867 60a8 60c8 60e8 60e8 58c8 58a8 50a8 58c8 58c8 60e8 6909 6929 6949 6949 58c7 5066 4846 5066 7169 aacc d3ef 
f46e ec6e ec4d ec2d ebec e3ac db4a caaa b229 a188 99a9 91a9 9188 9168 99a9 aa09 ba6a caea d34b db8b e3ec ec2c ec6d ec6d ec6d ec6d ec8e ec6e ec6e ec6e ec2d ec4d ec2d ec0c e3ec e3ac db2b d2ea c26a a9e9 9988 9148 8948 9168 9188 9988 99a9 a1c9 a9e9 a1e9 aa2a a20a aa0a a9ea aa0a aa0a aa0a aa2a aa2a aa09 aa2a aa0a aa09 b22a aa29 b24a b249 b26a b26a b26a ba6a c28a c28a c2ab c2ab c28a c28a c28a c2ab cacb c28a c2ab c2ab c2cb c2aa cacb caab caab caab caab cacb d2cb d2cb d2cb e3cd db6c c289 c28a c28a ba6a ba49 ba4a b249 ba6a ba8b ba8b c2cc baab baac baab c2cc bacb bb0c c32c cb2c c2ec c2ec c30c c34d c36e c32d c32d c32c c32d cb6e cb8e c36e c36e cb6e bb4e bb6e c3af bb2d c34e cbcf cbef cbcf cbef c3ef cc0f d471 c42f c470 dd13 dd12 d4d1 d512 dd53 dd53 dd53 d554 dd94 dd94 d573 d553 dd94 ddd4 ddb4 dd93 dd73 ddd5 ddd5 ddd5 ddd5 ddd5 ddf5 e5f4 ddd4 ddd4 d5b5 d5d5 ddd5 d594 cd74 d5b6 d5f7 de38 de79 e699 eeb9 eed9 eed9 eef9 e6b9 ddd6 ab8e 91e9 a1c9 a9e9 aa2a b24b b24b b26b b24a b24a b24a aa2a aa2a b22a b24b b22a b22a aa2a aa2b aa0b b20b b24b ba8b c2ac d30d db6d db8d e3cd e3cd e3ed e3ed e3ee e40e e3ed e3ed e3cd e3cd e3ce dbad db6c d32c caeb caab c28b ba8b c28b c28b cacb d30c d34c db8d db8d e3ce e3ad e3ad db8c e38c db8c db8c db8c e3ad e3cd db8c db8c db8c db8c db8c db8c db8c db8c db6c db8c db8c db8c db8c db8c db8c dbac dbad db8c db8c dbac dbac dbad e3cd e3cd e3ed e40d ec0e db8d b26a 7928 6087 5087 50a8 50a7 5087 58a7 5087 5067 5887 60c8 60c8 60c8 60c8 60e8 60e8 60c7 68c8 6087 5887 5888 58a8 60c8 60e8 60e8 60e8 58c8 58a8 58a8 58a8 58c8 58c8 60e8 6109 718a 6949 58c8 4867 4866 4866 6928 9a8c cbae e450 
ec4f ec2e ec2d ebed e3ac db6b d2ea c269 a9c8 9968 9988 99a8 99a9 9988 9988 a9e9 c28a caeb db2b e38c e3ec ec2d ec4d ec6d ec8e f48e ec8d ec8e ec6e ec6d ec4c ec4c ec2c ec0c e3ec e38b db4b d2ea c289 b209 a1a8 9148 9148 9169 9189 99c9 99a9 a1a9 aa0a aa2b b24b aa0a aa0a aa0a aa0a aa2a a9e9 aa2a aa2a aa0a aa2a aa2a aa29 aa0a b22a b22a b229 ba6a ba6a ba6b ba8a baab c2cb c28a c28a c26a ba8a c28a c2ab c28a caab caab caab c28b caab caab caab cacb caab caab caab d2aa d2ca d30b ebcd c2a9 c28a c28b ba4a ba4a ba2a b22a ba6a b26a baab baac baab baab ba8b baab ba8a c2cb c30c c2ec cb0d baac baec c32d c32d c30d c34d bb0d c32d c34d cb6e c34d c34d c36e c34e c34e cbaf c3af c38e c3af c3cf cbcf cbef cbce cc0f c40f cc50 ccb2 d4b1 d4b2 d4d2 dd53 dd53 dd53 d554 dd95 ddb4 dd94 d532 dd73 ddb4 ddb3 d552 dd93 ddb4 ddd5 e5d5 dd74 ddb5 ddd5 e5f5 ddb4 dd94 ddb4 ddd4 d594 cd74 d5b6 d5f7 de38 e678 e678 ee98 ee99 ee99 ee98 f6b9 f6f9 f6fa f71a f6f9 ddb5 a2ec 91c9 99a9 a1c9 aa2a aa4a aa4a b26b aa4a aa2a aa2a aa0a aa2a aa2a b24a aa2a aa2a aa2a a20a b24b b24b b26b c2ac d30d db6d db8d e3ad e3ad e3ed e40e e40d e40d e3ee e3ed e3cd e3ed e3ee dbae db8d db4c d2ec ca8b c26a b229 b24a ba6a ba6a cacb d2ec db4d db6c dbad dbcd dbad e3ad e3ad db8c e38c e38c e3ac e3ac e3ac db8c db8c db6c db8c db8c db8c db8c db8c db8c db8c db8d db6c db8c db8c db8c dbac e3ac e3ad dbad dbad e3cd e3cd e3ed e3ed ec0e dbad baab 8148 60c7 50a7 5087 58a8 58a8 5067 5087 58c8 5087 5887 58a7 60a7 60c8 60c8 60c8 60c7 60a7 5887 5887 5887 58a7 60c7 6108 60e8 60e8 58e8 58e8 50c8 58c8 58c8 58c8 60e8 6129 696a 71ab 692a 58a8 5067 5087 6128 8a2b bb6e d42f e48f 
e44d ec4d e40c e3cc db6b db0b caaa ba29 a1a8 9168 99a9 9989 99a9 9989 9988 aa0a ba89 cb0a d34b dbac e3ec e40d ec4d ec6d e46d ec6d ec8d ec6d ec8e ec6d ec6d ec4d e42c e40c e3eb e38b db4b d2ca c26a b209 99a8 8968 8948 9168 9989 9989 a1c9 a1e9 a1e9 a209 a209 a9e9 a9e9 a9e9 aa2a b22a a9e9 a9e9 aa09 aa0a b22a b20a b20a b22a aa29 b249 b249 b26a ba6a ba6a ba8a ba6a c28b ba6a c28a c28a c28b c28b c2ab caab caab c2aa c2cb caeb c2cb cacb cacb caab c28b ca8a d2cb d2cb d2eb db2c d30b caaa ba69 b269 b26a ba6a b229 ba4a ba6b ba6b ba8b baab baab ba8a baab ba8b c2cc cb0c baeb baeb bb0c baeb c32c baec c34d c34d baec baec bb0c c34e c32d c32e cb6e c36d c38d bb6d bb4c c36d c36d cb8e d3ef c38e c3af cbef cbf0 cc10 d472 cc31 cc71 dcf2 d532 d511 d532 dd94 ddb4 dd93 dd52 dd73 dd73 dd73 dd53 dd73 dd94 e5b4 e5b4 e5b4 d593 ddb4 ddf4 ddd4 d593 dd94 dd94 dd94 cd54 d595 de17 e658 e658 ee79 ee78 eeb9 e678 e697 e698 ee98 ee98 eeb9 f6fa f71a f719 f697 cc91 9209 9188 9989 a1ea aa2a aa29 aa49 aa29 aa29 aa2a aa0a aa2a b24b a9ea aa0a aa2b a20a aa0b aa2b b24c ba8c baab cb0b d34c db8c e3ad e3cd ebed e3ed e3ed e3ed e3ee e3ed e3cd e3cd e3ee e3cd db6c d32b caeb c2aa ba4a aa09 aa0a aa0a aa0a ba6b caeb d30c d34d db6d e3ce e3cd dbac dbac db8c db8c db8c db6b e38b e3ac db6c db6c db6c db6c db6c e38c e38d e38d db8c db8c dbac db8c db8c db8c e3ad e38c db6c e38c e3ad e3ad e3ad e3cd e3ee ec0e dbac c30b 91e9 60a6 58a7 58a8 50a7 58a8 5067 5066 58a7 58a7 58a7 60a8 60e8 60e8 58a7 60c7 60c7 60c7 60c7 58a8 5887 5887 5887 60a7 6908 68e8 58a8 58a8 58c9 58c8 5087 50a7 58e7 6128 696a 79cc 79cb 6929 5087 5086 6108 8a2b b32e cbcf dc4f ec8f 
ec2d ec2d e3cc e3ac db2b caca ba69 a9c8 9188 9188 9188 9988 9989 9989 99a8 aa2a ba6a caeb db4b e38c e3cc ec0c ec4d ec6d ec8d ec8d ec8d ec8d ec8d ec8d ec6d ec4d ec4d e40c e3ec db6b db2b d2ca c269 b1c9 9988 9168 9148 8948 9989 99a9 a1c9 a1c9 a1e9 a9ea a9e9 aa0a b24b aa09 a9e9 aa2a aa2a aa2a aa2a aa2a aa09 aa2a aa0a aa2a b24a b24a b24a b26a b26a ba6a ba6a ba6a c28a c28a ba8a c28a c2ab c28b c2aa cacb caab caab c2cb c2ab c2cb caab c28b c28a caab caaa cacb d2cb d30b d30b caaa ba69 ba6a ba4a ba4a ba6a ba6a ba6b baab baab bacb c2ec baab ba8a baab c2ed c2ec baab c2ec bacc baab bacc bacc c30d bb0c c30d c30d baec c32d bb2d c36e c32d bb0c c34d c34d c32d cb8e c34d c36d cbcf cbae c36d cbae cbae d40f d450 cc30 cc51 d4b1 d4b1 d4f2 d533 e594 dd53 d512 dd33 dd94 dd94 dd53 d533 dd94 ddb4 dd94 d573 d594 ddb4 e5d4 ddb4 d573 dd53 d553 d554 cd74 ddd6 de37 e658 e698 e678 ee78 e658 e657 ee78 e698 e678 e677 ee98 eeb8 ee98 eed9 f6f9 f719 f6d9 e5d6 ab6e 89a9 91a9 99c9 a1e9 aa0a aa2a aa2a aa4a aa0a aa2a aa0a aa0a aa2a aa0a aa2a aa0a a1ea aa0a b24b ba6b ba8b cb0c d34c db8c e3ad e3ad e3ed e3ed e3ed e3ed e3ed e3ed e3ed e3ee e3ee dbad db8d db6d cb0b c2ab b229 a1c9 99a9 99a9 a1c9 b22a ba6a d2ec d34c db6d e38d e3ad e3ad e3ad db8c db6c db6c db6c e38c e38c db8c db8c db6c db8c db8c db6c db8c db6c db8c db8d db8c db8d db8c dbac dbad dbad dbad dbad dbad e3ad e3ad e3cd ec0e e3cd d32c a1e9 68c7 5887 58a8 5087 5087 5887 5887 5887 58a7 58a7 60c8 60c8 60e8 60e8 60c7 60c7 60e8 60c7 58a7 58a7 5887 5887 60c8 6908 68e8 68e8 58a8 58a8 58c8 58a8 5087 60c8 60e8 6949 71ab 79ab 718a 6109 58a7 68e8 8a0a ab2e cbcf d40f dc4f e48f 
ec2d e3ed e3cc db6c d30b c28a b209 a1a8 9968 9168 99a9 99a9 9188 99a9 99a8 aa09 ba8a caeb d32b e38c e3ec e40c ec2c ec6d ec8d ec8d ec8d ec8d ec6d ec6d ec6e ec4d ec0d ebed e3ac e36b db2b d2aa c249 b209 9988 9148 8948 8948 9989 99a9 a1c9 a9ea a9ea a9e9 a9e9 aa0a b24b aa0a aa0a aa0a a209 aa2a aa2a aa2a aa09 aa0a aa2a aa2a b24a b229 b24a ba6a ba8b ba6a baab ba8a ba8a ba8a c28a ba6a c28a c2aa c2aa caab caaa caab c2cb caab cacb cacb caaa cacb cacb caaa d2eb d2eb d30b caaa c28a ba4a ba49 ba6a ba6a ba6a ba8a c28b c2cc baac baac c2cc baab baab c2cb c2cb c2cb baab c2ec baec baab bacb c2ec baab b2cb baec bb2c c32d c32d cb6e c38e c32d c36e c32d c36d c34e c32d c36e c38e c38e cb8e c36d c36d cbae cbef c3ae d470 d470 d470 d4b1 d4d1 dd12 dd53 dd53 dd73 e594 dd73 dd53 d574 ddb5 e5b5 dd53 d573 dd94 e5b4 dd93 d532 d512 d513 cd13 d595 ddf7 de37 e658 e678 ee98 e678 e657 e657 e677 e677 e657 e677 e677 e657 e657 ee98 ee98 ee98 f6d9 f6fa f6f9 eed9 d595 9acc 89a9 99a9 99c9 a1e9 aa0a aa09 aa0a aa0a aa0a aa0a aa0a a20a aa0a aa0a a9ea a1ca a20a b24b ba6b c2ab caec db4d db6d e3ad e3cd e3ed e3ed e3ed e3ed e3ed e3ed e3cd e3ce e3ee dbad dbad db6d d32c c2ab b24a 99a9 9168 9169 9169 a1a9 b24a c2cb cb2d d34d d36d db8d e3ad e38d e3ad db6c e38c e38c e3ac e3ac db8c e38c db6c db8c db6c db8c db6c db8c db6c db6c db8d e3ad db8c db8c db8c db8c e3ad e3ad e3ad e3ad e3ce ebee e3ee d38d b28b 7927 60a7 5087 5067 5067 5046 5867 5887 5887 5887 60a7 60c8 60c8 60e8 60e8 60c8 60c7 60a7 58a7 5087 5887 5887 60a7 60c8 68e8 60c7 58a7 5087 58c8 58a7 58a8 58c8 60e8 692a 694a 716a 716a 6949 60e8 6928 89eb aaed c3af cbee d40e dc2e dc4f 
e3cc e3cc e38c db4b caca b229 a1c9 9968 9188 99a9 99a9 99a9 9988 99a8 a1c9 aa09 ba6a caca db4b db8b e3cc ec0d ec4d ec6d ec6d ec8e ec6d ec8e ec6d ec6d ec6e ec4d ec0d ebec e3ab e36b db2b caca ba69 b24a 99a9 9168 8948 9168 99a9 99a9 a1c9 a1e9 a209 a9e9 aa09 aa0a aa0a a9e9 aa09 aa0a a209 aa4a b26b aa2a aa2a aa2a aa2a aa0a b22a b20a b22a ba6b ba6b ba6a ba8a c2aa ba8a c28b c28a c28b c28a c2ab c28a caab caaa caab caab caab caaa cacb caca caca cacb cacb caca d2eb d2cb c269 ba4a ba6a ba29 c26a ba4a ba4a ba6a ba8b c2cc baac bacc baab c2ec c2ec bacb baab c2cc c2cc baec baec b2ab baec b2ab c2ed c30c bb0c c32d c32d c34d cb4d cb6d cb8e c34d cb4d d38e bb0c c36d c36e bb4d cbaf cb8e c34d cbae cbcf c3ae d410 d471 cc30 cc91 d4f2 d4d2 d4f2 dd53 dd94 dd53 dd53 dd74 dd94 e5d5 e5b5 dd94 dd94 dd93 dd72 d512 d513 ccf3 cd14 d576 ddd7 e638 e678 e677 e677 ee77 e677 e657 e657 e657 e658 e678 e657 e657 ee78 e657 e637 e657 ee77 ee98 eeb9 eeda eef9 f6f9 f698 c492 8a2a 89a8 91a9 99c9 a1e9 a1e9 a1e9 aa2a aa0a aa0a aa0a aa0a aa0a aa0a aa0a a9ea aa0a b22a ba6b c28b d2ec d32c db4d e3ad e3cd e40d e40d e3ed e3cd e3ed e3cd e3ed e3ed e3cd dbad db8d db6c d30c c2cb b22a 99a9 8127 80e7 8107 9168 aa0a ba8b caec d32d d34d db6d dbad e3ac dbad e3ad db6c e38c e3ad e3ad e38c db8c db6c db8c e38c db6c db6c db6c db8c db8c e38c db6c db8c db8c db8d e3ad e3ad e3ad e3cd e3cd e3ed ebed e3ad c2cb 8989 60a6 5886 5087 5087 5046 5066 5887 5887 58a7 60e8 60c8 60e8 68e8 60c8 60a7 60e8 60c7 60c8 58a7 5087 58a7 60a7 60c8 68e8 60c8 58c8 58a7 5087 58a7 58c8 60e8 60c8 6109 696a 71ab 718b 6949 6109 7169 8a0b a2cd bb8e cbef cbee d40f d40e d42f 
ebac e3ac e34b caca c269 a9a8 9968 9988 a1a9 a1a9 99c9 a1c9 99a9 9988 a1c9 a9e9 c26a caca db4b db8c e3cc ec0d ec4d ec6d ec8d ec8d ec8d ec8e ec6d ec6d ec6d ec4d ec4d e3ec e3cc db8b db2b caca c28a b209 99a8 9189 9188 9188 91a9 a1c9 a1c9 a1c9 a1c9 a1c9 aa09 aa0a a9e9 b22a aa09 aa09 aa2a b24a b24a aa2a aa0a aa0a aa0a aa0a aa2a b24a b24a b24a b26a ba6a ba6a c28a c28a c26a c28a ca8a c26a ca8a c28a c2ab cacb caaa caaa caaa caab cacb cacb caeb cacb cacb caeb caeb ba8a b24a b22a b22a ba4a ba6a ba6a ba8a c2ab c2ab ba8b ba6b baab c2ec c2cc bacb bacb bacc bacb bacb baab bacc baab baab baec bb0c c32c c32d cb4d c34d bb2c cb6e d3ae c34d cb6d cb8e c34d cb8e c36d c34d cbae cbae c36e cbaf cb8e cb8e d40f d450 cc0f d430 dc91 d470 dcd1 dd12 e553 d512 d4f2 e573 e553 dd52 dd53 ddb4 ddd4 dd73 ccd1 cc91 ccd2 cd14 d596 de18 e658 e678 ee98 e657 ee57 e636 e636 e636 e657 e657 e677 e657 e657 e637 e656 e657 ee77 ee77 e636 e636 ee78 ee98 eeb9 eef9 eed9 f6d9 e637 b430 91e9 9168 9988 99a9 a1c9 a1e9 a20a aa0a a20a a20a aa4b a20a a20a a1ea a1c9 a9ea b22a ba6b c28b d2ec d32c db6d dbad e3ee e3ed e3ed e3cd e3cd e3ed e3cd e3ed e3cd e3ee dbce db8d db4d d32c caec b24a 99a9 78e7 70c7 70c7 8108 99a9 b26b c2ab d30c d32d db6d dbad e3ad e3ad db8c e38c db6c db6c e38c e3ad db8c db6c db6c db8d e38d db6c db8c db6d db8d e38c e38c db6c db8c db6c e38c e38c e38d e3ad ebcd ec0e e3ee cb2c 99e9 6086 5887 5046 5067 5067 5066 5867 5867 6087 60a8 60c8 60c8 68e8 68e8 60e8 60c8 60e8 60c8 5887 5067 5887 60c8 60c8 68e8 60e8 58a7 58a7 58a8 58a7 58c7 6129 698b 696a 694a 696a 79ec 694a 692a 716a 8a0b aaed bb6e cbef d40f cbee cbce cbee d40e 
e38b e36b d2ea c289 b209 a1a8 9968 9989 99c9 99c9 a1c9 a1c9 9988 9988 a1c9 aa2a ba8a caeb d34b dbac e3ec ec2d ec4d ec6e ec6d ec6d ec6d ec6d ec4d ec6d ec8e ec4d e42d e3ec e3ac db6b db2b d2ca c26a b209 a1a9 9168 9148 9168 9988 99a9 a1c9 a1ca a1e9 a9ea a9e9 a9ea a9e9 aa0a aa2a aa2a aa2a aa4a aa2a aa2a b22a aa0a aa2a aa2a aa29 b24a b24a b24a ba6a ba4a ba6a ba6a c28a ba8a c28a c28a c26a c2ab c2ab c2cb caaa caaa caaa cacb caaa cacb cacb cacb caeb d2eb caaa c28a ba6a ba6a ba4a b24a b24a ba6a ba8a ba8b ba6a ba8b ba8a baab c2eb c2cb baab baab baab c2ec bacb baab baab baac ba8b baab c2ec c30c c30c c32d c30c c32d c34d cb8e cb6d cb6d c32d cb4d cb6d cb6d c34d d3af cb8e cb8e cb8e cbae c3ae d3ef d3ef d3ef d450 cc2f d470 d4b1 dcf1 d4d1 d4f1 dd32 dd53 dd53 d512 dd53 dd93 dd73 d512 d4f3 c471 ccb2 d575 ddd6 e658 e658 ee98 e678 ee98 e657 e637 e637 de16 e637 e657 e657 e637 e657 e637 e637 e637 e637 e657 ee77 e677 e637 e657 ee77 e677 eeb8 eed9 eef9 eeb8 e5f6 ab6e 89c9 8968 9989 9988 a1c9 a1ea a20a a22a a22a a20a a20a a20b a1ea a1ea aa0a aa2a ba6b c2ab d2eb d32c db6d e3ae e3ce e3ee e3ed e3ed e3cd e3ed e3ed e3ed dbcd dbee dbce dbae d36d d32c c2ec b26b 99c9 8108 70a7 6886 78c7 9148 a9ea ba8b c2cb d30c d34d db8d dbcd dbad e3cd e3ad db8c db6c e38c e38c e38d db8c db6c db6c e38c e38c db6c db6c db8c db8c e38c db6c db6c e36c e36c e38c e3ad e3cd ebcd ebcd db8d aa4a 7907 5887 5067 5067 5888 5887 5867 5887 58a7 60a7 6908 68e8 60c8 68e8 60c8 60e8 60c8 60c8 58c8 50a7 5087 58c8 6109 6908 60c8 58a7 5887 5087 5087 58a7 58c8 6149 614a 696a 696a 698b 79ab 716a 796a 8a2c a2ee b34e c3cf cc0f d40f cbce cbae cbad d3ae 
e34b db2b caca ba29 a1c8 9988 9988 99a9 a1c9 a1a9 a1c8 a1a8 99a8 a1a8 a1a8 aa09 ba8a caeb d34c db8c e3cc ec0d ec2d ec6e ec8d ec8d ec6d ec4d ec6d ec8e ec6d ec6d ec2d e3ec e3ab e38b d30a d2ca c269 b209 9988 9168 8948 9168 99a9 99c9 a1ca a1c9 a1e9 aa0a a9ea a9ca aa2a aa0a aa4a aa2a aa2a b24a aa2a aa2a aa2a aa2a aa2a aa09 aa29 b24a b26a ba4a ba4a ba4a ba6a ba8a c2ab c28a c28b c28b c28a c28b c2cb cacb cacb cacb caab caab cacb caaa c2aa cacb d30c caeb ba6a ba4a ba4a b249 b24a ba4a b26a ba6a ba8b ba8b ba8b ba8b c2cb baab baab baab ba8b b28b bacb bacb b28b bacc b28b bacc bacc bacb c30c c32c c32c c30c bb0c cb6e c36d cb6d cb4d c32d c34d cb8e cb6e cb6d cbae cb8e cb6d cb8e cb8e d3ce d3ef cbcf cbae d3cf d40f cbef d470 d470 cc50 d4d2 dd33 dd53 dd12 dcf2 dd53 e594 dd12 cc70 c451 cc92 cd14 e5d6 e617 e637 e678 ee78 ee78 e657 e637 e636 e637 e657 e637 de16 e637 e657 e637 e637 e658 e637 e637 e657 e657 e636 e657 e657 e657 e678 e678 e698 eed9 eef9 eed8 eeb8 dd95 9aec 89a8 9168 9189 99a9 99c9 a1e9 a1e9 a20a a20a a20a a20a a1ea a20a aa0a aa0a ba4a c28b caeb d34c db6d dbad e3ce e3ee e3ee e3ee e3ee ebed e3cd e3cd e3cd e3cd dbae dbae d36d d32c c2ec b28b a1ea 8128 70a7 6066 6887 80e7 99a9 b22a c28b caec d32c db6d dbad dbad e3ad e3ac db8c db8c e38c e38c e38d db6d db8d db6c db6d db8d e38e db8d db8d db8d db8d db8c db8c dbad e3ad e3ad e3ad e3cd ebee e38d c2cb 8127 60a6 58c8 58e8 5929 50c8 5087 5887 5887 60c8 6908 6908 60c7 60e8 60e8 60e8 60c8 60c8 58a8 58a8 58a8 5887 60e8 6908 68e8 60c8 58c8 58a7 58a8 58a8 58c8 6109 6109 6109 694a 718b 718b 79ab 79ab 89eb a2cd b34e c3cf cbef cc0f d40f cbae c38d c38d cbee 
e32b daeb c28a b1e8 9988 9988 9988 a1a9 a1e9 99c8 a1c9 99a8 a1a8 a1a8 99a8 aa09 ba6a caca d32b db8c e3cc e3ec ec2d ec4e ec6e ec6e ec8e ec6d ec6e ec4d ec4d ec4d ec2d ec0c e3cc e36b db0a d2ca c26a b209 a1a8 9148 8948 9168 99a9 99c9 99c9 a1ea aa0a aa0a a9ea a9ea aa2a aa0a b22a aa09 aa0a b22a aa2a aa09 aa0a aa09 aa2a aa0a b24a b24a b24a ba4a ba6a ba6a ba6a ba6a c28a c2aa c2aa c28a c28a caab c2aa caca cacb caab caab ca8b cacb caab caca caeb d30b c2aa ba4a ba6a b249 b249 ba6a ba8a ba6b ba6b ba6b c28b ba8b baab c2ec baab ba8b c2cc baab baab bacb baab aa6a aa6b bacc c2ec c30c baeb c32d c32d baec baec c34d c36d cb8d cb6d c36d cbae cb8e c36d d38d d36e cb6d d3af d3cf cbae cbae d3ae cbce cbce d3ef cbce d3ee d42f d471 cc51 d4d2 e533 dd13 dcf2 dd33 dd12 d512 d4f2 cc50 c451 ccf4 d5b6 ddf6 e616 e657 e637 e636 ee57 e617 de17 e638 de37 e657 e637 e637 e616 e636 e657 e657 e657 e637 e637 e617 e617 e637 e637 e657 e678 ee98 e678 e699 eeb9 eefa ef1a f71a eed9 e698 c4d2 924a 8968 9188 9188 91a9 99a9 99c9 99c9 99ea 99ea 99ea a1ea 99c9 a1ea aa2b b26b c2ab d2ec d32c db6d db8d e3ce e3ee e3ee e40e e3ee e3ed e3ed e3ed e3ed e3ee e3ee e3cf db8e d36e cb0d ba8b a20a 8148 6086 5866 6087 70a7 9169 a1ea b24a c2ab d2ec db4d e38d e38d e3ad e3ad db8c db8c db8c e38d db8c db8c db8c db8c db8c db8c db8d db6d e38d e38d e38d e38c e38d dbad e3ad e3cd ebcd ec0e e3ce caeb 99a8 60a6 58a8 5929 698b 6109 60e9 58a8 5887 58a7 60c8 60e8 60c8 60c7 60c8 60e7 60e8 60c8 58a7 58a8 58a8 5887 60c8 68e8 68e8 60c7 58a7 58c8 58a8 58c8 58c8 58c8 6109 6109 694a 698b 71ab 718b 798b 8a2c 9a8d b34e bbaf cbef cbef cc0e d40f c3ae bb6d c3ae d42f 
d2c9 caa9 b249 a1c8 9988 99a9 a1a9 a1c9 a1e9 99a8 a1c9 99c9 a1a9 a1a9 a1a9 a9e9 ba69 caea d32a dbac e3cc e40d ec4d ec6e ec4d ec6d ec8e ec6e ec4d ec4d f46e ec4d e42c e40b e3eb db8a db2b caaa c269 b209 99a8 9168 8948 9189 99a9 99ca a1ca aa0a a1e9 a209 aa09 a1e9 aa09 a9e9 aa2a aa09 a9e9 a9e9 aa0a aa0a aa0a aa0a b22a b22a b249 aa29 b229 b24a ba6a ba8a ba8a ba8a c28a c28a c2aa c28a ca8a caab c28a caab c28a c2ca caeb c2ca c2ca cacb cacb caeb c28a ba49 ba4a ba4a ba4a c24a ba6b c28b b26a ba8a ba8a ba8a baab c2cc baab c2cb c2ab ba8b baab ba8b baac b26b aa6b b2ac b2ab baeb bb2c c32c c32c baec c34d c32d c32d cb8e cb8e cb8d cb8e cbae cb8e cbae cbad c36d cbce cbce cbae d3ae cb8e cb8e cb6d cb8e cb8e d3af d3cf cbcf d470 dcd2 dcd1 d4d0 d511 dd52 dd12 d491 cc50 cc30 bc51 d555 e617 e637 e637 e616 e616 ee36 ddf5 de15 de37 e657 e678 ee78 e657 e637 de16 e616 ddf5 e616 e616 e616 e617 e617 de16 de37 de77 e698 e698 e678 eeb9 e698 ee98 ee98 eed9 eeda eefa eeda eed9 ee57 b3cf 81a7 8187 8988 8988 9189 91c9 99c9 91a9 99a9 99ea 99c9 a1ea aa0a aa2b ba6b baaa caeb d34c db8d e3ad e3ce e3ee ec0e e3cd e3cd e3ed e3cd e3ed e3ee e3ee e3ce db8d d36d d36d cb0c baac a20a 8128 68a7 5846 5867 68c7 8148 9a0a aa2a ba6b cacb d32b db6c dbac e3ad e3ad db8d e38d e38d db6c db6c db6c e38c e36c db4c e36c e3ad d36c db8c db8c dbac e38c e38c e3ad e3ad e3ac e3cd ec0e dbad aa2a 78e7 6087 5888 5087 50a7 58c7 5087 5887 5887 60c7 60c7 60a7 60a7 60c7 60c8 68c8 68a8 60a8 58a7 5087 50a7 58c7 6908 6928 68e8 58a7 58c8 58c8 58c8 58c8 58c8 58c8 60e9 692a 696a 696a 71ab 79eb 820b 9aad ab0e c3af c3cf cbce cbef d40f cbee c36d c3ae d42f dc70 
caaa ba49 a1a8 9988 9988 99a9 99c9 aa0a a1e8 a1c8 a1c9 a1c8 9988 99a9 99a8 aa09 ba49 caca d34b db8c e3ac e3ec e42c ec4d ec6d ec8e ec6e ec6e ec6e ec6e ec6e ec4d e42c e40d e3cc db8b db2b caaa ba49 b209 a1a8 9168 8968 8989 91a9 99ea 9a0a a20a aa0a aa0a aa2a aa0a aa0a aa09 aa0a aa0a aa09 aa2a aa2a aa0a b24a aa2a aa09 b22a b24a b24a b229 ba49 ba49 ba6a c2ab ba6a ba8b c2ab c2aa c28a c2aa c2aa c2ab c2ab c2ab c2ab cacb cacb cacb cacb caeb c2cb baaa ba8a b24a b24a ba6a c28b baab ba8b b26a baac ba8b ba8b baac baab ba8b baab baab b24a b28b b28b aa4a b28b ba8b baac baec baec c32d c32d c30c c32d c30c cb2d cb6d cb4d cb6d cb8d cb4d cb6e d3ae cbae cbae d3ce d3ef cbae d3ce c34c c34d cbce c38d cb8d d3cf cbce cbce d430 dc91 d470 d4b1 e533 dcf1 d490 cc50 c410 bbf0 ccb3 d575 e637 e657 e637 e657 e637 e615 ddf5 e616 e637 e637 ee78 ee57 e637 e657 e616 de16 de16 ddf6 ddd5 ddd5 de16 e637 de17 e657 e678 ee98 ee98 ee77 e657 e678 e677 e657 e678 ee98 eeb8 eed9 f6f9 f6f8 f6d8 e5d6 9b0c 8a09 8988 8168 8968 91a9 91a9 91c9 99c9 99c9 99c9 99a9 a1ea aa2a b26a c2ab d2eb db4c db6d e3ad e3cd e3ed e3ed e3ed e3ee e3ed e3cd e3ee e3ee e3ee e3ee dbad db8d d34c caec ba6a a1c9 8148 6886 5046 5066 60c7 7108 8989 aa2b b26b c2cc cb2c d34c db6c db8d e3ad e3ad e3ad db8c db8d db8d db6c db8c db6c db6c db8c db8d db8c db6c e38d e36c e38d e38d e3ad e3ad ebcd ebcd e3ad c2cb 8147 6066 5066 5067 5087 58a7 5087 5887 58a8 60a8 60c8 60c7 60c8 60c8 68e8 68e8 60c8 58a7 5887 5067 5067 5887 60c8 68e8 6908 60c7 50a7 58a7 58c7 60c8 58c8 58c8 60e8 60e9 6109 696a 71ac 79ac 8a2c 9ace ab4f bbb0 c3f0 cbef cbcf cbcf cbce c38d c3ad cc0e d46f d46f 
ba4a b209 9988 9988 99a9 99a9 99c9 a1c9 a1c9 a1c9 a1c9 a1c8 99a8 9988 a1a8 a9e9 ba49 caeb d34b db8b e3cc e3ec ec2d ec4d ec4d ec6e ec8e ec8e ec8e ec6e ec4d ec4e ec2d e40d e3ed db8c db4b caca ba89 b26a a1a8 9148 8968 9189 91c9 99c9 a1ea a20a aa0a a1e9 aa2a aa2a aa0a aa09 aa0a aa0a aa0a aa09 aa0a b24a aa0a aa0a aa2a b22a b229 b209 b229 b249 ba4a ba6a ba6a c26a c28b c2ab c2ab ba8a c28a c28a c2aa c2aa c2aa c2aa caab caab cacc caec caec baab c2ab ba8b b26a b26a ba8b ba6b baab ba6b ba8b ba6b ba8b baac c2cc baab c2cb baab ba8a ba8b b28b b28b b28b b2ac bacc bacc bacc c30c baec cb4e c32c baec c34c c34d c34d c34d c36d c32c cb8d d3ce cb6d d3ae d3ae d3ce d3ce d3ce c36d c34d c38e cbae c34d d3af cbae d3cf d42f d42f d450 d491 dcf1 dcf1 d470 c3cf bbf0 bc31 cd14 ddd6 ddf6 e636 e636 e616 e616 e617 e617 de17 e617 ee57 e616 e617 e637 e617 ddf6 e5f6 ddd5 ddf6 e618 ddf7 e617 de16 e677 e637 e636 ee56 e657 e636 e637 e617 e637 e637 e657 e657 de77 e678 e698 ee98 eeb8 f6b9 ee99 c534 abb0 8a4b 81c9 8188 8988 8988 9188 99a9 99c9 99a9 99a9 a1c9 aa09 ba6a c2ab d2eb d32c db4c db8d e3ce e3ee e3ed e3ce ebee e3ed e3cd e3ee e3ee e3ee dbcd dbad db6d d34c caec b26a a1e9 8128 68a6 5087 58e8 58a7 60c8 8189 9a0a aa2b ba8b caeb d32c d34c db8d e3ad e3ad e3ad e38c e36c db6c db6c db6c db4c db4c db4c db8d db8d db8d e38d e38d e3ad e3ad e3ad ebcd ebcd ebce d32c a1e9 70e7 5887 5067 5047 5067 5888 5887 58a8 60c8 60e8 60e8 68e8 6908 60c8 60c7 60a7 6087 5887 5867 5066 5887 60c8 68e8 68e8 60a8 5887 58a7 58c8 60e8 60c8 60c8 60e8 6949 6129 6109 692a 718b 820c 9acd ab2e bb8f c3cf cbef cc0f cbef c3ae c3ae c3ce cc0f d44f d46f dc8f 
a9ea a1c9 9988 99a8 99a8 a1a9 a1c9 a1ea a1e9 a1c9 a1e9 a1a9 99a9 9988 a1c8 aa09 ba49 caca d30b db6b e3cc e3ec ec2d ec4d ec6e ec6e ec6e ec6e ec8e ec6e ec4e ec4e ec2d ec0d e3cc db6c d32b caeb ba69 b209 99a8 9168 8968 9169 9168 99ea 99c9 a20a a209 a20a aa2a aa0a aa0a aa2a aa2a aa0a aa0a a9e9 aa2a aa0a aa2a aa2a b24a b24a aa29 b24a b24a b24a b24a ba6a ba8a c28b caab caab c2aa c2aa c28a c28a caaa caaa caab caab caab c2aa c2eb d32c c2cb ba6a c28b ba6a baab ba8b ba8b b24a ba6b ba6b ba8b ba6a ba8b c28b baab baab ba8b b26a ba8b ba8b bacc b2ac c2ec bacc baab c2ec c2cc c2ec cb2d c30c c32d c34e c30c c30c cb8e cb6d bb2d cb6e cb6e c32c cb8d cb8d cb6c d3ce d3ce c36d c38e cbaf cb8e cb8e d3ae cb8e cbae d3ef cbce cbef dcb1 dcd1 dcb0 cbef c38e b36e c492 dd75 ddb5 e5f6 e616 e616 e5f6 ddf6 e617 e637 e637 e637 e616 e616 e617 ddf6 ddf6 ddd5 ddd6 ddb5 ddf6 ddf6 e657 e637 e637 ddf6 e636 e616 ddf6 ddf6 ddf6 ddf6 de16 e637 e657 e658 e678 e678 e678 e678 e678 e678 ee98 eeb9 eed9 eed9 de78 bd14 a38f 81c9 8148 8948 8968 9168 99a9 99c9 99a9 a1c9 a9ea b24a c2ab d30b d32c db6c db8d e3cd e3ee e3ed e3ed e3ed ebee e3ed e3ed e3cd e3ee e3cd e3ad db8d db4c caeb ba8b a1e9 8128 68a6 5886 5067 58e8 6909 68e7 8989 a1e9 b24a c2ab d2ec d32c db6d e38d e38d e3ad e3ac e38c e38c db6c db6c db6c db6c db6c db6c db6d db8d e3ad e38d e38c e38d ebcd ebcd ebad db6d ba6b 78e7 5866 5867 5067 5067 5067 5887 58a7 60c8 6908 6908 68e8 68e8 60c7 60c8 60c7 60c8 5887 5887 5887 5887 60a7 7109 6908 60c8 58a7 5887 58a7 60e8 58e8 60e9 60e8 60e9 6109 6129 6109 694a 79ab 9a8e ab2e bb8f c3af cbef cc0f cc0f cbef c3ae c3ce cc0f d44f d46f d48f d48f 
a1c9 9989 9988 99c9 99a9 a1c9 a1c8 a1c9 a1e9 a1c9 a1e9 a1ca 99a9 99a9 99a8 a9e9 ba4a caaa d30a db6b e3cc e3ec ec2d ec2d ec6d ec6e ec6e ec4e ec4e ec4e ec4e ec4e ec2d e40d e3cc db6c d32b cacb ba6a b209 a1c9 9148 8948 9148 9168 a1a9 a1c9 a1ea a9ea a9ea aa0a aa0a aa0a aa09 aa2a a9e9 aa29 aa09 aa09 aa09 aa09 aa09 b209 b229 b22a b24a b22a b24a b26a ba6a ba6a ba6a c2ab c28a c28a c28a c28a c28a c28a c28b caab caab caab cacb d32c d32c c28a ba4a c26a ba4a ba6a c28b c28b ba8a ba6a ba6a ba8a ba8b ba8b baab baab c2ac ba8b ba8b c2cc c2cc c2cc bacc bacc bacc bacc baec c32c cb4d c30c c32d cb4d bb0c c34d c36e cb8e cbae cb6d cb8d c34d cb8e d3ae cb6d cb8d d38d cb6d cb6e cb6d c32d c34d cb8e c36d d3ae d3ae cb8e cbcf d430 dc91 d470 cc0f bb8e b3d0 d4f4 dd95 dd95 e5d5 ddb5 e5f5 e616 e617 ddf6 e616 e637 e657 e657 e616 ddd6 ddf6 e616 e616 d5b5 ddf6 de16 ddd5 e615 e636 e636 ddf6 ddf6 ddf6 ddf6 de17 e638 e617 e637 de16 e657 e657 e678 e678 e678 e678 e678 e678 e698 e698 eeb9 eeb9 eed9 f6f9 eeb9 d5d6 9b8f 8209 89a9 8127 8948 9189 9189 9189 a1c9 aa09 b24a c28b cacb db4c db6d dbad dbcd e3ed e3ed e3ed e3ed e3ed e3ed e3cd e3ce e3ee e40f e3ee db8d d34c cb0c ba6a a1c9 8948 70a7 5866 5887 5887 5867 6086 70c7 9188 a1c9 ba6a c2ab d30c db2c db6c e3ad e3ad e3ac e38c e38c db8c db8c db6c db6c db6c db6c e38c e38d e38d e38d e3ad e3cd e3cd ebcd e3ad c2cb 8988 6086 5887 5067 5067 5067 5067 5887 58a7 60e8 68e8 6908 68e8 6908 68e8 60e8 68e8 60a8 5887 5067 5887 58a7 68c8 70e8 68e8 60a7 58a7 58a7 58a7 60c8 60e8 60e8 60c8 60e9 6109 6129 694a 716a 8a2c aaee bb8f c3d0 cbcf cbcf cc0f cc10 c3ce c3ae cc0f d46f d490 d48f d490 d4b0 
99c9 99a9 99a8 a1c9 a1c9 a1c9 a1c9 a1c9 a1c9 a1c9 a1c9 a1c9 99a9 99a9 a1a8 a9e9 ba49 caaa d30b db8c e3ac e40d ec2d ec4e ec6d e46d ec6e ec6f e46e ec6e ec6e ec4e ec2d e40d e3cc db6c d32b cacb c26a b209 a1a9 9168 9148 9148 9968 a1a9 a1a8 a1c9 a1e9 a9ea a1ea b22a aa0a aa09 aa09 aa0a aa2a aa09 aa09 aa2a aa09 b22a b26a aa2a aa29 b24a b249 ba4a ba6a ba6a ba6a ba8a c2ab c28b c28a c28a c2ab c2ab c28a c2ab cacb c28a caab cacb db4c d30b c26a ba2a ba4a ba4a ba6a c28a c2ab ba6a ba8b ba6b ba6a ba6a ba6a c28b ba8b c2ab baab ba8b c2ab baab c2cb ba8b c2cb baab bb0d c32d c32d c32d c32c c30c bb0d c32e cb4e cb2d cb6e d38e cb6d cb4d cb6d cb6e cbae cb8e cb8e cb8e cb6d cb6e c32d c34e c36d c36d c38d cb8e cbae cbcf d3ef d430 d430 cbcf b34d c410 d534 e5d6 e5f5 ddb4 ddb4 e5d5 ddb5 ddd5 e636 e616 e5d5 e615 e616 e616 de16 ddf6 ddd6 ddf6 e617 ddf6 de16 e636 d5b5 e5f6 e5d6 ddd6 de17 e637 e637 e617 e637 e657 e657 e637 e657 e657 e637 e658 e658 e658 e657 e678 e678 e678 e698 eeb9 eeb9 eeb9 eed9 eef9 eef9 d5d6 b3cf 9a2a 7927 8148 8968 9188 9188 99a9 a9e9 b22a c28b cacb db4c db6d e3ad e3ce e3ee e3ee e3ee e3ee e3ed e3cd e3cd e3ee e3ee e3ee e3ee d36d d32c caec ba6a a1e9 8948 70a7 60a7 5887 5887 5867 5887 68c7 8127 99a9 aa0a c28b caec d30c db4c e38d e38d e3ad e38c e38c db6c db6c db4c db6c e38c e36c db6c e36d e38d e38d e3ad ebcd ebed e3cd d32c a1c9 70a6 5846 5066 5067 5067 5067 5887 5887 5887 68c8 68e8 68e8 68e8 68e8 60e8 60e8 60c8 60c8 58a7 5867 5887 60c8 68e8 68e8 60a7 58a7 58c7 58c7 58a7 60e8 60e8 6108 60e9 6109 60e9 6909 716a 8a0c a2ad bb6f c3af cbcf cbcf cbcf cc0f cc0f c3ae cbef d44f d490 d490 d490 d48f d48f 
99c9 99c9 91a9 a1e9 a1e9 a1e9 a1c9 a1e9 a1e9 a1e9 a1c9 a1c9 99a9 99c9 a1c9 aa09 ba69 c2aa d34b db8c dbac e40d ec2d ec4e ec6e ec6e ec6e ec8f ec8f ec6e ec6e ec4e ec2d e40d e3cc db6c d30b cacb c26a b22a a1ea 9168 8948 9168 9988 99a9 a1a8 a1c9 a1e9 a1e9 aa0a a9e9 aa0a aa09 aa0a aa0a aa2a aa2a aa09 aa2a b22a b22a aa09 aa29 b22a b229 b24a ba4a ba6a ba6a c26a c28b c2ab c2ab c2ab c2ab c2ab c2ab c2ab c2ab c2ab c2ca c2ca d32c d30b c2aa ba49 ba6b ba6a b22a ba6a ba6a c28b c28b ba6a ba6b ba8b ba6a ba8b ba8b ba6b ba6a ba8b baab baab ba8b baab c2cc bacb c2ec cb4d cb4d cb4d c32d bb0c c34d cb6d cb6d cb8e d3ce cbae cb6d cb8e d3ae cb6d cb4d d3ae c34d cb6d d36e c32d c32d cb4d c32c bb0c cb8e cb8e cb6d d3ae cb6d bb4d c38e c36e bbaf cc92 dd75 e5d5 e5d5 e5f5 e5d6 ddb5 ddb5 e616 ddd5 ddb4 e5d5 e5f5 ddd5 ddd5 ddd5 ddf6 ddf6 ddf6 e616 e616 e5f6 ddb5 e5f6 ddf6 e617 e658 de16 e5f6 ee36 e657 e657 e657 e637 e637 e637 e657 e657 e657 e657 e657 e657 e657 e657 ee77 e656 ee77 ee98 e698 e677 ee77 eeb8 eef8 f6f9 ddf6 a38e 7947 7907 8107 8948 9168 99a9 a1e9 b22a c2ab cb0c d32c db4c db8d e3ce e40e e3ee e3ee e3ee e3ee e3cd e3ce e3ce e40e e3ee e3ad db6d db4c cacb ba6a a9ea 8948 70c7 6087 60a7 5867 5046 5866 6086 70c7 9168 a1c9 b22a c2ab d2ec d32c db6d dbad e3ad e3ad e3ac db8c db6c db4c db4b db4c e36c e38c e38c e3ad e3ad e3cd ebcd e3cd db6c ba8b 78c6 6087 5047 5067 5067 5067 5887 58a7 58a7 60a7 68e8 68e8 60c8 60c8 60c7 60e8 68e8 60c7 6087 5887 58a7 60c8 68e8 6909 6909 58a7 58a7 58c8 6108 60c8 60c8 60c8 60c8 58c8 58e9 60e9 694a 820b a2ee b36f c3d0 c3cf c3af c3ce cbcf cbcf c3ae c3ee d450 d470 d490 d490 dc90 d490 d470 
99ca 99a9 99c9 a1ea a1c9 a1c9 a1c9 a1e9 a1e9 a1e9 99c9 a1e9 99c9 99a9 a1e9 aa09 ba6a cacb d32b db8c e3ac e3ed e42d e42d ec4e ec6e ec6e ec6e ec6e e44e ec6e ec4e ec2e ec0d e3cd db6c d32b caeb ba6a aa09 a1ea 9168 8948 8948 9188 99a9 99a9 a1e9 a1ea a1ea a9e9 aa0a a9e9 aa0a aa2a aa2a aa2a b22a aa09 aa09 aa09 aa2a aa09 aa09 b22a b22a ba2a ba2a ba6a ba4a ba6a ba6b c2ab c2ab c2ab c2ab c2ab c2ab baaa ba8a c2ab c2ab d34c dbad c2ca c26a ba29 b209 b22a b22a b249 ba49 c2ab ba8a baab ba8a ba6a ba6b c28b c28b baab baab ba8b ba8b baab baac baac ba8b bacb c30c c32c cb2d c2ec c30d cb4e cb6e cb6e d3ae d3ae cb8e cb6e cb6e cb6e cb8e cb8e cbaf c34e cb6e d38e cb4d cb4e cb6e cb6e c34e c34d cb6e cb8e cbae c36d bb2d bb6e bb6e bbef ccb2 dd53 e5b4 e5b5 e5d5 e5f5 e5f6 ddf5 ddb4 e5d5 e5d5 ddb5 dd74 ddd5 ddd5 ddb5 d595 e5d6 e5f6 e5d5 ddd5 ddd5 ddf6 e5f6 e617 e637 e616 e657 e637 e616 ddf6 e657 e637 e658 e638 e637 e658 e657 e657 e636 e616 e657 e657 e657 e657 e657 e657 e698 e698 e698 e678 e678 e678 eeb8 eef9 eeb8 d575 8a4b 70e7 78e7 8128 8968 99a9 a1c8 b22a c28b d2ec d30c db4c e3ad e3cd e3ed e3ed e3ee e3ed e3ed e3ed e3ce e3ce e3ee e3ee e3ad db6d d32c cacb ba6a a9e9 8948 70c7 60a7 5887 5887 5046 5846 6086 6886 78e7 9989 a9e9 c26a cacb d30c d32c db6c e38d db8c e3ad db8c db6c db4c db4c db4c db4c e38d e3ad e38d e38d e3cd e3ed e3ad c2eb 9189 6066 5867 5067 5887 58a7 5887 5887 60a7 60a7 68c7 68e8 68e8 60c7 60a7 60c7 6908 60e8 58a7 58a7 58a7 58c8 60e8 60c8 60c7 6087 5867 5888 60c8 60c8 60e8 6909 58e8 58c8 58c8 58c9 6929 81cb 9aad b36f c3b0 cbd0 cbcf c3af cbaf c38e c38e c3ae cc0f d470 d490 d490 d4b0 d4b0 d490 d46f 
9988 99a8 99a8 a1c9 a1e9 a1e9 a1e9 a1e9 a1c9 99c9 99e9 99c9 99c9 99c9 a1ea aa2a b26a c2ca d34b db6b e3ac e3ed e42d ec4e e44d e44e e46e ec6e ec4e ec4e ec2d ec4d e42c e40c e3cc e38c db4b cacb ba6a aa0a 99a9 9169 9168 8948 9189 99a9 a1ca a20a a1e9 a1e9 a209 aa09 aa0a aa0a aa0a b24a aa0a aa09 aa09 aa09 a9e9 a9e9 b22a b22a aa29 aa29 b26a b249 ba6a ba6a c28b ba6a ba6a ba8a c2ab c2cb c28b caab c28b ba8a ba8a c2ea ecd0 d3ec baaa b209 b209 b24a aa0a aa0a b22a ba4a ba6b c26b c28b c28b b26a b269 b269 ba6a ba6a c28b ba8a ba8b ba8b b26b bacc baec bacb c2ec cb0d c30d bb2d c38d c34c cb6c cbad d3ae cb8e d38e cb4d c32c cb6d d3ae d38f d38e cb8e d3af cb8e c34d c36d c34d c34e c32d baec cb4e c32d bb0d bb2d b32d bbb0 cc72 dd34 dd33 d511 dd52 e5d4 e5d5 e616 e5f6 e5f5 e5d5 d573 e5b5 e5f6 dd95 d574 ddb5 e5d6 ddd6 d593 ddb4 d5b4 ddb5 ddf6 e616 e637 e637 e617 e5f6 e616 ee37 e657 de17 e616 ee57 de36 e657 de56 e636 e657 e657 e657 e637 e657 e657 e657 e678 e657 e637 e657 ee98 e698 de98 e6b8 e698 eeb9 eeb8 eed8 f6b8 bc51 7988 7107 8107 8948 9189 a1c9 b22a ba8a caeb d32b db6c dbad e3cd e3cd ebee e3cd e3cd e3ed e3ee e3ce e3ce e3ce e3ee e3ad db8c d34c cb0c baab aa0a 8989 70e7 5866 5867 5887 5887 5867 5866 6067 68a7 8127 91a8 aa29 c2cb cacb d32c db4c db6c db8c dbac db8c db6c db6c db2b e34c e36c db6b db8c e3ac e3cd e3cd e3cd cb2c a209 68a6 5866 5887 5867 5887 5867 58a8 58a8 58a7 60c7 68e7 60c7 60c7 6908 68e8 6908 60c8 60a8 60a7 5887 5887 68e9 6909 60e8 58a7 50a6 58a7 58c7 60e8 58c7 58a7 6109 58a8 58a8 58c9 6109 716a 926d b32e c3d0 c3ef c3ef c3ce bbae c3ae bb8e c3cf cc2f cc4f d46f dcb0 d4b0 d490 d490 dc90 dc70 
99c9 99c9 99a9 a1ea a1ea a1c9 a1c9 a1c9 a1e9 a1e9 a1c9 a1c9 99c9 a1c9 a1c9 aa2a ba6a cacb d32b db6b dbac e40d e40d ec4d e44d e46e e44e e44e e44e e44e e42d ec4d e44d e40d e3ec db6c db2b cacb ba6a b20a 99a9 9169 8948 9168 9189 99a9 a1e9 a1c9 a1e9 a9e9 a9e9 aa09 aa09 a9e9 aa2a aa2a aa2a aa2a aa0a aa09 aa09 aa0a aa29 aa29 b229 b229 b24a b24a ba4a ba4a c28b ba8a c28a c28b c2ab c26a c28a c28a ba6a ba6a ba8a d36d fd11 d3ac ba69 ba09 b209 b229 ba4a b229 b26a ba6a ba8b ba4a ba8b ba6a ba6a c26a ba8a ba8b ba8b ba6b ba8b ba8b ba8b bacc c2cb c2ec c2ec baab c30c cb4d cb6e c32d c32c cb8e d3ae d3ae cb8e c34d baec c34d cbae c34d cbae d3ae cb6e cb6e cb8e c36d bb2d c34e baec baec c32d c34d baec bb0d bb4e bbd0 d4d2 e594 e573 dd32 dd53 dd74 e5b4 e5b4 e5f4 e5f4 dd94 e5b4 ddd5 dd94 dd94 ddd5 dd95 ddb5 ddb4 dd73 d533 dd95 e5d6 e5d6 e5f6 e637 e617 e637 e617 e637 e5f6 e5f6 e657 e657 de16 de16 e637 e637 e637 e637 e657 ee78 e657 e657 e637 e657 e637 e657 e657 e657 de37 e657 e678 e698 e698 eeb9 eed9 eeb9 eeb8 eeb8 e5f6 92cc 7947 8128 8107 9148 a1a8 aa09 ba6a cacb d30b db4c e3ad e3ad e3ed e3ed e3ed e3ed e3ed e3ee e3ee e3ce e3ce e3ce dbae db8d d32c caec ba8b aa0a 8968 70e7 60a7 5887 58a7 58a7 5887 5867 5866 6066 70c6 8927 a1a8 ba4a c28a d2eb d30b db4c db6c dbac db8c db6b db4b db4b db4b db6c db6c e38d e38d e3ce e3cd db8d b28b 8107 6086 5087 5887 5887 5887 58a7 5887 58a7 60a7 60c7 68e7 60c7 60c7 6908 60c8 60c7 60e8 60c8 58a7 58a8 60c8 60e8 60e8 60c8 58c7 58a8 60c7 60e8 60e8 60c8 58a7 58c8 58a7 50a7 6109 716b 8a2c ab0f bb8f cbf0 cbef cbcf c3af bb6e bb6e c3ae cc0f d450 d470 d470 d48f d48f d48f d48f d48f d48f 
a1c9 a1c9 99c9 a1e9 a1e9 a1c9 a1e9 a1c9 a1c9 99c8 a1c9 a1c9 99c9 99a9 99a8 aa09 ba6a c2cb d32b db8c e3cc e40d e42d e42d ec4e ec6e ec4e ec4e ec4e ec4e ec6e e44e ec4e e40d e3ed db8c d32c cacb ba6a aa0a a1ea 9169 8948 9189 91a9 99a9 99c9 a1c9 a1e9 a1e9 aa0a aa0a aa2a aa09 aa0a aa2a aa0a aa2a aa29 aa09 aa09 b22a aa29 b209 b229 ba49 b229 b229 b24a ba6a c2ab c28b c28b c28b c28a ba8a c2aa c28a ba8a ba6a baca e44f fcf0 d38b ba28 b1c8 b209 b22a ba6a b22a b26a ba8b b26b ba6b ba8b ba4a ba6a ba6a ba8a ba6b b26a ba8b baab c2ab c2cb c2ab c2ec cb0d c2cc c2ec cb0c caec cb2d cb4e cb4e cb6e d3ae cb8e c32d bb0c c34d cb6e c32d cb6e d38e cb4d cb6e cb6e c32d c32d c34d bb0d bacc c30c baec baed b2cd b32d cc30 dcf2 dd11 e593 e594 dd74 dd74 e594 dd73 edd4 dd93 ddb4 dd94 ddb5 ddb5 e5d5 d593 dd94 ddb5 d554 d554 dd95 ddb5 ddd6 e5f6 e616 e5f6 e616 e637 e637 e637 e637 e658 e617 e637 ee58 de16 ddf6 e657 e637 e657 e637 e637 e657 e637 e637 e637 e637 e637 de16 de17 de17 de36 e657 e678 e699 e6b9 e699 eed9 eed9 eef9 eed9 ee98 bc72 9a6b 8988 8107 8928 99a8 a9e9 ba4a caaa d30b db6c db8c e3cd e3cd e3ee e3ed e3ed e3ee e3ee e3ee e3ee e3ee e3cd e3ae db6d d32c caec ba6b aa0a 9169 70e7 60a7 5887 5887 5887 5887 5866 5846 6066 6886 78c7 9168 a1e9 ba4a caaa caea d32b d36c db6c db8c db6b db4b db4b db4b e36c db6b e3ad e3ad ebcd e3ad cb0c 91a8 6086 5886 5867 5887 5887 5887 58a7 60e8 60a8 60c8 68c8 60a7 60a7 68c8 68e8 60c7 60e8 60c7 58a7 5887 60c8 60e8 6108 60e8 60c8 58a7 58c8 60c8 68e8 6909 60e8 58e8 50a7 5087 58c8 6909 8a0c a30e bbb0 cbf0 d410 cbef c3ae c38f bb6e c3ae cc0f cc2f d44f d46f d48f d46f d48f d48f d48f d490 d48f 
99e9 99e9 99e9 a1c9 a1e9 a1e9 a1c9 a1c9 a1e9 a1e9 a1c9 99c9 99a8 99c9 99a8 aa09 ba6a c2cb d32c db8c e3ac e3ed ec2d e42d e46e ec6e e46d ec6e ec6e e44d ec4e ec4e ec6f e42e e3cd db8c db6c caeb ba8a b22a 99a9 9169 8968 8969 91a9 99a9 9989 a1a9 a9e9 a1e9 aa09 aa0a aa09 aa09 aa0a aa2a aa2a aa2a aa29 b22a aa29 aa2a b22a aa0a b22a b24a b24a ba6a ba6a ba6a c28a c28a c28a ba8a ba8b ba8b baab ba8b b24b b26a c34b fd51 fcf0 c2e9 b228 b209 b209 ba4a b22a b24a b24a b24a b26a ba8a ba6a ba6a ba6a ba8b ba8b ba8a c2cb c2cb c2cb c2ab c2cb c2cb c2cc c2ec c30c c30c c2ed c32d cb4d cb6d d38d d3ae cb4d c30c c34d c34e cb4e c30c cb8e cb8e cb6d d38e d36d cb4d c32d c32d c30c c30d c2ec b28b b28c aaad b36e d4b2 dcb1 dcd1 e573 dd73 e5d5 e5d5 dd94 e594 dd53 dd53 dd73 dd74 ddd4 ddd5 ddb4 ddb4 dd94 d513 d575 ddd6 ddd5 e5d5 e5f7 ddd6 ddd5 e616 e616 ddd5 e616 e637 e637 e637 e637 e637 ddf5 e637 e658 de17 e617 e637 e637 e637 e637 e637 e637 e637 de17 de17 de58 de38 de57 e658 e637 e657 e678 e678 e699 e6b9 e698 eed9 eefa eef9 ef19 e678 bc52 81c9 70e6 8128 9168 a1c9 ba6a cacb d30c db6c db8d dbad e3cd e3cd e3cd e3ee e3ee e3ee e3ee e3ee e3ee e3ce e3ad db6d d32c caeb ba6b aa0a 9169 7908 68a7 6087 6087 6087 6087 5866 5866 5866 5866 6086 78c7 8948 a1e9 b249 ba8a c32c cbcf d451 dcb3 dcd3 dc92 cbce d36c db6c dbce e40e e3ac e3ac d32c a209 68a6 5887 5887 5867 58a8 5887 5888 60a8 60c7 60c7 60e8 6908 60a7 60a7 68e8 68e8 68e8 60c8 60c8 58c8 60c8 60c8 60e8 60e8 58c7 58a7 58a7 60c8 68e8 68e8 60c8 58a8 5887 5047 5067 60c8 79ab 9aae bb8f cbf0 cbf0 cbcf c3af c38f bb6e c38e cbef d44f d46f d46f d48f d48f d46f d46f d46f d46f d48f d46f 
a1c9 a1e9 99c9 a1c9 a1c9 a1e9 99e9 a1ea 99e9 a1e9 a1e9 99c9 99a9 99a9 99a9 a9e9 ba4a caca d32b db6c e3ac e3ec e40d ec4d ec6e ec6e ec4e ec6e ec4e ec4e ec4e ec4e ec4e ec2e e40d db8c d34b caca ba8a aa09 99a9 9169 8948 9189 9189 99a9 a1a9 a1a9 aa0a a9e9 a9e9 a9e9 a9e9 aa09 aa0a aa0a aa0a b24b aa2a aa0a aa2a aa0a aa2a b22b b24b b24b b24a ba4a ba6a ba6a ba6a c28a c28b c28b c28b c26a ba6a ba6a b24a b28a dc6f fdb3 ec4f baa9 b229 b22a b22a b22a b24a b24a ba4a ba6a ba4a ba6a ba6b ba4a ba8a ba8a c28a c26a caab c2ab c2ab c2ab c2ab c2ab c2ec cb0c c2ec c2ed cb4d cb4d cb6e d38e cb6d cb4d c32d cb6e c32d c32d c36d cb8e cb6e c34e cb8e d38e cb4d cb4d c32d bacc c30d baed aa6b aa8c aacd c3f0 d4d3 dd33 dd33 d512 dd94 e594 e5b3 edd5 e594 dd53 dd74 dd53 d553 e5b4 dd93 dd94 dd74 d513 d513 dd75 ddd5 e616 ddd5 ddd5 e616 e5f6 ddb5 ddb5 e5f5 e5f6 ddf6 e637 e637 e657 e657 e637 de16 de16 e657 e637 e617 e637 e657 e637 e637 ddf6 ddd5 de16 de17 de37 e657 e678 e678 e658 e657 de57 e677 e678 e698 e698 e698 e698 eef9 eefa eef9 f6f9 e637 9b4e 6907 8108 8968 a1e9 b26a caec d30c d34c db8c e3cd e3cd e3cd e3cd e3cd e3cd e3ee e3ee e3ee e40f e3ee e3ce db8d d32c caec ba8b aa2b 8969 7908 68a7 6087 5887 5887 6087 5866 5866 5866 5846 5845 6066 70e7 8968 9a2a b36f d4d4 ddb6 e637 e678 e678 e637 d554 cc71 dcb2 e554 e513 dbee d36d b24a 8107 6086 5887 5087 58a8 58a8 58c8 58c8 58a7 60c8 60c8 68e8 68e8 60c8 60a7 60e8 60e8 6108 60e8 58c8 60e8 58a7 60c8 60c8 60c8 58a7 58a8 60e8 68e8 60c8 60c8 60a7 60c8 5887 5067 5888 714a 926d b34f c3cf cc10 cbef c3ae c3ae bb6e bb6e c3cf cc2f d44f d44f d46f d490 d470 d46f d44f d44f d46f d46f d44f 
a1ea a1ea a1ea 99c9 a1e9 a1c9 99c9 99c9 99c9 a1c9 99c9 99a9 99a9 9988 99a8 a9e9 b24a cacb d34c db6c e3cd e3ec e42d ec4d e44d ec6e ec4e ec6e ec4d ec4e ec4e ec4e ec4e ec2e e3cc db8c db4c caeb c2ab b24a 99ca 9189 9148 9149 9189 99a9 99c9 a1c9 a1e9 a9e9 a1c9 a9e9 a9e9 aa09 aa0a aa0a aa0a b22b aa0a aa0a aa0a aa2a aa4b b24b b28b b26b b24a b24a b24a ba4a ba4a ba6a ba8a baab ba8a ba6a ba4a ba4a b24a baca fdb2 fdb1 e42e baaa aa09 b24b b24a b24a b22a b22a b24a ba6b ba6a ba4a ba8a ba6a c28b ba6a ba4a ba6a ba4a c2ab cacc c28b bacb c30c c2cb caec cb0c cb0c cb4d cb4d cb4d cb4d c32c cb6e cb8d cb4d c34d cb6e cb2c c30c cb8e cb6e d38e cb6d cb2d baec bb0d bb0d baed b28c aa6c b30d c3ef dcd2 dd33 dd33 dd74 e594 dd52 e573 e573 e553 e574 dd73 dd94 dd94 dd73 dd73 e553 d4f1 d513 d534 dd95 dd95 e5d5 e5f6 e5f6 e5d6 ddd5 ddf6 e5f6 ddd6 ddb5 e5f6 e616 e616 e637 e637 e637 e616 de16 e617 e617 e617 e637 de17 de16 de16 de17 ddf6 ddf6 e637 e637 e637 e657 e657 e678 e678 e657 e637 e657 e678 e678 e678 e698 e698 eed9 eefa ef19 f6f9 f6d9 ccf3 7168 78e7 8948 99c9 b24a c2ab d30c db4c db8d e3cd e3cd e3cd e3cd e3ed e3ed e3ee e3ed e3cd e3ee e3ee e3ce db8d d34d caec ba8b aa0a 8969 70e8 60a7 6087 5887 60a7 5887 5887 5867 5046 5066 5046 5066 60c7 7a0b bc52 ddb6 e657 eeb8 eeb8 ee77 ee57 e616 ddf6 ddf7 e658 ee78 ee37 e534 bb8f 7948 6087 5887 58a8 5087 58a7 58e8 58a7 58a7 60c8 68e8 68c8 60e8 60c8 60e8 68e8 6908 6949 6929 6108 58e8 6108 60c8 60c8 60a7 58a7 58a7 58c8 60c8 68e8 60e8 60c7 58a7 5887 5887 58c8 694a 8a2c ab0f c3b0 cbef cbef cbcf c3af c38e c38e c3cf cc10 d44f d470 d46f d46f d46f d470 d44f d46f d44f d44f d44f d44f 
99e9 99ea 99c9 a1c9 99c9 99e9 99c9 99a9 99c9 a1c9 99a8 99a8 9988 99a9 99a9 a1e9 b249 c2ca d30b db6c dbcc e40d e42d e42d e44e ec8e e44e ec6e ec4e e44e ec4e ec2e ec4e ec2d e3cc e38c db4b caeb c2ab aa4a 99c9 9169 8948 9169 9189 9168 99a9 a1c9 a1c9 a1c9 a1c9 a9e9 a9e9 aa09 aa09 aa0a a209 a209 aa09 a9e9 a20a aa0a aa2a aa2a b22a b22a b24a ba4a b26a ba6a ba4a c28a ba6a ba6a ba6a ba4a ba4a ba4a b249 d3ad fe13 f570 db8c ba29 a9e9 b22a b22a b22a b22a b22a b22a ba4a c28b ba6a c28b ba6a ba4a ba6b ba4a b22a ba8b c2ac baab c2cc c2cb caec c30c cb2d c30c cb2d cb4d cb4d c32d cb4d cb6e d38e d38e cb4d cb2c c32c c32d cb6e d38e cb6d d36d baec aa8b b2cc c30d baac b2ac aaac bbaf d472 dcb2 d490 dd12 e5b4 e5b4 e5b4 dd53 dd12 dd32 d512 dd53 e5b4 ddb4 e5d5 e594 d4f2 ccb2 d4d2 dd33 e594 dd94 dd94 e5b5 ddb5 e5d6 e5f6 e5f6 ddd6 ddf6 e5f6 ddd5 e5f6 e616 e5f6 e5f5 e616 e637 de37 de17 de17 e637 ddf6 ddf6 ddf6 ddf7 ddf7 de37 e677 e637 de16 e616 e637 e657 e657 e677 e678 e678 de37 de37 e657 e678 e678 e678 ee98 e6b8 eed9 eefa eef9 eef9 ddf6 8a6b 70e7 8948 99a9 b24a c2ab d32c db6c db8d e3ad e3cd e3cd e3ed e3cd e3cd e3ed e3ed e3ed e3ed e3cd e3ce db8d d34c caeb ba8b aa2a 8989 70e8 60a7 5887 5887 6087 5887 5887 5887 5066 4867 4867 50c7 7a2c bcd4 e638 ee98 f6d8 ee77 e636 ddd5 ddd5 de16 e657 ee77 ee97 ee97 f698 ee77 ccf4 6128 5067 4887 50a8 50a7 5087 58a8 5887 58a7 60a8 6908 60e8 60c8 68c8 60c8 60a8 60c7 60c8 60e8 60e8 60c8 60e8 60e8 60e8 58a7 58a7 60a8 60c8 60e8 6908 58a7 5887 5067 5887 58c8 6929 8a0c ab0f c3b0 cbf0 cbef cbcf cbcf c38e c38e c3cf cc30 d450 d470 d490 d48f d46f d44f d44f d46f d44f d44f d46f d44f d46f 
99c9 99c9 99c9 99c9 99e9 99c9 99c9 99a9 99e9 a1e9 99e9 a1e9 99a8 9988 9988 a1c9 b24a c2ab d30c db6c e3ad e40d e40d e42d ec6e ec6e e44e e44e ec6e e44e e44e e44e ec2e ec0d e3cc e38c db2b caca c26a b20a 99c9 8948 8128 8969 9169 9988 99a9 a1c9 a1a9 a1c9 a1c9 a9e9 a9e9 a9e9 a1e9 a1e9 aa0a a20a a1ea a1e9 aa2a aa0a a209 aa2a b22a b22a b22a b24a b24a ba6a ba4a ba6a ba6a ba6a ba6a ba4a b22a aa29 aa89 ecf1 fe13 ecef cb4b ba69 aa09 b22a b22a b209 b24a b24a ba4a ba4a ba6a c2ab c2ab ba4a c24a c28b ba6b ba6b ba6b c2ac c2ab ba8b baab cb0d cb0d caed cb2d cb4d d38e cb6e cb4d cb0d cb0d d38e d36d c30c bb0c c34d cb6d d36d d38d c32c bacc b28b bacc b2ac b2ac b28c b2ed c390 d471 dcf2 dcf3 d4f2 dd32 edd4 e5b4 e573 dd33 dcf2 d4d1 d4f1 dd33 e574 e5d5 dd74 d533 d513 d553 e594 dd74 e594 dd94 dd94 ddb5 e5d5 e5d5 e5d5 e616 e5f6 dd94 e5f6 e5f6 ddd6 e5d5 e5f5 ddf6 ddf6 de16 e637 de16 ddd6 ddd5 ddd6 ddd6 e638 e637 e637 de16 e657 e677 de37 de16 e616 e637 e657 e657 e658 e678 de58 e658 e658 e678 e658 e678 e678 e698 e6b9 eefa eef9 eef9 ee58 b3b0 6906 8127 9989 b22a c28b d30c d34c db8d e3cd e3cd e3cd e3ed e3ed e3ed e3ed e3ed e40e e3ed e3ce e3ce db8e d34d caeb b28a aa4a 8989 7107 60a7 5887 5887 5887 5867 5046 5066 4866 5087 50c8 726c c515 e658 eeb8 ee97 ee56 ddd4 dd94 ddf6 e638 e678 e699 eeb9 eed9 eeda eeb9 ee97 e5f7 69ca 4867 5087 50a8 50a8 58a8 58a8 58a8 60c8 60c8 6908 60e8 60e8 60e8 6929 6929 60e8 58a7 60c7 60c8 60e8 60e8 60e8 60e8 58c8 58a7 58c7 6108 6908 7129 60e8 5887 5087 5087 58a7 798a a2ae bb8f c3f0 cc10 cbef cbcf c3af c38e c3ae d40f d430 d470 d4b0 d490 d46f d44f d46f d470 d44f d44f d44f d44f d44f d44f 
9a09 91e9 99e9 99c9 99c9 99a9 99a8 a1a9 99a8 99a8 a1c8 a1a8 a188 9988 9988 a1c9 b228 c2aa d32b db4b e3cc e3ed ec2d ec4e ec4e e44d ec4e ec6e e44e e44e e44e ec6e e44d e40c e3ec db8c d34b caeb ba8b aa0a 9988 8927 8948 8948 9189 9989 9989 99a9 91a8 99c9 a1e9 a1e9 a9e9 a9e9 aa09 a9e9 a1e9 a1e9 a1e9 a1e9 aa09 aa0a aa0a aa2a aa2a aa29 aa4a b26a b24a b22a ba4a ba6a ba4a ba4a ba6a ba2a b20a b24a bb4c fdb3 fdb1 e46d cb4b ba6a b209 b20a b209 b209 b22a b22a ba6a ba4a ba4a ba6a c28b c28b ba8a ba8a c2ab baab baab c2cc baab c2cc bacb c2ec c30c cb2d cb2d cb0c d36d d36d c32d c32c cb6d c32c c2ec c30c cb6d cb6d cb6d cb4d c32c bacb b2cc bacc b26b aa2b a26b b34e cc50 d4b1 d491 dcf2 e573 dd73 d4f1 e573 dd32 d4f2 dd13 dd13 dd13 d4f3 d531 d532 d511 d4f2 dd33 e594 e594 dd74 dd73 d553 dd53 e594 e5b5 e5d6 e5b6 ddb5 ddb4 ddd4 ddb4 ddd5 e5f6 ddd5 ddd5 ddd6 ddd6 ddd6 e5f6 e5d6 ddb5 d5b6 ddd7 de17 de16 de36 de56 e637 e637 e637 e657 e657 de37 de16 de36 e637 e658 e638 e658 e658 de57 de77 de57 e657 e658 e658 e678 e698 e6b8 eef9 eef9 eeb9 d576 79c9 7927 9188 a1e9 ba8a cb0b d34c db8d dbad e3ce e3ee dbcd e3cd e3ed e3cd e3ed ebee e3ee e3ee dbcd db8c d34b c2eb b26a a20a 8948 78e8 5886 5866 5887 5867 5066 4846 4887 4887 5169 8b6f cdb6 e698 eed8 ee56 ddd4 d574 d5d6 de38 e678 eeb9 eeda f6fa f6fa f71a f73a ef19 ef18 eed9 9390 48c8 48a7 50a8 48a7 50a7 58a8 58a8 60e8 6909 60e8 60e8 58a7 58c7 6108 6108 60e8 60e9 60c7 60c8 60a7 60c7 60c8 58a7 58c8 58c8 60c8 60e8 60e8 58c7 58e7 58a7 5087 5887 7109 9a6d b32f c3b0 d3f0 cbef cbaf cbaf c3af c3af c3ee cc4f d490 d48f d490 d490 d46f d46f cc4f cc4f d44f d44f d44f d44f d44f d44f 
99c9 99c9 a1c9 99c9 99c9 a1c9 a1c9 99c9 a1c9 a1c9 a1e9 a1c9 99c9 99a8 9988 a9c9 ba49 c2aa d32b db6c dbac e3ed ec2d ec2d ec4e ec4e ec4d ec4d ec4e ec4e ec4e ec4d ec4e e40d e3cc db6c d32b caca c26a a9e9 9188 8948 8928 8948 9168 9168 9188 99c9 a1c9 a1c9 a1e9 a9e9 aa09 aa09 aa09 a9e9 aa09 aa0a a1e9 a9e9 aa2a aa0a aa0a aa2a b24a b22a b22a ba4a ba4a b24a ba4a ba6a ba6a ba8a ba4a ba4a aa2a aa4a d42e fe34 f570 ecae d38c ba8a aa29 aa0a b22a b24a b22a ba4a ba8b ba6a b24a ba6a c28b c26a c28a c26a c28b c2cb ba8b c28b c2cc baab c2ec c30d c2ec cb0d cb2c cb0c cb2c c30c cb4d c32c baac baab c32d cb4d cb2c d36d cb2c c2eb c30c c32d c2ec b26b aa6b aaac bb8e d472 dcb2 dcd2 d4d2 dd33 e574 dcf2 d4b1 dcf2 dd33 dd12 d4f2 d4f2 d533 dd54 d4d2 cc71 ccb1 dd33 dd74 dd74 dd94 dd53 dd53 dd94 dd74 dd74 ddb5 e5d5 ddd5 ddb5 ddf6 ddd6 e5d6 ddb5 ddb5 ddd6 ddb5 ddb6 ddd5 ddd5 ddb5 d595 d5d6 ddf7 e617 e617 de16 de16 e637 e637 e637 de16 e616 e637 e657 de37 de16 de36 de57 de57 de57 e657 e657 e657 de37 de37 de37 e657 e657 e678 e6b9 eed9 ef1a eed9 e658 a38f 7968 8968 a9e9 ba6a d2eb d32b dbad dbcd dbcd e3ed e3cd e3ed e3ed e3ed e3ed e3ed e3ed dbcd e3cd db8d d34c caeb b26a a209 8969 70c7 6087 5067 5067 5087 4867 4066 48a7 618a a432 d5d7 e698 ee97 ee36 d573 cd33 ddf7 e678 ee98 eed9 eed9 f6f9 f6d9 f6f9 f6f9 f719 f73a f739 f71a c515 5969 48a8 4888 50a8 50a8 50a7 58a8 60c8 60e8 68e8 60c8 68e8 60c8 60c8 60c8 60c8 58a7 58a7 60c8 60a7 60c8 58c8 58a7 58c7 60e8 60e8 60c7 60c8 68e8 58a8 5888 58a8 6929 89eb ab0e c3b0 d410 cbef cbef c3af c38e c3af cbef cc2f d450 d46f d490 d470 d46f d44f d46f d44f d44f d44f d44f d44f d44f d42f d44f 
99a9 99a9 99c9 99c9 99c9 a1c9 a1c9 a1c9 a1e9 a1e9 a1e9 a1c9 a1a9 a1a9 a1a8 a9e9 ba4a caca d2eb db4b e3ac e3ec e42d ec4e ec4e ec6e ec6e ec6e ec6e ec6e ec4e ec4e ec4e e40d e3ed db8c d32b d2eb c28a a9e9 9988 8928 8107 8928 8948 9189 9188 99a9 a1e9 a1e9 a1c9 a9e9 aa09 aa09 aa09 a9e9 aa2a aa09 a9e9 aa0a aa09 aa0a aa09 aa09 aa2a b22a b24a b22a b249 ba2a ba4a c26a c26a ba6a ba4a ba4a aa0a b26a e4cf fe13 f52f ec8d d34b ba49 b229 b20a b20a b20a b22a ba6a ba4a ba2a b24a c2ab c2ab ba6a ba6a c28b c26a c28b c2cb baab baab c2cc cb0c cb0c cb0c d32c cb0c c2ab c2cb cb0d c2cb b26a b2cc cb6e d36d d36d cb4d cb4d c30c c30c c30c baab b26b b24b aa8c cbaf d430 dc91 dd12 dd33 dd33 e553 e532 dcb1 d470 dc91 dcb1 dcf2 dd54 dd74 dd13 d4b1 d4b1 dd13 dd33 dd12 dd53 dd53 dd53 dd94 dd94 dd94 dd94 dd94 dd94 e5b5 dd94 dd74 e5d6 ddd6 ddd6 e5f6 ddb5 ddb5 ddd6 dd95 dd94 d574 ddb5 ddd6 ddf6 e616 e637 e617 de17 e637 de17 e637 e636 de16 ddf6 ddf5 de16 e636 de16 ddf6 de16 e637 e657 de37 e637 de37 de37 de37 de37 e658 e658 e658 e698 eeb9 eefa eefa eed9 cd75 928b 8967 a1c8 ba6a d2eb db4c db8d dbce e3ee e3ee e3ed e40d e3ed e3ee e3ed e3ed e3cd e3ee e3ce db8d d32c c2eb b26a a20a 8148 68a6 5886 5066 4866 4866 4087 48e8 724c b4b4 de37 ee77 ee97 ddf5 ccf2 cd33 de17 e698 eeb9 eeb9 eeb8 eeb8 eed9 eeb8 eeb9 eed9 f6d9 f6f9 ff3a f73a de18 6a2b 48a7 48a8 50a8 5087 5887 58a8 58a7 60a8 60c8 60e8 6908 60c7 60a7 60a7 58a7 58a7 60a7 60c8 60e8 60c8 58a7 58a8 58a7 60c8 60e8 68e8 60c8 60c8 58a8 58a8 60e8 81ab a2ad bb8f cbf0 d410 d3f0 cbcf c38e c3ae cbef cc2f d450 d44f d46f d46f d46f d46f d46f d46f d44f d44f d44f d44f d44f d44f d44f d44f 
99e9 99ea 99c9 a1e9 a1e9 a1e9 a1e9 a1e9 a1e9 aa09 a1e9 a1e9 a1c8 a1c9 99a8 a1c8 ba49 c2aa d30a db6b dbac e3ec e40d ec4d e44e ec6e ec8e ec6d ec6e ec6e e44d ec4d ec2d ec0d e3ed db8c db2b d2ca ba49 a9e9 9989 8968 8948 8948 8948 8947 9188 99a9 a1e9 a209 a1c9 aa09 a9e9 aa0a a9e9 aa09 b22a b20a b209 b1e9 aa09 b209 aa09 aa09 b22a b24a b24a b229 ba49 ba49 ba6a c26a ba6a ba8a ba8b b22a b22a baeb f5b2 fe33 f550 e42d cb0b ba29 b229 aa0a aa0a b22a b22a ba4a b22a ba4a ba4a c2ab c2ab ba6a ba6a c28b c28b c2ab ba6b ba8b c2ec c32d cb0c d32d d30c c2cb ba8b bacc c2ec baab b28b bacc cb2d d34d d34c cb2c c30c c30c c2eb c2cb ba6a ba6b aa2a bacd cbef dc91 dc91 d491 e532 e553 dcd2 dcd2 dcb1 dc91 dc71 d450 d4b2 dcf3 e553 d4f2 d4b2 dcf3 e554 dd53 dd33 dd12 d4d1 dd12 dd74 dd74 ddb5 ddb5 d553 e594 e5b5 dd94 ddb5 dd95 dd94 e5d6 ddd5 ddd6 e5d6 dd94 d553 dd74 dd95 dd95 e5f6 e5f6 e616 e616 e5f6 e5f6 e5f6 e616 e637 e617 ddf6 e5f6 e617 ddf6 ddf6 ddf6 de16 ddf6 ddf6 e637 e637 e637 de17 de37 e658 de58 de78 de78 e679 de58 de58 e699 e6ba eefa eef9 ee78 c472 89c9 99a8 b24a caeb d32b db6d dbad e42f e42e e40e e3ed e40d e3ed e3ed e3ee e3ee e3ce dbcd db8d d32c c2cb b26a 99c9 78e7 6066 5066 4866 4066 4087 5129 8b0f c555 e658 ee98 e636 dd73 bc91 cd34 e638 e698 eeb8 eeb8 ee98 ee98 ee98 ee98 ee98 ee98 eeb8 f6b9 eed9 f719 ff3a ee78 8b2e 48c7 48a8 4887 5088 58a8 60c8 60c8 60e8 68e8 60c8 68e8 60a8 60e8 60a7 58a7 58a7 60e8 60c7 58a7 5067 58a7 58c8 58c8 60e8 60e8 60e8 60e8 60c8 58a8 60c9 714a 9a6d bb4f cbd0 cc0f cbef cbcf cbcf c38e c3cf cc30 d430 d450 dc50 dc70 d44f d46f d46f d46f d46f d44f d44f d44f d450 d44f d44f d44f d42f 
a20a 99ea 99c9 a1e9 a1c9 a1c9 a1e9 a9e9 a9e9 aa09 a9e9 a9c9 a1c9 a1a8 a1a8 a9c9 b24a c28a d30b db4b e3ac e3ec e40d ec4d ec6e ec6e ec6d ec6d ec6e ec6e ec6e ec6e ec4d e40d e3ec e38c db2b caca ba69 aa09 9168 9168 8968 8988 8968 8948 91a9 99a9 a1e9 a1ea aa09 aa0a aa09 b22a aa09 aa09 b209 b209 aa09 b209 a9e9 b209 b209 b20a b229 b22a b22a b24a b24a b249 ba6a ba6a ba8a baab c2ab b24a b249 cb6c fe34 fe12 f50f e3ed caca b209 a9e9 aa0a aa2a b24a b22a b22a ba2a c24a c28a ba6a c2ab b24a b229 c2ac c28b ba6a c2ab cb0c c2ec cb0c cb4d cb0c c2cc c2cc c30c bacc b28b baac c30d cb0c d34d d32c cb0c c2eb c30c c32c ba8b ba6a ba8b aa4a aa8c cbf1 dc91 dcb1 dcf2 dcf2 e533 e533 dcb1 dc91 dc91 dc91 d492 d4b2 dd13 dd12 cc70 d491 dcf2 dd33 e594 e573 dd32 dd12 d4d2 d4f2 e595 e5b5 dd94 e5b5 dd74 dd53 dd94 dd74 d594 ddb5 dd74 dd95 e5f6 ddb5 dd95 d533 d554 ddb6 e5f6 e5f6 ddd5 e5f6 e5f5 e5f6 e5f5 ddb5 e5d5 e5f6 e637 de17 ddf6 e616 de16 de16 e5f6 ddf6 de17 e637 de17 e637 e657 e658 de37 e658 e658 e658 e678 de58 e657 e657 e658 e678 e699 eeb9 e6b8 eeb9 ddd7 a34e 91c8 b229 cacb d32b d36c dbcd e3ee e40e e40e e40d ec2d ec0d ec0d e3ed e40e dbed e3cd db6c d32c c2cb aa49 99e9 70e7 5886 4866 4867 4087 5149 9390 cdb7 e658 ee77 ee15 cd32 c4d2 cd55 de37 e6b8 eeb8 eeb8 ee98 ee77 ee77 e678 ee98 ee98 ee77 e637 ee78 eeb9 f6f9 ff3a ee98 a410 48c7 48a8 5088 58a8 58a8 58a8 60c8 60c7 60c7 60c8 60c7 60c7 60c7 5887 60a7 60c7 60a7 5887 5067 5087 58c8 58c8 60c8 6908 60e8 60e8 60e8 60c8 58a8 68e9 89eb ab0f c3b0 d431 d40f cbef cbce c3af c3cf cc0f d42f d44f d44f d44f dc4f d44f d42f d44f d46f d46f d44f d44f d44f d44f d44f d44f d44f d44e 
a1ca a1c9 a1e9 a1e9 a1e9 a1e9 a1c9 a9e9 aa09 a1e9 aa09 aa09 a9e9 a1c9 a1a8 a9e9 ba49 c28a d30b db4b e3ac e3ec ec2d ec4d ec8e ec8e ec6d ec8e ec6e ec6e ec6d ec6e ec4d e3ed e3ed db8c d32b caeb ba8a aa09 9988 8948 8948 8948 9168 9188 99a8 a1c9 a1c9 a1e9 aa09 aa09 aa09 aa09 aa09 aa09 b229 b229 aa09 b229 b209 b209 b229 b229 b229 b229 b229 ba4a ba6a ba6a c26a ba6a ba8a ba8a ba8b b26a b26a d3ee fe14 fdd1 f50e e3ec c2ca a9e8 a9e8 a9e9 b22a aa2a b22a b24a ba4a ba6a ba8a ba6a b209 a9e9 ba6b c2ab ba6a c2ab caec cb0c caec cb0c cb0c c2cb c2cb baab ba8b baac baec cb4d d36e d34d cb0c c2ab c2cb cb0c cb0c c2ab ba8b ba8b b26b baed d3d0 dc51 dcd2 dcf2 dd12 dd32 dcd1 dc90 d470 d471 d471 d4b2 dcf2 dd33 d491 d4b1 dd13 dd33 dd12 dd12 dd32 dd33 dd53 d513 d533 dd74 dd53 e5b5 ddb4 dd95 ddd5 dd95 dd54 dd54 dd54 dd74 ddb5 dd95 d513 dd34 d533 dd95 e5f6 e5f6 e5f6 e5f6 e5d5 e5d5 e5f6 ddd5 e5d6 ddb5 dd94 dd94 e616 e637 e616 de16 ddf6 de16 de17 de17 de17 de37 de37 e657 e678 e658 de37 e637 de37 de37 de37 de17 de38 de38 de38 e658 de58 e678 e698 eeb9 e698 cd13 9a4a aa29 cacb d30b db8d dbad dbcd e3ed e3ed e3ed ec0e e3ed e3ed e3ed e3ed dbcd dbad db8d cb0c ba8a aa29 99e9 60c6 5066 4066 48c7 69eb b474 de18 ee98 ee77 ddd4 ccb1 c491 d5d6 e658 ee98 eeb8 ee97 ee97 ee77 e677 e657 e657 ee77 e637 de16 e637 ee78 eeb9 eed9 ff3a f6d9 ac72 48c7 4888 5067 5888 5888 58a8 58a8 60c8 60c8 60c8 6108 60c8 58a7 60a7 60a7 60a8 58a7 5887 5067 5887 60c8 60a8 60a7 68e8 60e8 60c8 58c8 58a8 60c8 798a a2ad bb90 cc10 d410 d40f cbcf cbcf cbcf cbef d42f d450 dc50 d44f d44f d44f d42f d44f d44f d44f d44f d44f d44f d42f d44f d44f d44f d44f d44e 
a1e9 a1c9 a1e9 a1e9 a9e9 a1e9 aa09 aa09 a1e9 a9e9 a9e9 a9e9 aa0a aa09 a9e9 a9e9 ba49 caaa d30b db4b e38b e3ec ec2d ec4e ec6e ec8e ec8e ec8e ec8e ec6e ec6e ec6e ec4d ec0d e3ec e3ac db6c caea ba6a aa09 9988 9148 8948 9148 9168 9989 99c9 a1c9 a1c9 a1e9 a9e9 a9e9 a9e9 aa09 aa0a aa09 aa0a b229 b209 b209 b209 b209 b229 b22a b22a ba4a ba49 ba4a ba4a ba4a ba6a c26a ba6a ba6a b22a b22a aa89 ecb0 fe33 fdb0 eccd ec4d c30b aa09 a9e9 aa0a aa0a b22a b24a ba6b ba4a b24a b24b aa09 a9e9 ba6b baab c2ac c2ab c2cb cacb caec cacb c2ab c2ec c2ec ba8b ba8b baac c2ec cb0c d32c d36d cb0c c2cc c2ec cb2c cb2c c2ec baab b26b aa4b bb4e d411 dc30 dc50 dcb1 e512 dcf1 dcf1 dcb1 d470 d430 d450 dcd2 e513 dcd2 d491 d4b1 dd13 e553 e553 dd33 dd12 dd12 dd12 dd32 e594 dd74 e5b4 dd54 dd54 dd95 d554 dd94 e5b5 dd74 dd95 dd54 dd53 dd53 dd33 d4f3 dd54 dd95 dd95 e5d5 e5f6 e5f6 e5f6 e5f6 ddb6 ddb5 e5d6 e5f6 ddd6 ddb5 d595 ddd5 e616 e616 de16 ddf6 ddf6 e616 e617 e657 e638 de17 e637 e636 e616 d5d5 ddf6 de17 de37 de37 de38 de57 e657 de57 e657 e658 e658 e698 e699 e699 de17 bbf0 aaab c2cb d30b db6c e3ad e3cd e3ed e40d e3ed e40d e3ed e3ed e40d e3ed e3ad db8c d36c caeb ba69 a1c8 8147 60a6 50a7 5928 82ae bcf4 e658 ee98 ee56 ddb4 c4d1 c4f3 d5b6 e658 ee98 ee78 ee98 ee97 ee97 ee77 e657 de16 e616 e657 e637 e637 e658 ee78 eeb8 f6d8 ff19 f6d9 b472 48a6 4888 5067 5888 58a8 58c8 60e8 60e8 60e8 58c7 60c7 5887 5886 6087 60a7 60a7 5887 5867 58a7 5887 60a7 60a7 60c8 60c8 60c8 58a8 50a8 58a8 6929 922c bb4f cbd0 d411 d410 cbef cbcf c3af cbef cc2f d450 d44f d44f d44f dc6f d44f d42f d44f d42f d470 d44f d44f d44f d42f d42f d44f d44f d44f d44f 
a9e9 a9e9 a1e9 a1e9 aa09 a9e9 aa0a aa0a aa2a aa09 aa09 a9e9 a9e9 a9e9 a1e8 aa09 ba49 caaa d2ea db4b dbab e3ec ec2d ec6e ec6e ec8e ec8e ec8e ec8e ec8e ec6d ec6d ec6d ec2d ebec e38b db6c caca ba8a aa2a 99a9 9148 9148 9148 9168 9989 99a9 a1a9 a1ea a9ea aa0a aa0a a9e9 aa09 b22a b20a b22a b209 b209 b209 b209 b209 b209 ba4a ba4a ba4a ba29 ba4a ba4a ba4a ba6a ba6a ba8a ba8a ba4a aa29 b2a9 f531 fe33 f5b0 f4ce dbcc c2aa b209 a9e9 b22a ba4a b209 ba6a b24a b229 aa2a a1a8 aa2a ba8b ba8b ca8b c26b cacc caec cacb cacb c2cc c2ed c2cc c2cc b2ab baec c2cc c2ec cb2d cb2d c32e c32e cb4e cb2d cb2c c2eb ba8a b229 b26b c2ec d3ee dc90 dcb1 d470 dcb0 dcb1 dc91 d471 d451 dc71 d471 dc92 e4f2 d4b1 cc70 dcf2 e533 dd13 dd33 e533 dd32 d4f2 d4d2 dd13 dd53 e574 e574 dd53 dd74 d533 dd53 dd94 dd53 dd74 dd94 dd73 dd73 d512 d492 d4b2 dd74 e5b5 dd94 ddb4 dd94 e5d6 e616 e5f6 e616 e5f6 dd94 ddb5 ddd5 e5f6 e5f6 e5f6 ddb5 e5b5 e616 e616 de16 ddf6 e5f6 ddf6 e636 e616 ddd5 d5b5 ddf6 ddd6 ddd6 e617 e637 e637 de37 de37 de16 e637 e638 e658 de58 de58 de57 e678 e699 e679 de18 c493 c34d cb0c db4b e38c e3cc e3cc e3ec e40d e40d e40d e3ec e3ed e3cc e3ac db8c d32c c2ab b229 99c9 8148 6107 720b a412 d5d7 e698 ee77 e635 d593 c533 cd75 e617 ee78 ee98 ee78 ee77 ee77 e677 e677 e657 e636 d5f6 de16 de16 e636 e657 e678 eeb9 eed9 f6f9 fefa f6b9 ac51 40a6 4867 5088 58a8 58a8 58c8 6109 6109 60e8 6087 6087 6087 5887 5867 58a7 58a7 5867 58a8 60a8 60a7 60c7 60a7 60c7 60c7 5087 4846 5088 60c9 81ab aace cbd0 d410 d410 cbef cbcf cbcf cbef cc0f d450 d450 d44f d44f d44f dc6f d42f d44f d44f d42f d44f d44f d44f d44f d42f d44f d42f d42f d44f d42f 
a1e8 a209 a209 aa09 aa09 a9e9 aa09 aa0a aa09 aa09 b209 a9e9 a9e9 a9e9 a9e9 a9e9 b249 c2aa cb2b db6c dbac e3cc e42e ec4e e46e ec6e ec6e ec6e ec8e ec6e ec6e ec6d ec4d e44d e40c e3cc db6c d2eb c26a b229 9988 9168 9168 9189 9989 9989 a1c9 a1ea a1c9 a1e9 aa09 aa29 aa09 b20a b229 b229 a9e8 b229 b22a b209 b209 b209 b229 b229 b249 b229 b249 ba69 ba6a ba4a c26a c26a ba6a ba4a b22a aa29 b2ea fdb3 fe13 fdd1 e44c d34a c2aa b229 aa09 b22a b229 b209 b22a b22a b22a a9ea aa2a ba8c c2cc c2ab ba8a ba8a c2eb c2eb c2cb cacb c2cb c28b ba8b c2cc c2ec c2cc baab caed d32d cb2d c34c cb8d c32c cb2c c30c baab aa0a b26b c36e d3cf d3ee dc2f e4d2 e4b2 e470 d3ee cc2f cc4f cc70 dcd1 e533 d491 cc10 dc51 d491 dcf2 e553 dd33 dd13 dd13 dd33 dd33 d512 d553 dd73 dd32 e594 dd74 dd74 dd74 dd33 d513 dd75 d554 dd53 e554 dcd3 d4b2 d513 dd73 dd94 e5b4 dd73 dd73 ddb4 e5d5 e5d5 e5d5 e5d5 e5d6 ddd6 ddb6 ddb5 e5d6 ddd5 ddd5 ddf6 ddd5 ddd5 e5f6 e637 e616 ddb4 d573 dd53 d533 d554 ddd7 e617 de17 d5f5 de16 de36 de36 de37 e637 de17 e638 de17 de37 de57 de37 de37 e658 e679 e699 e698 e637 dd54 c3ee cb4b e38b e3cc e3cc e3cc e3cb e3ec e3ec e3ec e3cc e3cd dbac d38b cb0a baaa a209 91a9 81aa 9b6f cd55 de17 ee77 ee56 ddb4 d553 cd13 d5d6 e638 e698 e6b8 e697 e677 e677 e657 e657 e657 de16 de16 e616 e636 e636 e637 e678 e698 e6b8 eeb8 f6f8 f6f9 f6b8 a410 48a6 4888 5088 58a8 58c8 58c8 60e8 60e8 6909 58a7 58c6 58a6 58a6 5886 5887 5866 5887 60a7 58a7 60c7 68c7 68c7 60c7 5887 5067 4846 4867 6929 9a6c bb8f d3f0 d410 d3f0 cbcf c3af c3ae cc0f d42f dc6f dc70 dc70 dc70 d44f d44f d44e d44f d44f d44f d470 d450 d44f cc2f d42f d42f cc0f d42f d44f d44f 
a209 aa0a aa09 aa09 a9e9 aa09 aa09 b209 aa09 aa09 b1e9 b1e9 a9c8 a9c8 a9c8 b209 ba29 caaa d32b db4b e3ac e3ed e42d ec4d ec6e ec6e e46e ec6e ec8e ec8e ec8e ec8e ec6e ec4e e3ec e3cc db6c caeb ba6a b209 a1a8 9968 9148 9168 9968 9988 a1c9 a209 a1e9 aa09 aa09 b229 aa09 b209 ba2a b229 b209 b229 b229 b24a b22a b209 b209 b229 b249 ba6a ba6a ba4a ba6a ba6a c28a c28a c28a ba6a b22a aa29 bb4b fe14 fdf1 fdb0 dbeb d32b c2aa b22a a9e9 a1c9 aa0a aa0a b22a b20a aa0a ba4b ba4a c28b c28b ba6a c2cb c2ab ba6a c2ab cb0c c2cb b26a ba6b c2cc c2cc c2cc c2ec cb0c cb0c d34d cb2d c2ec c2cb c2ec caec ba6b a9e9 a24a c34e dc30 dc50 d430 d42f d46f e4d1 dc30 cbcf cbce d40f dcd2 dcf3 dc71 cc0f d471 dcb2 dcf2 dcd2 dcf2 e533 dd13 d4f2 dd12 e574 e574 d512 d4f2 dd13 dd53 e574 dd54 dd13 dd34 dd33 d533 e554 dd13 cc92 ccb2 d4f3 dd33 e594 ddb4 dd94 dd74 dd53 dd53 e594 ddb4 ddb4 ddd6 ddf6 e5f6 e5f6 ddd6 ddd6 ddd6 ddf6 e5f6 e5f6 ddb5 e616 e616 e616 dd95 ccb1 c471 d555 ddd6 e617 de17 de17 de17 e617 e637 de16 de16 de17 de17 de17 de17 de17 de17 de17 de37 de38 e658 e699 e678 ee99 ee78 dd54 cbac db8b e3ac e3cc e3cc e3ec e3cc e3ec e3cc e3cc e3ac db8b d36b c2ea b28a 9a2a 9aad bc32 ddd7 ee98 ee77 ddf5 ddb4 d574 cd54 d5d6 e658 e698 e698 ee77 e657 e657 e656 e657 e637 e637 de16 ddf6 de16 e616 e637 e657 e678 ee98 eeb9 eeb9 f6f9 f6d9 f698 9baf 48c6 48a7 50c8 58c8 58c8 58c8 60c8 60e8 6909 58a7 60a7 60c7 60a7 60a7 58a7 58a7 58a7 60c8 60c8 6908 60c7 60e8 60c7 5067 4846 4846 60c8 81cb b32e cbd0 d410 d410 cbf0 cbaf c3af cbcf cc0f d450 d450 d470 dc50 d44f d44f d44f d42f d42f d44f d44f d42f d42e d42f d42f d44f d42f cc2f d44f d42f d42e 
a209 aa09 aa09 aa09 b209 aa09 aa09 aa09 aa29 aa29 aa09 aa09 a9e8 a9e8 a9e9 b1e8 ba29 ca8a d30b db6b e3cd e3ed e42d e44e e46e ec6e ec8e ec8e ec8e ec6e ec8e ec8e ec6e ec4e ec0d e3ac db8c caeb ba8a b209 a1a8 9168 9148 9168 9188 a1a9 99a8 a1c9 a9e9 a9e9 aa09 aa09 b209 b209 b229 b209 b229 b229 b24a b22a b229 b209 b209 b209 b229 ba6a ba4a ba49 ba69 ba6a ba69 c28a ba8a ba6a b22a b24a cbee fe35 fe12 f550 dbcb cac9 c2aa b249 a9e9 a9e9 a9e9 aa0a aa2a b22a ba6a c26a c26a ba4a ba6a c28b ba4a b209 b2aa baec c28b ba2a c2ab caec caec c2cc c2ec cb0c caec caec caec c2ab baab baec c2ec b28b aa2b aa8c c36e d3ef d40f dc50 dc70 dc4f d3ad d3ce dc10 d3ef cbef d470 dcb1 cc2f cc30 dcb2 dcf3 dcf3 dcd2 dcd2 dcd2 dcf2 dd34 dd54 dd53 dd54 e595 d513 dcf2 dcd2 dd13 dd33 dd74 dd54 dd13 e533 dd33 d4d2 cc71 d4b2 dd33 dd54 dd33 dd32 dd73 ddb4 dd94 dd95 dd54 dd54 dd95 ddb5 ddb4 e5d5 e5d6 e5b6 dd95 e5d6 e617 ddf6 ddf5 ddf6 de16 ddf6 e616 ddb4 d513 c491 cd13 dd95 ddb5 ddf6 e616 de17 de17 de17 e637 de17 de17 e617 de17 de17 ddf6 ddf6 d5f6 ddf6 de17 de17 de38 de58 e678 e699 ee98 ee37 e4f1 d3cd dbcc ebec e3ec e3ec e3cc e3cc e3cc e3cc db8b d36b d32c c30c b32d c411 ddb6 e678 ee97 e636 ddd4 d5b4 d594 d5b5 de17 e658 e698 ee78 e657 e657 e657 e636 e636 e637 e617 de16 ddf6 e617 e636 e637 e657 e657 e678 ee99 eeb9 eed9 f6d9 f6d9 ee58 82cc 48c7 48a8 4887 58a8 58c8 58a7 58a7 60c8 6108 6108 6108 60c8 60a7 60a7 60a7 60a7 60a7 60c8 60a7 60c7 60a7 60c8 5887 5046 4826 5867 794a a2ae c390 d410 d410 d410 cbd0 c3af cbef cc30 d430 d450 d450 d470 d44f d44f d44f d44f d450 cc2f d42f d42f d44f d42f d44f d42f d42f d42f d42f d42f cc2f d42f 
aa2a aa09 aa29 aa09 aa29 aa09 aa09 b209 aa29 aa29 aa29 aa09 a9e9 a9e9 a9e9 b209 ba49 caaa d32b db4b e3ac e3ed e42e ec4e ec6e ec6e ec6d ec8e ecae ec8d ec8e ec6e ec6d ec4d e40d e3cd db6c caeb c2aa b229 a1a8 9168 9148 9168 9168 99a9 99a8 a1c9 a1e9 a9e9 b22a aa29 aa09 b20a b229 b229 b209 b229 b209 b22a b209 b1e9 b1e8 b209 ba29 ba4a b249 ba49 ba6a ba6a ba6a ba6a ba6a ba4a b20a aa29 dcaf fe74 fdf1 f50e d36b caaa c28a ba6b aa0a a1c9 a9e9 a9e9 b22a ba4a ba4a c26b ba2a b229 c26a ba4a b20a ba4a c2cb baab ba8b baac c2cc caac cacc caec cb0c cb0c cb2d c2ec ba8b baab c2cb baab b28b aa4b b2ac cb6e d3ef dc30 dc0f dc30 dc50 d40f cbae cb8e cbae d430 dc71 cc0f c38e cbef dc91 dcd2 e4f2 dcd2 dcd2 dcf2 dd12 dd12 dd12 e533 dd33 d4d2 dd33 dd33 dcf3 d4d2 d4f3 dd33 d513 dd54 dd54 dd13 d4b2 cc50 cc91 dd54 e594 dd74 dd53 dd33 dd33 dd74 e5b5 dd94 dd74 dd74 dd94 e5b5 dd94 dd95 ddb5 ddb5 dd94 ddb6 e617 e617 ddf7 ddf6 e616 e5f6 e594 cc91 cc91 dd54 dd95 ddb5 d5b5 ddd6 ddf6 de17 de17 de17 de16 de16 e637 de17 de17 de16 de17 ddf7 ddf6 ddf7 ddd6 ddf6 de17 de17 e658 e658 e657 ee57 edb5 d42e dbcc ebec e3ec e3cc e3cc e3ac e3cc dbcc db8c cb6c cb8e d451 d555 e637 ee97 ee56 e5f4 ddb3 ddb4 d574 d5b5 e617 e678 e678 e677 e677 e657 e657 de16 de16 e637 e617 de16 ddf6 e617 e617 e637 e637 e677 e678 ee98 ee98 ee98 f6b9 f6f8 f6b9 e617 722a 48c7 48a8 50a8 58c8 58c8 58a7 58a8 60c8 60c8 60e8 60c7 60c7 58a7 5887 5887 5887 58a7 60c8 60c7 68e8 60e8 60c8 58a7 4846 5047 60c8 920c bb0f cbf0 d410 d410 d3f0 cbd0 c3cf cc0f d430 d46f dc70 d44f d44f d44f d44f d44f d42f d42f d42f d42f d44f d44f d42f d42f d42f d42f d40f d42f d42f d42e d42e 
aa2a aa2a aa09 aa09 aa29 aa2a aa09 a9e9 aa0a aa09 b209 aa09 a9e9 a9e9 a9e9 b209 c249 d2aa db2a db4b e3ac e3cc e3ec e42d e46d ec6e ec6e ec8e ecae ec8e ec8e ec8e ec8e ec6e e40d e3ec db4b d2eb c28a ba29 a1a8 9968 9148 9968 9989 99a9 99c8 a1c9 a1e9 aa09 aa2a b22a b22a aa09 b229 b229 b22a b209 aa09 b24a b229 a9e9 aa08 b209 b209 ba09 b229 ba4a ba4a ba4a ba6a ba49 ba49 b229 a9e9 aa29 dcb0 fe54 fd90 e46d cb4a caeb c2cb ba6a aa2a aa0a b20a b22a b22a ba4a ba29 b209 b1e9 ba2a b209 b209 c28b c2ab c28b c2ab c28b c28b c2ac cacc cacc caec caec cacb c28a ba8a c2eb c2ec bacb ba8b b24b b2ac cb4d d3cf d40e dc70 dc50 d3ef d3ee d3ce d3ae d3cf cbcf d410 d40f cbae cbcf dc30 dc91 e4d2 dcd2 dcd2 dcf2 dd13 dd33 dd53 d4b2 d4b1 d4f2 dcf2 d4b1 d4d2 dd54 dd54 dd12 dd12 dd33 dd13 dd54 d4d2 cc71 d4d2 dd13 dd33 dd74 dd74 dd73 dd53 dd33 dd53 dd33 dd53 dd94 dd95 dd53 dd53 dd74 dd95 dd95 dd95 ddb5 ddb5 e616 e5f7 e637 e617 ddd5 dd74 ccd2 ccb2 d533 dd94 ddb5 d5b5 ddd6 ddf6 de16 ddf6 ddf6 ddf6 ddf6 ddf6 e616 ddf6 de16 de16 de17 de17 ddf7 ddf7 d5d6 ddd6 d5f6 ddf7 ddf7 de17 e657 e637 f637 dcf1 d3ec e3cc e3ec e3cc e3cc e3ac dbcc d38c d3ae d451 dd75 e637 ee77 ee76 e5f4 dd93 ddb4 d574 d555 ddd6 de37 e678 e678 e657 e657 e657 e637 de16 e617 e637 de16 de16 de16 de16 e617 e617 e637 e657 e678 ee98 ee98 eeb8 eeb9 eed9 f6d8 f6d9 d595 61a8 48a7 50a8 50c8 58c8 58e8 58a7 58a8 58a8 58c7 58c7 60e8 60c8 5887 5887 5887 5887 5887 60a7 60c7 60c7 60a7 5887 5887 5887 68a8 818b aace c38f cbf0 d410 d410 cbcf cbaf cbef d40f d450 dc6f dc6f d44f d44f d44f d44f d44f d42f d42f d44f d42f d42f d44f d44f d42f d42f d42f d42f d42f d40f d42f d40f 
aa0a aa0a aa0a b22a b22a aa2a aa0a aa0a aa09 aa09 b22a a9e9 a9e9 aa09 aa09 ba49 c269 d2ca db2a e36b e3ac e3cc e40c e44d ec6d ec6d ec8e ec8e ecae ecae ecae ec8e f4ae ec6e e40d e3cc db6c d2eb c28a b229 9988 9148 9168 9168 9188 99a9 a1c9 a1e9 a1e9 a9e9 aa09 aa09 aa09 aa0a b229 b209 b229 b229 aa09 b229 b209 b1e9 b1e9 b209 b209 b209 ba2a ba29 ba49 ba49 ba6a ba6a b26a b22a a9e9 b28a f591 fe53 f570 e42c d38b d32b cacb c28b b24a b24a b22a b22a b22a b229 a9e9 b209 ba4a a9c9 aa29 ba4a ba6a c26a c2ab ba4a b22a ba6b cacc cacb caec caec cacc ba6a ba8b bacc c2ac baab ba8c ba8c b2cc cb8e d38e d3ad dc0f dc0f e430 d3ae cb8e d3cf d3ef dc50 d410 bb4d bb4d d410 dc51 dc71 d42f dc70 dcd2 dcf2 dd13 e533 dcf2 dcd2 dcd2 d4b2 d491 d491 d4d2 d513 dd33 e595 e574 dd13 dcf2 d4b1 cc71 d4b2 dd13 dd33 dd33 dd12 dcf2 dd32 dd74 dd73 dd33 dd53 dd13 d4f2 dd32 dd53 dd54 dd13 d512 dd73 e5b5 ddb6 ddb6 ddd6 ddd5 e616 e5f6 e5d5 d513 ccd2 d554 d575 ddb5 ddb5 ddb5 d594 ddb5 ddd5 ddd6 ddf6 ddd5 ddd6 ddd6 ddd6 ddd6 ddf6 ddf6 ddd6 ddf6 ddf6 ddf7 ddf6 ddf7 d5b6 d5b5 ddf6 d5d6 d5d6 de37 e637 ee57 e573 d3ed e3cc e3cc e3cc e3cc db8c d38c d3ef dcf3 e5d6 ee57 ee76 e615 ddb3 d593 ddb4 dd94 d595 de17 e658 e678 e677 e657 e637 e637 e616 de16 de16 e616 de16 de16 e637 e617 e617 e637 e637 e657 e677 ee78 ee78 ee98 ee98 eed9 eed9 eed8 f6b8 c4d3 5927 48a7 4888 50e8 58e8 58c8 60e8 58c8 58a8 58a7 60c7 60c7 60c7 5887 5887 5887 5887 5887 60c7 60a7 60a7 60c8 60a8 60a8 68a8 796a a26d bb4f cbf0 d410 d40f cbef cbcf cbcf cbef d42f d44f dc4f dc4f d46f d44f d44f d450 d44f d44f d44f d42f d42f d42f d44f d42f cc2f d44f d42f d42f d42e d42e d42f d42f 
aa2a aa2a aa29 aa09 a9e9 b209 aa09 aa09 aa09 aa09 b22a aa09 a9e8 aa08 b209 ba29 c269 d2aa db2b e38c e3ad e3ed e40d ec4d ec6d ec6d ec8e ecae ecae ecae ec8e ecae ec8e ec6d ec2d e3cc db6c d30b c28a b229 a1a8 9147 9148 9148 9989 99c9 a1c9 a1e9 a1e9 aa0a aa2a aa29 aa0a aa09 b229 b229 b209 b209 b22a b22a b229 b209 b229 b209 b22a b209 ba4a ba49 ba49 ba49 b229 ba4a b24a a9e9 a9e9 baeb fdd3 fe33 f550 e42d dbac d2ea caeb c28a b229 b22a b24b b22b b24a b20a b22a aa0a a1e9 b22a ba6b aa09 b24a ba6b b22a aa0a ba8b c2cc c2ab c2ac c2ac c28b ba6b ba6b c2cc c2ec baab ba8c b26b c2ed d3ae d3ce d3ce d3ae dbee d3ee d3ce d3ae cbae cbcf d430 d430 bb4d c34d d410 d471 dc71 dc71 d430 d430 dcd2 e533 dd12 dcf2 d4d2 d492 dcb1 d491 d4b2 d492 d491 e533 e554 dd33 e594 dd33 d450 cc0f d471 dd13 e553 dd12 d4f2 dcf2 dcf2 d4d2 dd53 e574 dd13 dd12 dd32 dd33 dd12 d4d2 dd74 dd54 d512 d513 dd94 e5b5 e5d5 e594 dd52 e573 dd53 dd13 ccd2 d534 dd95 dd94 e5b4 dd94 dd94 d573 d574 d574 ddb5 ddb5 ddb6 ddd6 ddd6 ddd6 ddb5 ddb5 ddd5 ddb5 d5b5 ddd6 ddd6 ddf7 ddd6 d5b6 d595 d5b5 d5b5 d5b5 d5d6 ddf7 e637 e5b5 d42e dbcc dbcc e3cc e3cd dbce dc92 dd75 e616 ee77 ee56 ddb3 d573 e5b4 dd93 d573 d5d5 e637 e678 e657 e657 e657 e636 de16 de16 de16 de16 e617 de16 de16 e616 e617 e637 e637 e616 e637 e637 e657 ee78 ee78 ee78 eeb9 f6d9 eed8 f6d8 f6b9 ac11 50e7 48a7 50c8 58e9 58e9 58e9 60c8 60c8 60c8 60c7 58a7 58a7 5887 5887 5867 5887 58a7 60c7 60c8 60c8 60e8 68e9 68c8 70e9 7929 91eb b2ee cbaf d3d0 d3f0 d3cf cbcf cbcf cbef d42f d42f d450 dc50 dc50 d46f d44f d44f d430 d44f d42f d44f d44f d46f d44f d44f d42f d42f d40f d430 d430 d40f d42f d40f d40f 
aa2a aa0a b20a a9e9 b209 aa09 aa09 aa09 aa0a aa0a b22a aa09 a9e9 a9e8 aa08 ba29 c269 d2ca db0b db6b e3cd e40d e42d ec4e ec6e ec8e ecae ecae ecae ecae ecaf ecaf f4af ec6e ec2d e3cc db8b d30b c28a b209 a1a8 9968 9168 9168 9189 99a9 a1e9 a1c9 a9e9 a9e9 b22a a9e9 aa09 aa09 aa09 b209 b229 b209 b209 b209 a9e8 b209 aa09 b209 b22a b22a ba29 ba4a ba49 ba49 b249 b229 b22a a9e9 a1c8 cbad fe34 fe12 ed4f e46d db8b d34b cacb c2ab b229 ba4a b24a b24a b24a b26b ba8b b24a b24a b22a b22a b24a ba8b ba6a b26a ba8b c2ab caab caec c2ab ba8b ba8b c2cb c2ec c2ec c2cc baab ba8b c2ed dbd0 dbf0 d3ae dbcf dbcf d38d d38e d3ae cbae d40f d430 c38d bb2c c36e d3f0 dc0f dc30 dc30 dc51 dc72 dcb2 d491 dcd2 dcf2 d4d2 d4d1 dcb2 d4b1 d491 d4b1 e513 dcf3 d492 dd13 dd13 dcd1 dcb1 cc0f d451 dd13 dd33 dd13 dcf2 dcf3 d4f2 d4f2 dd13 dcf2 dd13 dd33 dd13 d4f2 e554 dd54 d4f2 d4f2 dd53 dd74 d553 dd94 dd94 d512 dcf2 d471 dcb3 dcf3 d513 dd54 dd94 dd94 d532 d533 d533 d554 d575 d594 d595 d5d5 ddb6 ddb5 e5d6 ddf7 e5d7 ddb6 d575 dd95 dd95 ddb5 ddb5 d5b5 ddd6 d5b6 d5b5 cd74 d574 d5b6 d596 d596 ddb6 ddf6 e5d5 e4f2 cbad dbcd dbee d471 e574 e5f5 ee56 ee35 e5d4 e5d4 e5d5 e5d5 dd74 ddb5 de17 e657 ee78 e657 e637 e637 e637 de16 de16 de16 de17 e636 de16 e616 e617 e636 e637 e637 e616 e637 e636 e637 e637 e677 e678 e698 eed9 f6d9 f6d9 eed8 f699 930e 50e7 50c8 50c8 58e8 58e9 58e8 60e8 60c8 60c8 58a7 58a7 58a7 5887 5867 5887 60c8 60c8 60a7 60c8 60c7 60e8 68e9 7129 7949 89aa a28d c370 d3d0 d3f0 d3cf cbaf cbaf cbcf d40f d450 d470 dc70 d44f dc50 d470 d450 d44f d44f d44f d42f d42f d42f d44f d44f d44f d42f d42f d42f d42f d42f d42f cc0f cc2f cc0f 
aa09 aa29 aa09 aa09 aa29 aa09 aa29 aa09 aa09 aa09 b229 b209 b209 b1e9 b1e9 ba09 c269 caa9 d32a db8b e3cc e40d ec4d ec6e ec6d ec8d ec8e f4ae ecae ecaf ecaf f4cf e48e ec8d ec4d e3ec db8b d32b c28a b229 a1a8 9167 9168 9189 91a9 a1ea aa2a a1e9 a1c8 a1e8 aa09 aa09 aa09 aa09 b209 a9e9 aa09 aa08 b209 b209 a9e9 b20a aa0a b22a aa09 aa29 b249 b229 ba4a b249 ba49 ba4a a9e9 a1c9 a1e8 dc2f fe54 fe12 f550 ec6d dbeb d32a cb0a c2aa ba4a b209 b22a aa09 b20a b22a b24b ba4b ba4b b22a ba6b b22a b249 ba6a ba8a ba6a c28b c2ac c2ac ba4b ba6b c2ab cacc caec caec c28b ba6b c2cc cb6d d3ce d3ee d3ee dc0f dbef d36d d34d d38e d3ae d3ef cbce baed c34e d3ef dc50 d430 d40f d42f dc70 dcb1 dcb2 d430 d410 d471 dcb1 d491 dcb1 dcd2 dcd2 d4b1 dd12 dd33 ccb0 cc6f dcd0 cc4f cc30 d4d2 dcf2 dcd1 dcf2 dd13 dd13 dd13 dd13 dd13 dcf2 d512 d511 d4f1 dd32 dd13 d513 dd54 dd54 ccf2 d533 e595 dd74 dd74 e575 d4d3 ccb2 ccf2 d554 d573 d553 dd94 dd74 dd33 ccd2 cd13 dd95 dd95 ddb6 ddb5 dd95 ddf7 ddf7 d5b5 d5b5 ddf5 ddd5 dd95 d574 dd74 dd95 d595 d5b5 d595 ddb5 ddb6 d596 d575 cd75 cdb5 cdb5 cd95 d5b5 d5b5 e5d6 edb5 cc71 cc0f dcd2 e5d5 ee37 ee16 e5d4 dd73 e5b4 ddb3 ddb3 ddd5 e5f6 e637 e637 ee77 ee57 e636 e636 e616 de16 de16 de16 e617 e617 de16 de16 de36 e637 e637 e637 e637 e637 e616 ddf6 de16 e637 e678 e658 ee79 eeb9 eeb9 eed8 ef18 ee98 7a8c 50a7 50c8 58e9 58c8 58c8 6109 60e8 58c8 60e9 60e9 60c8 58a7 58a7 5086 58a7 60c8 60a8 60a7 60c8 60a8 60c8 6909 7129 814a 9a0d b30f cbb0 d3ef d3ef cbcf cbae cbcf d40f cc2f d450 d44f d44f dc50 d450 d450 d450 d450 d450 cc2e d44f d44f d44f d44f d42f d42f d42f cc0f d40f d42f d42f d42f cc2f d42f d42f 
aa09 aa2a aa29 aa09 b229 b229 aa29 aa09 a9e9 b209 aa09 a9e8 b209 b209 b209 ba09 c269 caa9 d30a db6b e3ac e40d ec2d ec6e ec6d ec8e ecad f4ae ecae ecae ecae ecae ecae ec8e ec4d e3ec e38c d30b c2aa b249 a1a8 9168 9148 9148 9188 9988 a1c9 a1c9 a1c9 a1c9 a9e9 aa09 aa09 aa09 b229 b209 aa09 b209 aa09 b209 a9e9 a9e9 aa09 aa09 aa09 b229 b229 b229 ba29 ba29 ba29 b209 b20a a1a8 9a08 ecf1 fe54 fe11 ed2e ecae e3ec db6b d30b cacb c28a b249 b22a b22a b24a b24a b24a aa0a b22a ba4b ba8b b24a ba8b c28b ba6b ba6b cacb c2ab ba6a c28b cacc caec caec cacc c2ab b24b bacc d38f d38e dbae d3ce d3ef d3ee d3ce cb4d cb4d cbae dc0f d3ae baec c34d d3d0 d3cf d3ce dc50 dc50 dc51 dc71 dcb1 d450 d450 d430 d430 d450 d4b2 dcf2 dd12 dcf2 dcd2 d491 dcf2 dd12 cc50 cc0f d451 dcd2 e512 e532 dd12 d4b1 d4b1 dd12 dd33 dd13 dd12 dcd2 dcf2 dcf2 dcd2 d4d2 dd33 d513 d512 dd54 dd95 dd96 ddb5 dd94 dd73 d512 d4f2 dd13 dd13 dd53 dd54 dd74 dd95 dd95 d595 d554 d554 dd95 ddb5 ddb5 ddd6 dd95 ddb5 e5d6 dd95 dd95 dd94 dd95 d574 d534 dd74 d575 dd95 dd95 dd95 d554 d5b5 d595 d575 cd54 d575 d595 d575 d595 d595 ddb6 e5f7 d575 d594 e5f6 ee56 ee36 ddd4 d593 ddb4 ddb4 d595 ddd6 e636 e657 e656 e636 e636 e636 de16 de16 e617 de16 e616 ddf5 ddf6 e616 de16 e636 e637 e637 e637 e616 e637 e617 ddf6 ddf6 de16 e657 e678 ee78 ee78 f6b9 f6d9 f6d9 eef8 e657 6189 4866 50a7 50a8 58a8 5887 5887 60c8 60c8 60e8 6108 58c8 58a7 5887 5086 60c7 60a7 6087 60a8 60c8 6909 692a 714a 796a 8a0c aaee c38f d3f0 d3f0 d3cf cbaf cbaf cbef d410 d430 d450 d470 d46f d44f d44f d44f d44f d450 d450 d42f d42f d42f d42f d44f d42f d42f d42f d44f d44f d42f d42f cc0f cc2f d42f d42e 
aa0a aa0a aa0a aa09 aa0a b22a aa09 aa09 a9e9 aa09 b229 aa09 b209 b1e9 b229 ba29 c289 caca d32a db6b e3cc e40c e44d ec8e ec8e ecae ecae ecce ecce ecce ecce f4af ecae ec8e ec2d e3cc e38c d30b c28a ba49 a1a8 9168 9168 9148 9168 99a9 a1c9 a9c9 a9e9 aa09 a9c9 a9e9 aa0a aa0a b24a aa09 b209 b209 b1e9 b1e9 a9e9 b209 aa0a a9e9 b1e9 b1e9 b209 b229 ba4a b249 ba29 b209 b1e9 a1c8 a268 fdb3 fe73 f5f1 ed2e ecae e3ed db8c d34c c2aa ba8a b249 b229 ba4a ba6a b24a b22a b20a b22a ba4a ba4a ba4a c26b c28b caab c2ab c28b c2ab c2ab caab cacc caed cacb ba6a b24b baac cb8f d3ef d3af d3ae d3ef d3ce d3ae d38d d3ae d3ae d3ae c30c baec cb6e d3ae d3cf d3ef d3ef cbef dc70 e4d2 cc50 cc0f d430 dc50 d450 d471 d492 d491 dcf3 dd54 dd33 dd34 d491 d470 d450 cc2f d471 dd13 dd13 dcf2 dcd2 dcf2 dcf2 dcd1 d4b1 dd12 dd33 dcf2 dcf2 dd12 dcf2 d4d1 d4b1 d4d1 dd33 dd13 d533 dd94 e5b5 dd54 dd13 d513 dd33 dd54 dd54 dd53 dd53 d533 dd53 dd94 dd95 ddb5 dd95 dd75 d575 dd95 ddb5 ddb5 ddb5 d595 ddb5 ddb5 d574 d533 dd34 dd54 d554 dd75 dd75 dd75 d554 d575 d554 d574 d574 cd54 cd34 cd13 d554 d555 cd54 d595 d594 ddd5 e5f5 e615 e615 e5f4 ddb4 ddb4 ddd5 ddd5 ddf6 de16 e657 e657 e636 e616 e636 e616 e616 e616 ddf6 de16 de16 ddf6 ddf6 e616 e617 e616 e616 e637 e637 e617 e616 e636 ddf6 ddd5 ddf5 e616 e657 e657 e657 e678 eeb9 f6d9 f6d9 f6d8 d575 50c6 4887 5087 5087 5887 60c8 58a8 5887 60c8 60c8 58c8 58a7 58a7 5887 5866 60a7 60c8 60e8 60a8 68e9 6909 6909 714a 89cc a28d bb4f cbd0 d3ef d3ef d3cf cbaf cbcf d410 d430 d450 d470 dc6f dc70 dc50 d450 d44f dc50 d450 d450 d450 d42f d44f d42f d42f d44f d42f d42f d44f d42f d42f d42f cc2f d42f d44f d44f 
aa2a aa0a aa09 aa0a aa0a aa2a a1c9 a9e9 aa09 aa09 aa29 aa09 b209 b229 b209 ba49 c269 caa9 d32a db6b e3cc ec0c ec4d ec6d ec8e ecae ecae f4ae f4ce f4ce f4ce f4ae f4ae ec8e ec2d e3ed db8b d30a c28a b229 a1a8 9188 8947 9147 9968 9988 a1a8 a9c8 a9e9 a9c9 a9e9 a9e9 a9e9 aa0a aa2a aa0a b209 b209 a9e9 aa09 aa09 aa09 aa09 b20a b209 b209 b209 ba4a ba29 b229 b209 b209 a9e9 a1e8 aa89 fe15 fe53 fdf1 e50e f50f e3ec e3ac db6c caea cacb c269 caca ba69 ba4a b20a b22a b22a b22a ba4a ba6a ba49 c26a ca8a ca8a c26a cacb caec cacc cacc caec caec c2ac b22a b28b cb6e d3af d3cf dbef d38e d38e d36d d36d d38e dbee d3ae c30c baec cb6e d38e d3cf d3ae d3ce d40f d3ef d40f dc91 cc2f cbee d3ef d430 d471 d491 dcd3 dcd3 d491 dcd1 dcf2 dd13 d4b2 cc10 d410 d450 dc91 dd12 e533 dd12 d4b1 d4b1 dcf2 dcf2 dcf2 d4b1 dcd2 dd12 d4f2 dd13 dcf2 d4d2 dcb2 d4b2 d4b2 dd13 dd53 dd33 dd13 dd13 dd34 dd33 dd53 dd53 dd53 dd53 e594 dd33 d513 d533 dd75 dd95 ddb5 ddd6 d595 d595 ddb5 ddb5 ddb5 dd95 dd54 dd54 dd54 dd54 d4f3 d513 d533 d574 d595 d575 cd54 d554 d574 d554 d574 d534 ccf3 c4d3 ccd3 d534 cd54 d595 ddd5 e635 e5f4 dd92 d551 dd93 e5d4 ddd5 ddd5 ddf6 e637 ee57 ee77 ee56 e636 e615 e5f6 e616 e616 e616 e616 e616 ddf6 e5f6 e5f6 e616 e616 e616 e637 e616 e636 e636 e636 e5f6 dd94 ddb5 ddd6 e617 e657 e657 e657 ee78 f6b9 f6b8 f6b8 f698 b451 48a6 4867 5087 5887 58a7 60a8 5887 58a7 60c8 60c8 58a7 5887 5887 5888 60a7 60a7 60c7 6908 60c8 68e9 60a8 68e9 796b 922d b2ee cb90 d3f0 d3ef d3cf cbaf cbaf cbef d42f d42f d450 d470 d46f d470 d450 d44f d450 d450 d44f d44f d44f d42f d44f d44f d44f d42f d44f d44f d42f d42f d42f cc2f d42f d42f d42f d42f 
b24a b22a a9e9 a9e9 aa0a aa09 b20a a9e9 aa09 aa09 a9e9 a9e9 aa09 aa09 b208 ba29 c269 caaa d30b db6c e3cc e40d e44d ec8e ecae ecae ecce ecce ecce ecce ecae f4ae f4ae ec6e ec2d e3cc db6c d2eb c28a ba29 99a8 9148 8928 9148 9168 99a9 a1c9 a1c9 a9e9 aa09 a9e8 b229 a9e9 a9e9 aa09 a9e9 aa09 a9e9 aa09 b209 aa09 a9e9 a9e9 b209 b229 b209 b209 ba4a ba49 b229 b209 b22a a9ea a1c9 aaca fe15 fe32 f5af f54e f50e dbeb e3ac db6b d32b caeb caca caea c28a ba69 ba8b b24a b22a ba4a b22a ba2a ba4a c28b b209 b229 ba8b caab c28a c2cb c2ec c2ec c2ab ba8b ba8b cb2e d38e d3ae dbcf d3ce d3ce cb4d cb2d cbae d3ef d3ef bb0c c34d cb6e d3ef d3cf d3ce d3ce d3cf d410 dc30 c3ae c38d d40f d3ef cbef d471 dcd2 dcf3 dcf3 dcd2 dcd2 d470 d430 d470 d450 cc50 dcd2 e4f3 d4b1 d4b0 dcd1 dcd1 dcd2 dcb1 dcd1 dcf2 e513 dcf2 d4b1 d4b1 e513 dcf2 dcd2 dcf2 dcf2 d4b2 dcd2 dcd1 dcf2 d513 d513 d4f3 dd54 e595 dd74 dd54 dd13 d533 dd54 d513 d513 d534 dd54 d574 dd95 ddd6 dd96 d595 d575 dd95 dd95 d554 dd54 dd34 d513 d4f3 d513 d4f3 d513 d554 d574 d575 d575 cd13 d534 d513 d513 ccd3 c492 ccb2 ccd2 d574 ddd5 e636 e5f5 dd73 dd33 d512 dd74 e5d5 e5f6 ddf5 e616 e637 ee57 ee77 e637 e636 e616 d5b5 ddf6 de16 de16 de16 e616 e616 ddf6 ddf6 ddf6 de16 de16 e637 e637 e637 e637 e636 e616 dd74 d533 d553 ddb5 e5f6 e617 e657 e657 ee77 ee98 f6b8 f698 e617 82ab 48a7 4847 5087 58a8 58a7 5887 58c8 58a7 60c7 60e8 58e8 58c7 5887 5887 5887 60a7 60e8 68e8 60c7 58a7 5887 68e8 89eb aace c38f d3d0 d3ef d3cf d3cf cbaf cbcf cbef d430 d450 d44f d470 d450 d44f d450 d450 d44f d450 dc50 d450 d42f d430 d450 d450 d450 d450 d42f d42f d44f d44f d42f d42f d44f d42f d44f d42f 
aa09 a9e9 a1e9 aa09 aa0a aa09 aa0a a9e9 aa09 aa09 aa09 a9e9 aa09 b209 a9e8 b209 ba69 c2aa d30a db6b e3ac e3ec e44d ec6d ec8d ecae ecae ecae ecae ecae f4ce f4ce f48e f46e ec4d e3ac db6b d30b c28a b229 a1a8 9968 9148 9168 9988 99a8 a1c9 a1e9 a9e8 a9e9 a9e8 b209 b1e9 b1e9 aa09 a9e9 b209 b209 aa29 aa09 aa09 b209 aa09 aa08 b209 b229 b229 b229 b249 b249 b209 b209 a9c9 a1e8 b2ea fe34 fe32 f58f f52e ec8e dbcb dbac db8c d32b d32c c2aa caeb c2cb c28a c28a b229 ba4a ba4a b22a ba6a ba4a b22a aa0a b24b ba8b cacc ba8b c2cc c2ab ba8b b26b baab cb4e d36d d36d d3ae dbcf d3ae cb6d cb8e cb6d d3ef d3cf baec bacc cb6d d3ce dbef d3ef d3ef d3ef d430 dc30 cbae cb6d cb8d d38e d3ef d430 d450 dcb1 e513 dcf3 dcb1 dcb1 dc71 cbef cbcf d451 dcf2 dd12 dd12 dcf2 dc91 d450 d490 e4f1 dcd1 dcd2 dcf1 dd12 dd33 dd13 d4b1 dcd1 dd12 dcf2 d4f2 d4d2 d4d1 d4b1 d4b2 d4b1 d4d2 dd13 dd33 dd33 dd73 dd73 dd53 d513 d533 dd54 dd54 dd34 d513 dd33 dd54 dd74 ddb5 ddb6 dd95 d574 dd54 dd54 d534 d554 d555 d534 ccf3 d4f3 d514 ccf3 d533 dd54 d554 d554 cd13 ccd2 d4f3 c491 ccb2 c472 cd13 ddb5 e5f5 e615 e5b4 d512 d512 e594 ddb4 e5f6 e616 ddf6 e636 e657 e637 e657 e657 e636 ddf6 ddd6 ddf6 de16 de16 de16 de16 e616 e5f6 e5f6 ddf6 e616 e616 e617 e637 e637 e637 e637 ee36 dd94 d4f2 d4d1 d4f1 dd53 ddb5 e616 e637 e637 e657 ee98 ee97 ee77 d555 69a9 50a7 5067 5887 5867 5887 5887 60c8 60a8 58c8 6109 6129 58c7 5087 58a7 58a7 60c8 60e8 60e8 60c8 5887 5867 7129 924c b32f cbd0 d410 d410 cbcf cbaf cbcf cbef d430 d450 d470 d450 dc70 d450 d470 d450 dc50 d44f d470 d470 d44f d450 d42f d450 d44f d44f d44f d44f d44f d42f d450 d44f d44f d44f d44f dc6f d44e 
aa09 aa09 aa0a aa0a aa09 aa09 aa2a aa09 a9e9 a9e9 aa09 aa0a a9e9 a9e9 aa09 b209 ba49 caaa d32b db6b dbab e40c ec4d ec6d ec8d ecae ecae ecae ecae ecaf ecae ecaf ecae ec6d ec4d e3cc e38b d30b caaa b229 a1a8 9148 9148 9168 9968 99a9 a1a9 a1e9 a9e9 a9e9 a9e9 b209 b209 b1e9 b229 aa09 a9e9 b209 aa09 b209 a9e9 a9e9 aa08 aa08 b209 b229 b229 b229 b229 b24a aa29 b22a a9ea a1c8 b34b fe75 fe32 f5b0 f52e ecce d3ec e40e d34b db6c db6c cac9 d32b d30b c28a ba49 ba29 b209 ba2a ba2a ba6b b22a ba8b ba8b b24a c2ac c2ec baab b22a b22a b24b baac cb6e d36e d38e d36e dbce d38e d38e cb4d cb8d dc0f cb6d baeb b2ab cb4d d38e d3ae d3ce d3ee d3ee d40f d40f d3cf cb6d cb2d d38f d3af cbcf d430 dc91 cc50 d4b1 e4f3 dcb2 d471 d410 cbcf cc30 e4d2 e512 e533 dd12 dcd2 dcb1 dc90 d450 dc91 e513 dcf2 dcd2 dcf2 dd12 dd33 dcf2 d4d1 d4b1 dcb1 dcd1 dcd2 dcf2 d491 d470 dcd1 dcd1 dcf2 dd12 e533 dd12 d4d2 dcd3 d4d3 dd33 dd54 dd74 dd54 dd33 d513 dd53 dd95 ddb5 dd95 ddb5 d554 d533 d513 dd13 dd33 dd34 dd34 dd54 d513 d4d3 dd13 ccd2 dd33 d533 dd33 d4f3 ccb2 ccb2 bc51 ccd3 d574 e5f6 e616 e5b4 d552 d533 d554 d574 e5d6 ddf6 e5f6 e637 e637 e636 e636 e636 e616 e616 ddf6 ddf6 ddd6 ddf6 e5f6 de16 de16 de16 ddf6 e616 e5f6 e616 e616 e636 e616 e617 e637 e637 ee37 e5d5 d512 cc90 d491 d491 dcf2 ddb5 e616 e5f6 e5f5 e636 ee77 ee77 ee77 b411 50c6 5086 5087 5087 5887 58a7 58a7 58c8 58a8 58c8 60e9 58c8 58a7 5887 60a7 60a7 60c7 60c8 60e8 60c8 58a8 60a7 818a a2ae c390 d410 d40f cbef cbcf cbaf cbf0 d430 d450 d450 d450 d470 d470 d46f dc50 d450 dc50 d44f dc6f d44f d450 d42f d44f d42f d42f d44f d44f d44f d44f d44f d44f d450 d42f d44f d44f d44f d42e 
a9e9 aa0a aa0a aa0a a9e9 a9e9 aa0a aa0a a9e9 b209 aa09 aa29 a9e9 aa09 a9e8 b229 c269 caaa d30a db6b e3ac ec0d ec4c ec6c ecad f4ce ecae ecce ecce ecae eccf eccf f4af f46e ec0d e3cc e38c d30b c2aa b22a a1a9 9988 9168 9168 99a9 a1e9 a1c9 a1e9 a9e9 a9c9 a9e9 a9e9 b229 b209 b209 b209 aa09 aa09 b209 b209 aa09 b209 b209 b209 b1e9 b20a b229 b209 b229 b229 b209 b209 b1e9 a1c8 bb4a fe54 fe12 f58f f52e e48c ecce e46e dbed d36c dbac db4b d2ea d2eb c28a c26a ba4a ba4a b22a a9e9 aa0a ba4b c26b ba4a c28b cacc caab ba4a aa0a aa2a baac d36e dbce d36d cb4d d38e d38d cb8d d36d dbcf d38e cb6e baec b2cc cb4d d38e dbcf d3cf cbae d3ef d40f d40f d40f d3af cb8e d38f d3ef d410 d410 cbae d40f dc50 d40f dc50 dc71 cbef d430 dc92 dcb1 dcd2 dcd2 e4b2 dcd2 d491 dcb1 dcb1 d491 d470 dc90 e4d2 dd12 dcf2 dcd1 dcd1 dcf2 dcb1 dc51 d430 d430 d491 dcf2 dcd1 d491 d4b1 dcb1 e4f2 dcb1 d4b1 d4b2 d4b2 d4f1 dd33 dd33 dd13 dd54 dd74 dd74 d534 d533 dd54 dd75 dd75 dd54 dd33 dd13 d4f3 d513 d534 dd55 dd35 dd75 dd54 d4f3 d4f3 d4d2 ccb1 d513 d513 ccb2 c471 c4b2 d533 ddf5 e636 e5f4 dd73 d553 dd94 ddd5 ddd5 ddd5 ddf6 e636 e636 e636 e616 e616 e616 e5f5 e5f6 e5f6 e5f6 e5f6 e5f6 ddf6 e616 e616 ddf6 ddf6 e616 e616 e616 de16 e616 de16 e637 e637 e637 e616 e5f6 dd33 d4b1 d450 d450 d490 dcf2 e5b4 dd73 d532 dd73 e5d5 ee57 ee56 edf6 824b 5066 5087 58c8 58a8 58a8 58a7 60a7 60c8 58a7 58c7 58c7 58a7 5887 58a7 60a7 5887 5887 58a8 60a9 60e9 60e9 712a 922c b30e cbb0 d40f d40f cbcf cbcf d3d0 d410 d450 d450 d470 d46f d470 d470 d470 dc6f dc50 d450 d450 d470 d450 d44f d42f d44f d44f d44f d44f d42f d42f d42f d44f d44f d44f d44f d44f d42f d42f d42f 
a1e8 aa08 a229 a209 aa0a a9e9 a9e9 aa0a a1e9 a9e9 a9e8 aa09 a9e9 b1e9 a9e9 ba29 ba49 c2ca d34b db8c e3cc e40d ec4d ec8e ecad ecae ecae ecae ecae ecaf ec8e ecae ecae ec6d e44d e3ec e36b d30b c28a b22a 9988 9148 9168 9169 99a9 99a9 a1ea a9ea a1e8 a1e8 aa09 aa09 aa09 aa2a aa09 aa0a a9e9 a9e9 aa09 b209 a9e9 b1e9 b1e9 b209 aa09 aa08 aa29 b229 b209 b229 b209 b209 a1c9 99c8 b32b fe55 fdd1 f58f ecee f4ce ec2c e3eb ec6d d36a e3ab db4b db4b d32c c2aa c28a c28a c24a b1e9 a188 b22a ba6b aa29 b269 c2ca c2ca c2ab ba6b aa0a ba6b cb2d d38e d3ae d38d d34d d32d d36e cb8e cb8d d40f c36d aa8a baab c30c d3cf d3ae d3cf d3cf d3cf d3cf d40f cbce d3cf d3cf cb8e cbef d450 d430 cbef c38e c3ae dc71 d451 c3cf cbcf d410 dc91 e4d2 e4f2 dcd2 d490 d470 d490 dcb1 dcd1 d4b1 dcb1 dc91 d471 d450 dcd1 e4f2 dcd2 d471 dc50 dc71 d491 d491 d490 d470 d470 dcb1 dcf2 dcf2 d490 d470 d471 d492 d4d3 dcf3 dcd3 dcf2 d512 d512 d532 dd94 dd74 dd54 dd34 d513 d533 d533 d513 dd13 dcf3 dcf3 d4b2 dd13 d554 d534 d554 d533 dcf3 cc71 dcd2 cc71 d4b2 ccb2 c491 ccd2 d574 e616 ee15 e5b3 d531 d552 ddb4 ddd4 ddb5 ddd5 e637 e637 e616 e5f5 e616 e5f6 e5d5 ddb5 ddd5 ddd5 d5d4 d5d5 ddf5 ddf5 ddf6 e5f6 e5f6 e617 ddd6 ddf6 e617 e617 e616 e617 e637 e657 e636 de36 e636 ddb4 d4d1 d470 cc51 cc51 cc91 dd13 dd12 c42f cc71 dd34 edd5 ee16 ee56 c512 5947 5087 50a7 58e8 6109 58c8 58a7 58a7 60c7 60e8 60c8 58a8 58a8 5887 5086 58a7 5886 5887 5887 6109 716b 798b 89cb aaad c38f d3f0 d3f0 d3cf d3cf cbae cbce cc0f cc4f d44f d450 d44f dc70 dc70 d42f d42f dc4f dc50 d430 d450 d470 d44f cc4f cc6f d44f d44f d44f d44f d44f d44f d44f d44f d44f d42f d42f d44f d44f d44f 
aa09 a9e9 a9e9 a9e9 aa2a a1e9 a1e9 aa09 a1e9 aa09 a9e9 a9e9 a9e9 b209 aa09 b209 ba49 cacb d32b db8c e3ed e40d ec4d ec8d ecae ec8e ecae ecae ecce ecae ecae ecae ec8e ec6d ec2d e3cc db8c d32b c2aa b249 99c8 9188 9168 9168 9188 99a9 a1e9 a9e9 a9ea a9ea aa2a aa0a aa0a a9e9 aa09 aa0a aa09 b209 aa09 aa09 aa09 a9e9 b209 b209 b209 b209 b209 b209 ba2a b209 b209 b209 a1ca 99e9 bb6c fe75 fdf1 f54e fd6f e48c e42c ec2d dbcc e3ac db6b db6c db2b db0b db2b d2ea c28a ba29 a9e8 aa0a b1e9 a9c9 b22a c28b c28b ba6a c26b b22a baab cb4d cb4d d36d d36d d36d d34d cb2c cb4d cb8e d410 c36e b28b baac c30d d36e d38e dbcf d3ce dbef d3ef cbae cb8e cb8f cb8e d3ef d430 d430 cbce cbae cbaf cbcf cbaf d3ef d410 cbce d3ce dc50 e491 dcb1 e4f2 dcd2 dcb1 d491 dc71 d450 dc91 dcb1 dcb1 dcd2 dcb1 d491 d44f dc90 dcd1 dcd2 d470 dc50 dc91 dcb1 d470 dcb1 d491 d471 dcb1 d470 cc0f cc30 d471 d4b2 d4d2 dd13 dcf2 dcf2 dcf2 dcf2 d4d2 dcf3 dd75 dd75 dd54 d513 d513 d513 d513 d513 d4f3 d4f3 d4b2 ccb2 d4d3 dd34 dd54 d513 d4d3 c451 cc51 cc50 cc50 d4d2 dd73 e5d4 edf4 dd72 d532 dd73 ddb4 ddb4 ddd5 ddf6 de16 e636 e636 e616 e616 ddd5 e615 ddd5 ddb5 dd95 ddb5 ddb5 ddd5 ddd6 ddd6 ddf6 ddf6 ddf6 de16 e616 ddf6 de16 e616 e616 de16 e637 e637 e657 e637 e616 edf5 d4d2 cc70 cc0f cc70 d4d1 dd53 dd12 bb6d c38e cc71 dd33 e594 edf5 ee16 930d 50c6 50a8 5067 58c8 6129 58c8 58e8 58c7 60c7 58a7 58a7 5886 5887 5887 58a7 60c8 5887 58a8 58c8 692a 798b 89ac a2ad bb6f cbcf d3ef d3cf cbaf cbcf cbcf cc10 d450 d450 d450 d470 d470 d44f d470 d42f d42f d450 dc70 d450 d44f d450 d44f d44f d44f cc4f d450 d430 d450 d44f d44f d470 d44f d46f d44f d44f d42f d44f d42f 
aa09 aa09 aa29 a1e9 a1e9 a1e9 a1e9 a1e9 a1e9 a209 aa09 a9e9 a9e9 b209 b209 b22a ba6a cacb d32b dbac e3ec e40d e44d ec8e ecae ec8e ec8e ec8f ecae ecae ec8e ecae ec8e ec4d ec2d e3cc db8c d30b c2aa b229 a1a8 9168 9168 9168 9168 a1a9 a1c9 a1e9 a9e9 aa0a a209 aa2a aa09 aa09 aa09 a9e9 aa09 aa09 aa09 aa09 a9e9 a9e9 aa09 aa09 b209 b229 b209 b209 b229 b209 aa09 aa09 a1ca 99c8 c3ac fe54 fdb0 f56f f50e ec8d ec8d e40c ecae e42d d36b e38c d32b db6c db4b caca ba6a b229 b229 aa09 a1a8 a9e9 ba6a ba6a ba6a ba4a b20a ba8c d36e d38e d34d cb2d d34d d32c cb4d cb4d cb6d d3cf c32d bacc b2ac c30d cb4d d36d d38d dbce dbef d3cf d3ae cb8e c34d d3cf d3ef d40f cbef cbef c3ae d410 d430 d410 d3f0 cb8e cb8e dc50 dc50 d40f dc70 dc91 dc71 dc71 dc91 dcb2 dc92 dc71 dc71 dcb1 dcb1 d4b1 dcd1 dc91 d450 d430 d450 e4b2 dcb2 d471 dc70 dc90 dcb1 dcb1 d491 cc30 cc10 cc51 d472 d471 dcb2 dcb2 d4b2 dcd2 dcf2 dcd2 dcf2 d491 dcd3 d4b2 dd34 dd54 dd34 dcf3 d4f3 d4b2 d4d2 d4f3 d513 d4f3 d4b2 d4d3 ccb2 dd13 dd34 d4f3 ccb2 c471 c410 c451 cd13 ddb4 e5f5 dd93 dd33 dd32 dd53 dd73 ddb5 e5f6 e616 e616 e636 e616 e616 e616 e5f5 ddb4 ddb4 ddb5 ddd5 ddb5 ddb5 ddd5 e5d6 e5d6 ddf6 e616 e616 de16 e616 e616 de16 de16 e617 e616 e637 e657 e637 e637 e637 ee36 dd53 cc50 cc50 cc50 d4d1 dd32 e512 bbcd bb4d cbef d491 dd53 e5b4 ee37 e596 6988 4866 5067 5067 5067 58c7 58c8 6949 6129 58c8 5887 5887 5867 58a7 60a7 60c7 60a7 5887 58a8 60e9 714a 81ab 9a2d b32f cbb0 d3f0 d3cf d3cf cbaf cbcf cbcf d40f d450 d470 d470 d470 d470 d470 d44f d450 d450 d450 d44f d450 d42f d44f d44f d46f d44f d44f d450 d430 d450 d42f d42f d44f d44f d44f d44f d42f cc2f d42f d42f 
a9e9 aa09 a9e9 a1c9 a1e9 a1e9 a1e9 a9e9 a1e9 a1e9 a1e9 aa09 a1c9 a9e9 a9e9 b209 c26a cacb d32b db8b e3cc ec0d e44d ec8e ec8e ecae ecae ecae ecae ecae ecae ecaf ec8e ec6d ec2d e3ec e3ac d32b c28a b229 a1a8 9168 9168 9168 9968 9988 a1c9 a1c9 aa09 aa0a aa09 b209 aa0a aa0a aa09 b209 a9e9 a9e9 a9e9 aa0a aa09 aa09 aa09 a9e9 b209 b229 b209 b229 b209 aa09 aa09 a9e9 a1c9 99e8 cc0d fe54 fdb0 f52e eced f4ce e44d e40c ec2d db8b e3cc d34b db6b db6c db6c cacb ba49 ba2a b20a a9e9 aa0a b24b b24a ba4b b22a a9e9 b26b cb6e d3ae d38e d36d d34d cb0c d34d cb2c d38e cb8d bb0c b2ab b2ac baec cb6e d3ae d38e d36d d3ae d3ee d3ae c34d d3ae cb8e cb6d d3ce d3ef c34d d3f0 d3ef d430 dc50 d3ef cb8e cb6d cbae dc51 dcb1 dc71 d40f d40f dc30 d430 d450 e491 dcd2 dcb2 dc71 dc71 dc90 dc70 dc70 dc70 dc71 d471 d430 dc50 dcb1 e4d1 dc71 dc50 dc50 d430 cc51 cc51 cc50 d491 d4b1 d4b1 d4b1 dcd2 d4b2 d491 dcf2 dcf2 dcd2 d471 dcb2 dcb2 d4b1 dd12 dd33 d513 d4d3 d4d2 d492 d4b2 dd13 d4f3 cc91 d4b2 d4d3 d4b3 d4d3 ccb2 cc72 c472 ccb2 dd74 edd4 e593 dd31 d4f1 dd52 dd73 dd94 ddb5 ddf6 e637 ee56 e636 e616 e616 ddf5 ddd5 ddd5 d594 ddb5 ddd6 ddb5 ddb5 ddb5 ddd5 ddd5 e5f6 e5f6 e5f6 de16 de16 e616 e616 de17 de16 de16 de16 e637 e657 e657 e657 e636 e5f5 cc90 cc2f cc70 d4d1 dd12 dd12 bbae bb6d c3af d471 dcf3 dd33 ddb4 f658 ccd4 50c6 4866 5067 5067 5867 58a7 58c8 6109 58e8 58c8 58a7 5067 5887 60a7 60c7 60a7 60a7 5888 60c8 712a 714a 89ec a2ad c3b0 d410 d410 d3cf cbcf cbcf cbcf d40f d450 d44f d44f d470 d450 d470 d470 d470 d44f d450 d450 d430 d44f d44f d44f d44f d44f d470 d44f d44f d42f d42f d42f d42f d44f d450 d44f d42f cc2f d44f d44f d44f 
aa09 aa2a aa2a a9e9 aa09 a1e9 a209 aa09 a9e9 a9c9 a1e9 a9e9 a9e9 a9e9 aa09 b229 ba8b caab d32b db6b e3ec ec2d e44d ec6d ec8e ecce ecae ecae ecae ecae ecae ecae ec8e ec6e ec2d e3ec e3ac db2b c28a b229 a1a8 9168 9168 9189 9989 99a9 a1e9 a1e9 a209 a209 aa29 aa09 aa09 aa09 aa09 aa09 a9e9 a9e9 a9e9 a9e9 aa09 aa09 b209 b229 b209 b229 b209 aa09 aa09 aa09 a9e9 a1c8 a1a9 99c8 dc8f fe54 fd8f f50d f50e ecad ec8d e42d dbcc e3cc e3ac db8b d32b d30b e38c caca ba6a ba6b b209 b24a ba4a ba4a ba6a b22a b24b ba8c cb4d d38e d38d d36d d34d d34d caec caec d38e cb8e bacc bacc baed baec cb2d d38e d3ae d3ae d38e d36e cb8d d3ae cb6d d3ae d3ae cb8e bb2d cb8f c36e d3af dc10 d3ef d3ef d3af cbaf d410 d410 d430 d42f dc70 d451 d410 cbef dc30 dc51 d450 dcb1 e4f2 dc71 d410 dc30 d430 d430 d470 d491 dc91 dcb1 dc71 d450 e491 e491 c3ae c3cf d431 d491 dcd2 dcb1 d471 d471 dcb1 d450 dc71 dcb2 dcb2 dcb2 e4d2 dcb2 dc91 d470 dcb2 dcb2 d471 d4b1 d4b2 d4d2 dcf3 d4b2 d492 d4b2 d4d2 d492 cc51 d472 cc51 cc30 cc71 ccb2 dd33 e5b4 e5b4 dd32 d4f1 d511 dd53 dd93 ddb4 e5f5 e616 e636 e636 e616 e616 e616 ddd5 ddd5 ddb5 ddb5 ddd5 ddd5 ddb5 ddd5 ddb5 ddd5 ddf6 ddf6 e5f6 e617 e5f6 e616 e617 de16 de16 de16 e637 e637 e637 e657 e657 e657 ee57 ee36 d512 cc50 cc50 d4b1 dd13 dcf2 bbce bbae cc10 cc71 d4b2 d4f2 dd33 e5f5 ee58 9b4e 4886 5086 5087 50a7 5087 58a8 58c8 58a7 58c8 58c8 5087 5087 5887 58c8 60c8 60a8 5888 58a8 60e9 714a 81ab 9a6d b32f cbf0 d430 d3ef d3cf cbaf cbcf cbef d42f d450 d450 d450 d470 d470 d450 d450 d450 d44f d42f d44f d450 d430 d430 d450 d44f d450 d450 d44f d42f d44f d42f d44f d42f d44f d44f d42f d450 d430 d44f d42f d44f 
a9e9 a9e9 aa09 a1e9 a1e9 a1e9 a1e9 a1e9 a9e9 a1c9 a1e9 a1c9 a9e9 a9e9 a9e9 b209 ba6a caca db4b e36b e3cc ec2d ec6d ec6d ecae ecae ec8e f4af ec8d f48e f4ae ec8e ec8e ec6e ec2d e3cc e38c db2c c2aa b22a a1c9 9989 9168 9189 9989 a1c9 a1c9 a1c9 aa09 aa09 a9e9 a9e9 a9e9 a9e9 aa09 aa09 a9e9 b1e9 b209 aa09 aa09 aa09 b229 b24a b209 b209 b209 b209 aa09 aa09 a9e9 a1c9 a1a9 a208 e4f0 fe12 f58f f56f ed0d ecee ecce dc0c dbec e3ec dbed d36c cb0a db6c d36c caeb caaa ca8a ba6a ba4a b22a ba2a ba2a b1e9 c2cb d34d d38e d38e d36d d36d cb4d cb2d cb2c cb2d cb6e baec b26b c2ed c2ec cb4e d3ae d3ae cb8d dbce dbcf cb6d cb4d d38e cb8e d3ae c32d c34d cb6e d3af d3ef d3cf d3cf d3ae cb4d cb6d dc0f dc50 dc71 dc30 d40f dc10 d430 d430 d431 d410 d410 dc51 d430 dc50 d451 cc10 cc31 d452 d451 dc71 dc70 dc91 dcb1 dcb1 d42f d40f cbcf c3af cc2f dcb1 dcd2 d490 d490 dc91 dcb1 dcd2 d471 d450 d471 dcb2 dcb1 dcd2 dcd2 d491 dc92 d471 d492 d492 d471 d451 d491 dcd3 d4b2 d492 cc51 d492 d492 c430 cc30 cc31 c430 d4b1 dd73 edd5 e572 dd31 d511 dd52 d532 e594 e5d4 e615 e635 e615 e615 e5f5 e5f4 ddd4 ddd4 ddb5 ddb5 dd95 ddd5 ddd6 ddd5 ddd6 ddd5 ddf6 ddd5 e5f6 ddf6 e5f6 e617 e616 e617 e617 e617 e617 e617 e616 e637 e637 e657 e657 e657 ee37 e5b5 cc90 c430 cc71 dcf2 dcf2 c3ef c3ae cc50 d491 dcb2 cc71 cc91 e594 ee57 ddd6 71e9 4886 50a7 50a7 58a8 5887 58a7 58c8 60c8 58a7 6109 58c8 5087 5887 58a8 60c8 60c8 58a8 58c8 690a 714a 89cb aace c390 d410 d410 cbcf d3af cbcf cbcf cc0f d430 d450 d450 dc6f d46f d470 d450 d44f d44f d44f d44f d42f d42f d42f d450 d44f d44f d44f d42f d44f cc2f d42f d42f d46f d44f d44f d44f d42f d44f cc2f d42f d42f d44f 
a1e9 a209 aa2a a9e9 a1e9 a1c9 a9e9 aa09 aa09 a9e9 a1e9 a9e9 a9e9 a9e9 b209 ba4a c28a d2eb db2b db6b e3cc ec2d ec4d ec8d ecae ecae ecae ecae ec8e ecae ecae ec8e ec8e ec8e ec4d e3ec e3ac db4b c2aa b249 a1a8 9968 8947 9189 9989 a1c9 a1c9 a1e9 aa09 a9e9 aa09 aa09 aa0a a9e9 a9e9 b20a a9e9 b209 aa09 aa09 a9e9 a9e9 aa09 aa09 b209 b209 a9e9 b209 aa29 aa09 a9c8 a1a8 9988 a209 f531 fdd2 fdd0 f54e f56e f54f ec8d ec8d e40c dbcc ec4d db8b db8c db4b e38c db4b caaa d2eb c28a ba4a ba4a aa09 aa09 ba8b cb0d caec d34d d36d d34d cb2d cb4d cb4d d38e cb4d b2ab b28b baac c2cc cb2d dbce d3ae d3ae d3ae d3ce d3ae cb6d cb6d d3ae cb8e baec c30d cb4e d3ae d3ef d410 d3f0 cb8e cb6d cb6e d3ef dc0f dc30 dc30 dc30 dc30 d3cf d3cf d410 dc92 d451 d3ef d3f0 dc31 cbb0 cbd1 c390 cc12 d453 d472 dc71 dcb1 dc90 dc70 d430 cbf0 cc10 d471 d471 d470 d450 dcb1 dc91 d450 dc50 dc71 dc91 dc91 dc71 d471 d450 dcb2 d471 dc92 d472 d492 d492 d430 d471 d471 d472 d451 d471 d492 d471 cc51 d451 cc72 c431 c3f0 d4b2 dd53 e5b4 e593 dd31 d4f1 dd11 dd32 dd94 e5f5 e615 e5f5 e5d4 e5d4 e5d4 e5b3 e593 dd73 d553 dd94 ddb5 dd94 ddb5 ddd5 ddd5 ddf6 ddd5 e5f6 ddd5 ddf6 e616 e616 e617 e617 e617 e637 e617 de16 e637 e637 e637 e637 e657 e657 e657 e657 ee16 cc91 c42f c450 dcd2 dcb2 c3cf c410 d472 dcb1 d450 cbcf c3cf d4b1 edf6 fe98 b451 5108 4887 5067 5088 58c8 58c8 58c7 58a7 58a7 60c8 5087 58c8 6109 60e8 60e8 60e8 58a8 58a8 60e9 694a 798a 9a4d bb6f cbf0 d410 d3ef d3cf cb8e cbaf d410 d430 d450 d450 d470 d44f d44f d44f d42f d450 d430 d42f d42f d42f d42f d450 d450 d44f d42f d42f d42f d450 d450 d42f d42f d44f d44f d44f d42f d42f d450 d44f d44f d44f d44f 
a9e9 a9e9 aa0a aa0a aa09 a9e9 a9e9 a9e9 a9e9 aa09 a9e9 a9e9 a9e9 b209 b209 ba29 c28a d2eb db4b e38c e3cc e40d ec4d ec6d ec8e ecae ecce ecce ecce ecce ecce ecce ec8e ec6e ec2e e3ed e3ac d32b c2cb b26a a1e9 9168 8947 9168 9188 99c9 99c8 a1e9 a9e9 a9e9 a9e9 b20a aa09 a9e9 a9e9 b209 b1e9 b209 aa09 aa09 aa09 aa09 aa09 a9e9 b209 b209 b209 b22a aa29 a9e8 a9c8 a1a8 a187 aa49 fdb3 fe12 f5b0 fdb0 f56f eccd f52f ecae e42d ec2e e3ec e3cc e3ac d32a e3cc d34b d2eb caaa ba29 ba4a b209 a9c8 ba8b cb2e d34e cb0d cacc d32d cb4d c32d cb4d d38e d38e bacb b2ac bacc bacc cb2e d36e d36e d36e d3ae dbcf d3ae cb6d d38e d38e cb4d b2ac baed c32d d38e d3cf d3cf d3ef dbf0 c32d cb8e d3ef dc30 dc30 d40f dc30 dc30 d410 d3f0 d3d0 cbd0 d472 dc93 d453 cc34 cc54 bc13 bbf3 b392 b391 b390 bb8f c3cf c38e cbae c3cf cc10 cc30 d451 dc71 e491 dc71 dc50 dc70 d450 d470 d471 d450 d450 dc91 d491 dcb1 d450 d471 d491 d471 dc92 dc92 dc92 d472 cc31 cc51 dc92 d472 cc30 cc51 cc51 cc31 c411 cc31 cc71 d513 e574 e5b4 dd32 dcf1 dd32 e553 dd33 dd94 e5f5 e615 e615 e5f4 ddb3 dd93 dd73 dd93 d553 d554 dd74 dd94 ddb4 ddd5 ddd5 ddf5 ddd5 ddf6 ddf6 ddf5 de16 de16 de16 e637 e637 e637 e637 e617 e616 de16 de16 e637 e657 e657 e677 e677 e677 ee57 d574 c430 cc51 d4d2 d491 c3ef cc10 cc70 cc50 c3ae bb0c bb6e cc31 dd74 f677 f678 82ab 4886 5088 5088 5087 58c8 58e8 60e8 58c8 58c7 6109 58c8 58c8 694a 6929 60e8 68e8 60c8 60c9 60c9 712a 81eb aaee c3af d3f0 d3f0 d3ef d3cf cbaf cbcf d40f d44f d44f d470 d450 d44f d44f d42f d42f d42f d42f d44f d44f d44f d44f d42f d42f d44f d44f d44f d44f d42f d42f d44f d44f d46f cc4f d44f d44f d44f d44f d44f d44f cc2f d42e 
a1e8 a1e8 a209 a209 aa0a aa0a aa09 a9e9 a1c9 a1e9 aa09 aa09 b209 b209 ba09 c249 c289 cac9 db2b e38c e3ec e42d ec4d ec8e ec8d ecae ecae ec8e ecaf f4cf f4cf f4ae ecad e46d ec4d e3ec e3cd db4c c2cb b229 a1a8 9147 9148 9148 9148 9989 99c9 a20a 99e9 a1e9 a1e9 aa09 a9e9 a9e9 a9e9 a9e9 a9c9 a9c9 aa09 aa29 b209 b209 b229 aa09 a1e8 a1e8 aa09 aa09 aa09 a9c9 a9c9 a1a8 9947 a229 f572 fe12 fdf1 fdf1 ed4f fd90 f50e e48c f4ee e46c e44d e3ec d36b db6c e3ac e38c db6b caaa c26a b9e9 a9a9 b20a cb0c d34c d38d cb4d c2ec c2ed cb2e cb2d c34d c34d bacc baac c2ed c2cc cb4e d3af cb8d cb6d cb6d d3ae d38d cb4d cb6d d3cf baec baed c2ed cb4e cb6e d3d0 dbf0 d3f0 c36d c32c c34c d3ae d3ef dc50 dc71 dc31 d3f0 d3f0 d411 cbb0 cbf2 cbd2 c3b2 c3f3 bc12 bc52 bc32 b3f2 b3d2 ab71 ab70 ab71 ab50 928e 920c 89ca bb6e dc91 dc50 d450 d470 d470 d46f d44f dc50 dc50 dc71 dc71 d450 d430 dc50 dc71 dc71 d451 d430 dc51 d450 cc30 cc51 d492 d451 d471 d451 d471 d472 c410 c3f0 d431 cc11 c3f0 d4b2 e574 e5b3 dd72 dd51 d4f0 d512 dd73 e5b5 ddb4 ddb4 e5f5 ee15 e5d4 ddb4 dd94 dd94 dd94 d593 d593 d5b4 d5b4 ddd5 ddd5 ddd5 e5d5 ddd5 ddb5 ddf6 ddf6 e5f6 e5f6 e617 e617 e616 de16 e636 e616 e637 e637 e617 e637 e617 e617 e658 e657 e658 ee58 ee17 c4b1 bc4f ccb1 cc70 c3ee cc2f cbef c36d aa8a 9a4a a28b bb6e d4b2 ee16 f698 e5d7 5947 4086 4066 4887 50a8 58c8 60e9 6109 60c8 58c8 58c8 58c8 58c8 6109 716a 68e8 60c8 58a7 58c8 60e9 716a 924c bb2f d3f0 d40f d3cf d3af cbce cbce d3ef d430 d450 d470 d44f d44f d44f d44f d44f d42f d44f d44f d40f d42f d42f d42f d42f d42f d450 d44f cc2e cc2e d44e d44f d44f d42f d44f d44f cc2f cc2f d44f d44f d42f d430 d42f d42f 
aa0a aa09 aa09 a209 aa0a a209 aa09 a9e9 a9e9 a9e9 a9e9 b209 b209 b229 ba29 c249 c269 d2ca db2b e36b e3cc ec2d ec4d ec6e ec8e ecae ecae ecae ecce ecae ec8e ecae ecad ec6d ec4d e3ed e3ac d32c c2aa b209 a1a8 9168 8947 9148 9988 99a8 99c9 a1e9 a1ea aa0a a9e9 a9e9 aa0a aa09 a9e9 a9e9 a1e9 aa09 aa09 aa09 a9e8 a9c8 a9e9 a9e9 a9e9 b209 b209 b209 b1e9 a9c9 a1a8 a188 9967 aa49 f5b3 fe33 fdf1 f58f f5cf f58f e4ce ecce dc4c ec8d ec4d dbcb e40d dbac dbab ebed db6b d30b caaa b1e8 a9c8 c2ab cb0d cb0c d32d cb2d cb2d c2ec c30d cb6e cb6e b2cb b28b c30d c2ec cb0d d3ae d38e d36d cb4d d36d d36e d36d d36e cb4d bacc bb0d c34e cb6e c34d c34d d3cf dc10 cb8e c34d c34d cb8e d3af dbef dc10 dc0f dc10 cbaf bb2e aace a28e a28e a2ae a2ae a2ce b30f bb4f cbd0 d3f1 c370 b2ee cbf1 c3d0 c3d0 bb8f a2cf 81ab a2cd dc52 dc71 dc50 dc50 dc70 dc50 d450 d430 cbf0 cc11 cc32 d451 dc71 d450 dc71 d471 dc71 d410 d410 cc10 d431 cbd0 c3d0 dc92 cc51 d472 cc10 cc51 cc31 c3af c3f0 cc50 d4d2 e593 edb3 e552 d4b0 dcf1 dd12 e574 ddb4 e5f5 e5f5 e5d4 e5f4 e5f5 ddb4 ddb4 ddb4 dd94 ddb4 ddb4 ddb4 ddd5 ddd5 ddd6 ddd6 ddd5 ddd5 ddf5 ddf5 ddf6 ddf6 e616 e616 e616 e616 e617 e617 e637 e617 e637 e637 e637 e637 e637 e657 e678 e677 e677 ee57 d533 c450 d491 cc50 cc2f c3ef b30c 9a29 9a2a 9a2a a24b b30e cc10 e574 ee97 ee98 b431 48a5 4866 4866 5067 58a7 58c8 58c8 58c8 58a8 58a8 58a8 58a7 58a7 6908 6909 60c8 60c8 690a 60e9 712a 81ab aaee c3b0 d410 d40f cbcf cbcf cbcf cbef d42f d430 d450 d450 d450 dc50 d44f d44f d450 d450 d44f d44f d42f d42f d42f d42f d42f d44f d44f d42f d42f d44f d42f d42f d42e d42f d44f d44f cc4f cc2f d44f cc2f d42f d42f cc2f cc2f 
aa0a a9e9 aa0a aa09 aa09 a1e9 aa09 aa09 aa2a aa09 aa09 b209 b229 ba29 ba29 c249 ca8a d2ca db4b e38b e3cc ec0d e44d ec8e ecae ecae ecce ecce ecce ecae ecae ecae ecae ec8d ec6d e40d dbac d32b c2aa b209 a1c9 9168 8927 9148 9188 99a9 99c9 a1c9 a1c9 aa0a aa09 aa09 a9e9 a9e9 a9e9 a9e9 a9e9 aa09 a9e9 a9e9 a9e9 b209 b1e9 b1e9 aa08 b209 b209 b209 b1e9 b1e9 a1c9 a188 9167 a229 f592 fe53 f5d1 fe12 fdb0 ed2e f54f ecad dc4c f4ce dbeb ec4c ec4d dbeb ec0c dbab e3cc d34b ba49 ba4a ba4a c2ec cb0c c2ec caec cb0d cb0c cb0c cb4d d38e baec aa6b bacc baed c30c d38e dbae d38e d38e cb6d d36e d36d d38e cb8e baec bacc c30d cb4d cb6e cb8e cb6e cb6e d38e cb4d c32d dbd0 d3d0 d3cf d3cf d3cf cbaf bb2f 9a4d a24e a2af aaf0 aacf a28d 9a6d 920c 920c 9a4c aacd c390 b30f aa8d c3b0 cbd0 cc11 cc32 bbb1 9aae 926c bb6f c3af cbf0 d431 d451 d450 dc91 d471 bbb0 b3b0 b3b1 c3d1 c3d0 cbf0 dc72 d451 d451 dc52 cbd1 bb50 aaef 920c 81aa c3d1 cc32 cc32 cbf1 c3d0 cc11 c3cf c410 dd13 e5b4 e593 dd11 d4f1 d4d2 dd74 e5d6 e5d6 ddd5 e5f5 e5f5 e5d4 e5f5 ddd4 ddb4 dd94 ddb4 ddd4 ddd5 ddd5 ddd5 ddd5 ddb5 ddf6 ddf6 ddf6 ddf6 e5f6 e616 e616 ddf6 e616 e616 de16 e637 e637 e637 e637 e637 e636 e636 e637 e637 e637 e657 ee78 ee78 ee77 e5d5 ccb1 d491 cc50 cc0f bb6d a249 91a8 9188 99ea 9a2b aaac c3f0 d514 ee37 f6b8 e636 826b 4865 4846 4846 5067 5887 58a7 58a8 60c8 5887 5887 58a8 58a7 60c7 60e8 68e8 58a7 60c8 58c9 60e9 714a 9a4d bb2e d3cf d40f d3ef cbae cbaf cbcf cbef d430 d450 d450 d450 d450 dc50 d44f d44f d44f d42f d42f cc2f d42f d42f d42f d42f d42f d42f d44f d42f d42f d42f d42f cc2f d42f d42f cc2f d44f cc4f d44f d44f cc2f cc2f cc2f d42f cc2e 
aa0a aa0a aa0a aa0a aa2a a1e9 aa09 aa0a aa09 aa0a aa09 b209 b209 ba09 ba29 c229 ca8a caca db4b e38b e3cc ec0c ec4d ec8e ec8e ec8e ecae ecae ecae f4ae f4ce ecae ecae ec8e ec6e e40d e3ac d34b caca b229 a1c8 9188 8907 9127 9168 a1a9 a1c9 a1c9 aa09 aa09 aa0a a9e9 a9e9 aa09 aa09 aa09 aa09 aa09 aa09 b209 a9e9 b1e9 b1e9 b1e9 b209 b209 b209 b1e9 a9e9 a9e9 a9e9 a1a8 9967 a229 f592 fe53 fe52 f5d0 edb0 fdf2 ecee e46c ecae e42c ec6d e40c db8a ec0c e3ec e3cb ebec db4a c2ca c2cb c2cc c2ab caec c2cb cb0d c2ec c2ec cb4d c36d b2ec aa6a b2ac c2ed c2ed d38e d38e d36d d36e d36e cb2d cb2d db8e c32c bacc c2ec cb4e c30d cb4e cb6e d3af d3d0 c32d baec cb4e d38e dbcf d410 d3f0 d3d0 cb6f aaad 920c a28e bb91 c3b1 c370 c34f baee b2ce aace a26d 9a4d 89ab 920c 89ec a2ae c3f1 d472 dc72 dc72 d452 bbb1 a311 92b0 8a70 928f a2cf aaef b2ee c36f dc53 d452 d431 cc31 c473 abb1 9ace b350 c3b2 b350 c3f3 c454 9b51 a352 9af1 718c 6109 9a8e c412 cc32 c3b0 c3d0 d4b2 e573 e593 e532 d4af dcb1 d4d1 e574 e5b4 ee36 ee36 e615 e5f5 e5d4 ddb4 e5d4 ddd5 ddd5 ddd5 ddb5 ddb5 ddd5 ddb5 ddd5 ddd6 ddf6 ddf6 ddf6 de16 de16 e616 e616 e616 e616 de16 e617 e637 e637 e636 e616 e637 e637 e637 e636 e636 e637 e657 e657 ee77 ee77 e5f5 ccf1 d4b1 cc2f c38d a28a 89a8 8988 91c9 99e9 a22a aaac bb8e d4d3 ee16 f697 f6b7 bc91 58e6 5066 5067 5067 5067 5887 60c8 58a7 58a7 58a7 58a8 5887 60a7 60c7 60e7 60e8 60c8 58c8 60e9 6929 81aa aace c3af cbef d3ef d3ef cbcf cbcf d3ef d430 d470 d450 d44f d44f d44f dc50 d44f d44f d44f d44f cc2f d44f d44f d430 d430 d430 d42f d450 d44f cc2f cc2f d42f cc2f cc2f d42f d42f cc2f d44f cc2f cc2f cc2f d42f cc0f cc2f cc2f cc0f 
aa0a aa0a aa09 a9e9 aa2a aa0a aa0a a9ea aa09 aa0a b22a a9e9 b209 ba09 ba09 c229 ca8a d2ea db4b e38c e3cc ec0d ec4d ec8e ecae ecae ecce ecce ecce ecce ecae f4ad f4ae f48e ec4d ec0c e3ac db2b c2aa b229 a1a8 9147 8927 8948 9188 99a9 99a8 a1c9 a1e9 a9e9 a9e9 aa0a aa09 a9e9 aa09 b209 b209 b1e9 b1e9 b209 b1e9 b209 b209 b209 b209 b1e9 b1e9 b1e9 b1e8 a9c8 a9a8 a188 9947 a209 ed52 fe74 fe12 f5b0 fdf1 f590 ed4f f52f e4ad ec8d ec4d db8a ec0c dbab dbab ec2e e36b db2a d2ca c28a c2ab c2cc c2ab c28b c2cc c2ec c30c cb2d baed aa6b b2cc bacc c30c d38e d38d d38d d34d cb2d d34d d34d cb2d cb0c bacc bacc cb0c cb2d cb4d cb4d cb6e cb8e d3af bb0c c32d cb8f d3cf d3cf d3cf d3d0 d3d1 bb0f a26d b2cf bb70 c390 cbb0 c32e c30f baee b2ae aa6e a26d a26e 89ec 798c 714a 9aaf cc54 d4b4 dc93 dc93 d473 c3d2 a352 a373 9b12 9af2 9b12 9af2 9290 924e 9aad b32f bb90 cbd1 c3f2 c413 ab30 9aaf 9aaf 8a2c 820b 928e 79cb 8a2e 9af0 8a4e 50a8 6129 bbd1 cc32 c411 d492 e574 e573 d4b0 dc90 d470 dcd1 e554 e594 e593 edf4 edf5 e5f5 e5d5 ddb4 ddb4 ddd5 ddd5 ddd5 ddd5 ddd5 ddf5 d5b5 d5b5 ddd6 ddf6 ddd6 ddf6 ddf6 de16 de16 e616 e616 de16 de16 e616 e616 e636 e637 e637 e616 e617 e616 e637 e637 e637 e637 ee57 ee78 ee76 e5f5 dd12 cc6f c3ee b32c 91e8 91a9 91c9 91e9 a22a a20a aa6b bb2d cc51 e575 f677 f6b7 e5d5 7209 4885 5067 5087 58a8 5887 58a7 5887 58a7 58c7 58a7 5887 5887 60c7 60e8 6908 6108 58c8 58c8 60e9 798b 922c bb2f cbd0 d3f0 cbcf d3af cbaf cbcf cbef d42f d450 dc90 d470 d44f d44f d44f d44f d46f d44f d44f d44f d42f d42f d42f d450 d450 cc2f cc2f d430 cc2f d42f d42f d42f d40f d42f d42f cc2f cc2f cc2f cc2f d42f cc2f cc0f cc0f d42f cc0e 
aa0a aa0a aa09 aa09 aa09 aa0a aa2a aa0a aa09 aa2a b24a aa09 b209 b229 ba29 c26a ca8a daeb db2b e36b ebcc ec0c ec4d ec6d ecae ecae ecae ecae ecce ecce ecce ecae ecae ec8d ec4d ec0c e3ac db4b c2aa b229 99a8 9148 8927 9168 9168 9988 99a9 a1e9 a1e9 a1c9 a9e9 a9e9 a9e9 aa09 b229 b229 b209 a9e9 b229 b22a a9e9 b209 b209 b1e9 b1e9 b1e9 b1e8 b209 b1e8 a9c8 a1a8 a1a8 9968 a209 ed31 fe34 f612 fe32 f590 f590 fdd0 ed4e eced ecee dbeb e40c db8a d34a ec0c dbcb e40c e3cc caca c26a ba6a c2ab c2ab ba8b ba8b c2ec cb2d baec aa4a b2ac baed c2ed d36d d36d d36d d34d cb4d cb6d cb6d cb6e baec baac c2ed c30d c30d cb0d cb4d cb4d cb4e cb4d c30d c30d d38e cb8e d38e d3af d3d0 cb8f c34f b2ee bb50 cbd1 cb90 cb70 bb0f aa8d a26d a24d 9a6d 89eb 81cb 796a 798b 798c 610a 8a6f b3f3 c434 d494 d473 cc34 ab52 a353 ab74 ab73 ab73 9b53 9b12 8a90 79ee 698d 79ee 824e 820d 81ec 8a2d 89cc 81cc 79ac 798c 58c9 60ea 612a 58c9 694a 694b 4868 50a8 92ae c452 dd34 e594 dd11 cc4f d450 d450 d513 dd95 e5f6 e5d5 ddd4 e5d5 e5f5 e5f5 ddb4 ddb4 ddd5 e5f5 ddd5 ddd5 ddd5 ddd5 ddd5 ddd5 ddd5 ddd5 ddf5 ddf6 ddf6 e616 e616 ddf6 de16 de16 de16 de16 e616 e616 e636 e657 e637 e617 e637 e637 e637 e637 e637 e637 ee77 ee15 e573 d46f c3cd b30b 9a09 91c9 91a8 91a9 99ea 99c9 a20a a22a b30d cc31 dd54 ee16 ee97 ee57 a38e 50a5 5066 4867 5067 58c8 58c7 58a7 58a7 58a7 60c7 5887 5866 5866 60a7 68e8 60c8 60c8 58a8 58a8 6909 81cb a2cd c3b0 d410 d3f0 cbcf cbaf cbaf cbcf d430 d450 d470 d470 d470 d470 d470 d450 d450 d450 d450 d450 d450 d430 d430 d430 d42f d42f d42f d42f d42f d42f d44f d44f d42f cc2f d42f cc2f d430 cc2f d42f cc2f cc2f d42f cc2f cc2f d44f cc2e 
aa0a aa0a aa09 aa2a aa0a a209 a22a a229 a9e9 aa0a aa09 b229 ba29 ba29 c229 ca6a d2aa daea db4b e3ac e3ec ec0c ec6d ec8d ecae ecce ecae ecae eccf eccf ecce ecce f4ae ec8e ec4d ec0c e3ac db4b caca ba4a a1c9 9148 9148 8928 9168 9988 9988 a1c9 a1e9 a9e9 a9e9 a9e9 a9e9 aa09 b209 b209 b1e9 a9c9 b209 b209 b1e9 b1e9 b1e9 b1e9 b209 b1e9 b1e9 b1e8 b1e8 a9e8 a9c8 a1a8 9968 99c8 e511 fe54 fe32 f5b0 f5d0 fdd1 f56f f56f fd4e ecad f46d d34a d32a db2b d34a e3ac ec2d d34a ba89 b24a ba6a ba8b c2ec c2cb c2ec c30d baac aa0a b28b baac bacc cb4e d36e d34d cb2d d34d cb4d d36e cb4d bacc bacb baec c30d cb2d cb2d cb4d cb4e cb2d c30d c30d c30d d36e d3cf d3ae cb4e d36f d38f c32f a26c b2ef cbb0 cbd0 c36f baee a24d 9a0c 9a4d 9a4d 922c 89ab 89cb 89ab 796b 712b 718c 8a90 abb3 bbf3 c413 bbf3 abd3 a3b4 ab94 92d1 824e 79ed 822f 79ee 614c 71cd 7a4f 8af1 71ed 614b 71ac 694b 612a 692b 60e9 692a 50a8 50a8 50a8 50a8 4887 4887 4888 5909 930f dd35 ed95 d491 cc0f cc30 d4d3 dd34 ddb4 e5f5 ee15 e5f5 ddd4 e5f5 e5d5 e5d5 ddb5 ddb5 ddd4 e5f5 ddf5 e5f5 ddd5 ddb5 ddb5 ddb5 ddd5 ddd5 ddf5 ddf5 ddf6 e5f6 e5f6 e616 e616 ddf6 e616 ddf6 e5f6 e616 e637 e637 e637 e637 e637 e637 e637 e636 e636 e5f5 dd31 cc4f bbad aaeb a22a 99e9 91a8 99a9 99c8 99c9 99e9 99e9 aa6b b30d c410 dd34 e5d5 ee56 f697 cd13 6147 5087 5067 5087 58a8 58a8 60c8 58a7 58a7 58a7 58a7 58a7 60a7 6087 60c7 60e8 60c8 5887 5087 58c8 6929 9a6d bb2e d3d0 cbef cbef cbcf cb8e cbcf d410 d450 d450 d470 d450 d450 d450 d470 d44f d44f d44f d470 d450 d44f d42f d42f d42f d44f d430 d450 d42f d42f d42f cc2f cc2f d42f d42f cc2f cc2f d42f cc0f d42f d42f d44f d44f cc2f cc2f d40f d40f 
b20a b20a aa0a aa2a aa2a aa2a a229 a209 aa0a aa0a aa09 b209 ba29 ba29 c229 ca49 d28a daea e36b e38b ebec ec0c ec4d f48e f4ce ecae ecae ecae ecae ecae ecce ecae f4ae f46e ec4e ebed e3ac db2b caca ba49 99a8 9168 8928 9148 9168 9988 99a8 a9e9 a9e9 a9e9 a9e9 a9e9 aa09 aa09 b22a b209 b209 a9e9 b229 b229 a9e9 b1e9 b1e9 b1e9 b209 b209 b1e9 b1e9 b1e9 a9e9 a9e8 a9a8 a188 99a8 cc2e fe74 fdf2 f5d0 fdf0 ed6e fdf1 fdd1 f50e ecad e42b db6a db4a cac8 d32a ebed db4b c2aa b24a b26b b24a ba8b c2cc caec caec c2ac aa0a aa2b baac bacc cb6e d38e d34d cb2d cb4c cb2c cb6d cb6e bb0c baed cb2d c30d c34e bb2d cb4d cb6e cb6e cb4e c2ec bacc cb6e cb8e d3ae d38e cb6f cb70 baee aa8d b2ef bb70 c370 cb70 bb30 9a6d 9a2d a28e aaae 9a4d 91eb 9a4d aa8f a290 920f 820f 8250 9af3 9b12 a311 ab72 ab72 abb4 9b32 9290 7a0d 698c 614b 610b 612c 696d 8250 9333 8270 612b 610a 79ee 694c 58c9 58a8 50a8 50a8 4867 5088 50c9 48a8 4888 48a8 592a 8aef c4d3 d534 d492 c40f c471 d534 e5d6 e5d6 e5f5 e5f5 e5f5 e5d5 e5d4 e5d5 e5d5 ddb4 ddb5 e5d5 e5f5 e5f5 ddd5 ddd5 ddd5 d5b4 d5b5 d5b5 ddd6 ddd6 ddd5 ddf6 ddf6 e5f6 e5f6 ddf5 e616 e616 ddf6 ddf5 ddf5 e636 e636 e637 e637 ee38 ee37 ee37 ee36 e5d5 dd31 c3ed b30b a26a 9a09 91e9 9a09 99e9 91c8 99c9 99a9 a1ea a20a a22a b2ed cc31 dcf3 e594 ee15 f677 edf6 92ec 5948 50a7 4886 5087 58c8 60a8 60c8 60c8 60c8 58c8 58c8 58a7 60c8 60c8 60e8 60e8 58a7 5087 4867 58a8 798a aace c38f cbf0 cbcf cbcf cbae cb8e cbef d430 d450 d470 d470 d470 d46f d470 d470 d470 d450 d44f d450 d450 d450 d450 d450 d450 d430 d42f d450 cc0f cc0f cc0f d430 cc30 d430 d430 cc2f d430 cc2f cc2f cc2f cc2f cc2f cc2f cc4f cc2f cc2e d42e 
aa08 aa29 aa29 aa4a aa4a aa29 aa0a aa0a aa2a a9e9 aa2a b229 b209 c22a c24a ca49 ca89 caea db6b db8b e3ec ec2d ec6d ecae ec8d ecae ecce ecae ecae f4af ecae f4ae ecad ec8d e46d e42d e3cc db4b cacb ba4a 9988 8928 8927 9148 9189 9989 a1a9 a1ca a1e9 a1e9 a1e9 aa2a aa09 aa09 a9e9 a9e9 a9e9 a9e9 b209 b20a b1e9 b1e9 b209 b209 a9e8 aa08 b208 b228 b209 a9e8 a9e8 a9a8 9968 9987 bb6b fe33 fe32 fe12 f5b1 fdf1 fdf1 ed8e fd8f e4ac e40c db6b d2c9 caa9 d30a caea cb0b c2ab baab ba8b ba8c ba8b b26a c2eb baec a229 b28b b28c baac cb0d d32d cb2d d34d d34d cb2d cb0d cb4d c30c b2aa c30c cb4c cb4d cb2d cb4e c32d cb2e cb4d c30d c30d cb2d d36e d36e d36e d36e cb6e c32e a26c aa8d bb2f cb90 cb90 bb0f a2ae 9a6e b30f c350 b2ae aa6e aa8f bb72 ab51 a2f0 8a4e 718c 71ac 820f 8a4f 79ee 8a8f a352 9ad1 79ee 71ad 81ee 694b 692b 610a 71cd 9331 828f 616b 614b 696c 614c 71ad 698c 50a9 50a8 4868 4868 4867 50c9 510a 3867 618c 8af0 abf1 d514 e512 c40f bbaf c451 dd75 e5f6 e616 ee36 e5f5 e5f5 ddd4 ddd4 ddb4 ddd4 ddd4 ddb5 ddb5 e5b5 ddb4 ddb4 ddd5 e5f5 ddb5 ddb5 ddb5 ddd5 ddd5 ddf5 ddd5 ddf6 ddf6 e5f6 e5f6 e616 ddf6 ddd5 e5f5 ddd5 e5f6 ee57 e637 e636 e636 e656 e635 dd93 cc4f b30b 9a49 9a09 91c8 91c9 91e9 9a0a 99e9 99e9 99e9 99e9 9a09 a26a aaec bb6e cc51 e533 e574 edd4 ee15 e5d5 9b2d 58c6 5087 5088 5887 58a8 58c7 58c7 58e7 58c7 58c8 58c8 58c8 5887 5886 60c7 68e8 60a8 5087 5088 5088 60e9 81eb b32e cbcf cbef cbcf cbcf cbcf cbef cc0f d450 d471 d471 d450 d450 d470 d470 d46f d46f d46f d470 d470 d450 d450 d450 cc4f cc50 cc50 cc50 cc50 cc30 cc30 cc2f cc2f cc2f cc2f cc4f cc4f cc2f cc2f cc4f cc2f cc0f cc2f d40f d40f d40f d42f d42f 
aa09 aa09 aa09 aa2a b24a b249 aa09 a9e9 aa09 a9e9 aa09 b24a ba29 ba29 c229 ca49 d289 d2ca db2a db8b e3cc ec2c ec6d ecae ecae ecae ecae ecce ecae ecce ecae f4ae ecae ec8e ec4d ec0d e3ac db4b caeb aa29 99a8 9168 8947 9148 9988 9988 99a9 a1e9 a209 aa0a a9e9 a9e9 aa09 aa09 aa09 a9e8 a9e9 b209 b209 b209 a9e9 a9e9 b209 b209 b208 b229 b1e8 b1e9 aa09 a9e8 a9e8 a9a8 a168 9967 a248 fdd4 fe33 f610 fe11 fe11 f5b0 fdf1 fd8f eccd ec6d cb09 caaa c269 ba8a cb0c d34d cb0c c2ab c28b c2ac b28b baac bacc b28b aa4a baab baab c2ec d36e d34d d34d d34d cb2d cb4d cb4d bb0d b28b c2cc c2ec cb0c cb4d cb4d cb6e c34d c30d c2ec c2ec cb2d d38e d38e cb6e cb4e d36f c32f aa6d aace bb2f c32f c34f c30f b2af a26d b2cf bb30 b2ae a26e a26f a2d0 ab31 926f 8a2e 796c 714c 79cd 79ad 71ad 79cd 92b1 92d1 8250 8a70 79ce 79ae 692c 71ae 7a2f 8a90 79ee 696c 71ad 71cd 698c 696c 71cd 696c 590a 50c8 4887 4867 4067 4047 4067 48a8 828d c493 dd33 d4b0 c3ee c3cf cc72 dd55 e5d5 e5f5 e615 e615 e5f5 e5f5 e5d5 e5d5 ddd4 ddd5 ddd5 ddd5 ddb4 ddb4 ddd5 e5f5 ddd5 ddb5 ddd5 ddd5 ddd4 ddd5 ddf5 ddd5 ddd5 ddf6 ddf6 ddf6 ddd6 ddf6 de16 de16 e616 de16 e636 e657 e636 ee56 ee35 dd93 bc0d aaeb 9a29 91e9 91c9 91c9 91c9 91c9 9a09 9a09 99c9 a1ea a22a 9a2a a28b b30d c3cf d470 e4f2 edb3 edd3 edd3 c42e 9269 60c6 5066 5067 5067 5887 60a8 60c8 60c7 60c7 58a7 58c8 58a8 58c8 58c8 60c7 60e8 6908 58c8 5087 5067 5088 6929 9a8d bb8f d3f0 d3ef cbcf cbcf cbcf cbef d450 d470 dc70 d470 d470 d470 d450 d44f d450 d470 d470 d450 d44f d470 d44f cc4f d450 d450 d44f d430 cc2f cc30 d44f d44f d42f d42f cc2f cc2f d42f d42f d42f cc2f d42f cc2f cc2f cc2f cc0f cc0f d40f d42f 
aa09 aa09 b24a aa2a aa29 aa29 aa29 aa29 a9e9 a9e9 aa09 b229 ba4a ba49 c249 ca69 d2a9 daea db4b e38c e3ec ec2d ec6d ecad ecce ecae ecae ecae ecae ecae ecae ecae ecae ec8e ec6d e40d e3ac db2b c2ca b249 a1a8 9168 8927 9168 9168 9989 a1c9 a1e9 a1e9 a20a a9e9 a9e9 a9e9 aa09 aa09 aa09 aa09 a9e9 b209 b209 b22a a9e9 b209 b20a b209 b209 b1e8 b1e9 a9e9 a9e9 a9c8 a9c8 a168 9967 9a07 fdd4 fe13 fe33 fe12 f5b0 fe11 fdb0 fd8f f4ee e40c db4a caaa ba49 cb0c e3ef cb4c db8d cb0c c2ab cb0c bacc b28c aa4b a22a b28b baac c2ec d32d d36d d36e cb4d cb6e c32d cb4e bacc b2ab c2ec c2ec cb0c cb2d cb4e cb4d cb2d cb4e c30d c2cc c2ed cb4d d34e d36e d36e cb2e cb2e b2ad aa8d bb2f c34f cb2f c30f b2af a24e aaaf bb32 aaf1 aaf1 a2f1 924e 81cc 798b 692a 694a 690a 60ca 68ea 692b 714c 79ce 8a90 8a70 9313 8291 8a71 8a71 8a71 9b13 8ab1 71cd 8270 824f 696b 610a 58c9 590a 824f 698d 50a9 50a9 50a8 4888 3847 4047 50e9 828d bc72 e554 cc0f bb4c b38e d4d3 e595 dd74 e594 e5b4 e5d4 ddd4 ddd5 e5d5 e5f5 ddb4 ddb4 ddb4 ddd5 ddb4 ddb4 ddb5 ddb4 ddb4 ddd5 e5d5 e5d5 ddb5 ddb5 ddd5 ddb5 ddd5 ddf5 ddf5 ddd5 ddf6 de16 de16 e636 e636 e616 e616 ee36 ee56 e656 e5f5 d4b0 a2ea 9209 91e9 9a09 91c9 99e9 99c9 99a9 99a9 99e9 a20a a22a a24b aa6c b2cd bb6f cc31 dcd2 e532 edb3 edd4 edb4 ab6d 6106 58a6 5066 5067 5087 5887 58a8 60c8 60c7 60a7 60a7 5887 58a7 5887 58a7 60c7 60c7 68e8 60e8 58c8 50a8 5088 60a8 89cb b30f cb8f d3ef d3cf cbaf cbaf cbcf d410 d44f d470 d490 d470 d46f d470 dc70 d44f d450 d450 d450 d450 d450 d450 d450 d450 d450 d450 d430 d450 cc50 cc50 cc30 cc50 d450 cc2f cc2f cc2f d42f d42f cc2f cc2f cc2f cc2f cc2f cc2f cc2f cc2f cc2f cc2f 
aa29 aa29 b22a b22a b24a b229 aa29 aa09 aa09 a9e9 a9e9 b209 ba2a ba29 c249 ca6a ca89 db0b db2b e38b e3cc ec0d ec6e ec8e ecae ecae ecae ecae ecce ecce ecae f4ae ecae ec8e ec4d ec0d e3ab db4b caca b209 a1a8 9168 8947 9168 9168 9968 a1a8 a9c9 a9e9 a9c9 a9e9 a9e9 aa09 b209 a9e9 a9e9 aa09 b209 b209 b22a a9e9 a9e8 a9e8 b209 b209 b1e8 b1e9 b1e9 a9e9 a9c8 a9e8 a9e9 9988 9987 99c6 ecd0 fe74 f611 f5f1 fe32 f5d0 fdd0 fdd1 ecad e42c db4b caca c2aa d3ad e40e db8d d34c db8d c2cb c2ec baab b26b aa2a b28b baac c2ec cb2d d34d cb2d d36e d34d cb6e c34e bacc bacc c2ec c2ec cb0d cb2d cb2d cb2e c34e c32d c30d c2cc cb0d d36e d36d d36e d34d d34e c2cd b26c aa6d bb0f c34f c34f c32e c30f aa8f 9a6f a2f1 9ad0 926f 8a2e 820d 716b 692a 692b 60c9 68ea 60ea 690a 68ea 610a 79ce 8a91 8291 9b53 92f1 7a2e 8a70 71cd 8a90 92b0 71cd 92d1 9b31 698c 590a 698d 592b 592b 82b0 69ed 4068 4047 4067 4888 48a9 594a 932f ccd4 dcd1 cbce aacc bb4e d4d3 e5b5 e5d5 e5b3 dd93 dd73 dd73 dd94 ddd5 ddd5 ddd5 ddb4 ddb4 ddb4 ddd4 dd94 dd94 dd94 ddb4 ddb4 ddd5 ddb4 ddb5 ddb5 ddb5 ddb5 ddd5 d5d5 ddd6 ddd6 ddf6 ddf6 de16 ddf5 e616 e5f6 e5f6 e616 e636 e5f5 dd73 c450 a2cc 920a 99ea 99ea 9a0a 99e9 99ea 99e9 91c9 99e9 9a0a aa6b aacc bb2e c38f cbcf dc50 e4f2 e553 edd4 edf4 ee15 bc10 58e6 5086 5887 5887 58a8 5887 58a7 60c8 60c8 60a7 60a7 5887 58a7 58a7 5887 58a7 60a7 60c7 68e8 60e8 58e8 50c8 58c9 714a 9a6d bb6f cbd0 cbef d3ef cbcf c3af cc10 d450 d471 d491 d490 d490 d46f d470 d470 d450 d450 d450 d470 d470 d470 cc4f d450 d450 d470 d450 d450 d450 d430 d430 cc2f d430 cc30 cc30 cc2f cc2f cc2f d42f d42f cc2f d42f cc0f cc2f cc2f cc2f cc2f cc0f cc0f 
b24a b24a b22a b22a aa29 b22a aa09 b209 a9e9 b209 b1e9 b1e9 ba29 c229 c249 c249 ca8a daeb db4b e3ac e3cc e40d ec4d ec8e ecae ecae ecae ecae ecce ecce ecad f4ae f4ae ec6d ec6d ec0c e3ac db4b caca b229 a1c8 9188 8948 8948 9168 9988 a1c9 a1c9 a9e9 a9c9 a9e9 a9e9 aa09 a9e9 aa09 a9e9 b209 aa09 aa09 b229 b209 a9e8 a9e8 b1e9 b229 b209 b1e8 b1e9 a9e8 a9e8 a9e9 a9e9 a1e9 91a8 9187 d3ee fe55 edd1 fe31 f5f0 f5d0 fe11 fdaf f4ee e40c d32a d30a db4c db6d d36c dbce c32c d38d cb4d c2ec aa4a aa2a b26b b28b baac cb2d cb2d cb4d d34d d34d d32d cb4e bacc b2ac c2ed c2ed c2cc c30c d34d cb2d cb2e c32d c32e c2ec c2ec d36e d38e cb4d d34e d34e cb0e b28e a24d bb0f bb2f c32f cb70 c32f bb0f a26e 924e 8a6e 71ac 714b 716b 81ad 796c 798d 714b 60ea 60c9 690a 68ea 690a 716c 8a91 8a91 8ad1 9312 7a0e 79ee 692b 690a 8a0e 820e 824f 92d1 820e 696c 7a0f 79ef 590a 48a9 8ad1 61ad 4067 4047 4047 48a8 69ab a370 d513 dcf2 bb8d aaec b34e d492 dd74 e5d4 e5d3 dd93 dd52 dd53 d573 d574 ddb5 ddb5 ddb5 ddb4 dd94 ddb4 ddb4 dd94 d573 d574 ddb5 ddb5 ddb5 ddb5 ddb4 ddb4 ddd5 ddd5 ddd5 ddd6 ddf6 ddd6 ddd6 ddd5 ddf6 de16 ddf6 ddf5 e616 e5f5 d553 b3ee b3cf ab6f ab0e 9a2b 9a0a a20a a1e9 99c9 99c9 99e9 99ea a22b aa8c bb4e c3ae d40f dc4f dc6f e4d0 e532 ed92 e5b3 ee15 ccf2 71a9 5886 58a7 58a8 58a7 58a7 58a7 60a8 60c8 60a7 60c8 60a7 5887 5887 5887 58a7 60c8 6108 6108 6949 614a 50e8 50c8 58e9 81cb aace c38f cbef d3ef cbcf c3af c3cf d430 d470 d490 d490 d490 dc90 d490 d490 d490 d470 d470 d470 d470 d450 d470 d450 d470 d450 d470 cc50 cc50 d450 cc50 d450 cc30 cc2f d450 cc4f cc4f d450 d44f cc2f cc2f cc2f cc50 cc30 cc2f cc2f cc2f cc30 cc2f cc0f 
b22a b22a b24a b24b b22a b22a aa09 b209 b209 b209 b209 b209 b209 ba29 ba29 c249 caaa d2ea db2a e38b e3cc ec0d ec6e ec8e ecae ecce ecae ecce ecae ecad ecae ecae ecae ec8e ec6d ec0d e3cc db4b caaa ba29 99c8 9168 8927 8948 9189 9989 a1e9 a1c9 a1e9 a9e9 a9e9 a9e9 aa29 a9e9 aa09 a9e9 a9e9 a9e9 b229 b209 b229 b209 a9e9 aa09 aa2a aa09 b1e9 b1e9 b209 aa09 aa09 a9e9 a9c9 9967 9146 b2ca f5d3 fe74 f5f1 f5b0 fdf1 f56f fdd0 ecee e42c e3ec d32b d30b d34c dbae d3ad dbee d36d cb2c bacc a20a aa6b b2ac ba8b caec d34d cb2d cb2d cb2d cb4d c30d c30d b2ab baec c30d c30d c2ed c30c cb2d cb4e c30d c2ec c2cc c2ec d36e d38f d34e cb4d d34d cb0d c2ee aa4d a22c c350 c34f cb2f c2ee b28e 9a0d 81ac 714c 714b 714b 79ad 820f 81ee 718c 716b 60c9 60a9 60a9 60c9 58a9 694c 9270 a333 8a70 9312 824f 718c 58a9 58a9 58ca 71ad 8a90 79ed 718d 79ee 824f 71cd 590a 4888 48a8 82b0 512b 4088 3847 4087 698a abb0 dcf3 d470 c38d ab0c bbaf dd13 dd73 e5b4 e593 dd72 dd32 d532 d533 d574 dd94 ddb5 ddb5 dd94 dd94 ddb4 ddb4 dd73 dd94 dd94 dd94 ddb4 dd94 ddb5 dd95 ddb4 ddb4 ddd5 ddd5 ddd5 ddd5 ddd6 ddd6 ddd6 ddf6 ddf6 e5f6 e616 e5f5 d532 bc0f 92ac 8a2b a350 abb1 b34f aacd a22a a20a a20a 9a0a a22a aaac b30e bb6e cc0f dc4f dc4f e48f e4b0 e4b0 e511 e552 e5b3 edd4 cc90 6967 5086 5067 58a8 58c8 58a7 58a7 60c7 60e8 60e8 60e8 60e8 58a7 5887 5887 5887 5886 6087 68c8 6908 60c8 5909 616b 58e9 694a 9a6d bb4f cbf0 d3ef cbef cbcf cbcf cbef d450 d470 dc90 d490 d490 d470 d470 d470 d470 d470 d450 d470 d470 d470 d470 d450 d46f d470 d470 cc50 cc70 d471 d470 d450 cc50 d430 cc30 cc50 d44f cc2f cc2f cc2f cc2f cc2f d42f d42f d42f d42f cc0f cc0f cbef cc0f 
aa4a b24a b24a b24a b22a b22a aa29 b229 b22a b209 b209 b209 b209 ba09 ba29 c249 ca89 d2ea db6c dbac e3cc ec0c ec4d ec6e ec8e ecae ecae ecae ec8e ec8e ecae ecae ecae ec6d ec4d ec0d ebcc db4b caea b26a 99c8 9188 8948 8948 9188 9989 99a8 a1c9 a1e9 a1e9 a1e9 a1e9 a9e9 aa09 aa09 b209 a9c8 b1e9 b209 aa09 b229 aa09 b209 aa09 aa09 b229 b209 b1e8 b209 b209 b209 a9e8 a1c8 a1a8 9967 a1e8 ed31 fe53 f611 fe11 f590 fdb1 fdb0 f52f f4ee dbeb d36b baca cb6c dbee d36c dbcd dbcf baec b24b aa0a baac c2cc c2ed cb4e cb2d d34d cb2d cb2d cb4e b28b b28c bacd c2ed cb0d c2ec caec cb0c cb0d cb2d cb0d c2cc baac cb0d d36e cb4d cb4d d34d d34d cb4e c32e aa6d a24d c34f c34f b2ce a24d 89cc 798c 690a 60ca 716c 8a2f 8a6f 79ad 694b 60ea 60e9 60c9 5888 60ea 60a9 58a9 822f a353 92f1 9b11 92b0 718c 58a9 5868 58a9 610a 8ad2 8290 612b 71cd 8ab0 7a0e 58e9 50a8 4088 50ea 8291 61ad 4088 4087 71cb abb0 dcf3 cc4f bb4d bb4d c410 dd34 e5b4 e593 e5b4 dd94 dd53 d533 d553 d554 dd94 dd94 dd94 dd94 d594 dd94 ddb4 dd94 dd93 dd94 dd93 dd93 dd94 ddb4 ddb4 ddb4 ddb4 ddb4 ddb5 ddd5 ddd5 ddd6 ddd5 ddf6 e616 ddf6 ddf5 e5f5 dd93 bc70 92ab 8a2b 92ae 928e a350 b3d1 b390 b32e aacc aa8c b2cc b2ec c36e cbef d44f dc6e e48f e46f e46f e46f e48f e4d0 e511 ed93 edf5 bc70 71a8 5886 5087 5887 5887 58a7 58a7 60c8 60c7 60e8 60c7 60e8 60e8 58a7 58c7 58a7 5087 5887 60c7 6908 6949 6929 58e9 58c9 60e9 798b aaee c3af cbef d3ef d3cf cbae cbae d40f d470 d490 d490 d490 d490 d490 d490 d490 d490 d490 d470 d470 d470 d490 d470 d470 d470 d470 d470 cc30 cc50 d450 d450 cc30 d430 cc30 cc2f d450 cc50 cc2f cc2f cc2f cc2f d44f cc2f cc2f d430 d42f cc2f cc2f cc0f cc0f 
b26b b24b aa2a b22a b22a b22a b22a b24a b22a aa09 b209 b209 b1e8 ba09 ba08 ca69 d2aa d2ea db4b e38c e3cc e40c ec6e ec6e ecae ecae ec8e f4af ecae ecae ecae ecae f48e f46e ec4e ebed e3cc db6b caca b249 a1c9 9168 8948 8948 9168 9188 9988 a1a8 a9e9 a9e9 a9e9 a9e9 aa09 b22a a9e9 a9e9 b209 b209 b209 a9e9 aa09 aa09 aa09 a9e9 a9e9 b20a b1e9 b1e9 b209 b209 b209 aa09 a9e9 a1c9 9988 91a7 c3cc fe54 fe11 f5af fdf0 f5b0 f58f fdb0 e4ad e46d dc2e c34c cb4b dbad dbae cb0b d38d bacb aa6a b24b c28c cacc d34e d36e cb2d d34d cb2d cb2d c2ec b26b b2ac c2ed c2ed cb2d c30d cb0d caed c2ed cb0e c2cd bacd c32e d36f cb4e cb0d d32d d34e d34e d38f cb6f b28d a20c cb50 baef 91ec 81ac 692b 60ea 610a 79ce 9290 7a0d 692a 58a8 58a8 58c8 60e9 58c9 5889 60ca 5889 692b 9ad1 9af1 9af0 8a4e 718b 58c8 60c9 5089 58ea 8a91 92f1 696c 71ae 820f 822e 612a 4888 48a9 4088 618d 82b1 7a70 50c9 7a2c bc31 d4f2 d40f b32c bb4e d452 dd54 e5f6 e5d4 ddb4 dd94 dd53 dd54 d533 d553 dd54 dd74 dd74 dd73 dd73 dd94 dd74 dd74 dd94 dd73 d553 dd73 d594 dd94 dd94 ddb4 ddb4 ddb4 ddb5 d5b4 ddd5 ddd5 e5d5 ddf6 ddf6 e5f6 e5f5 dd93 bc6f 9aec 8a6b 79aa 820c 9ace 92ae 9b0f b3b1 bbd1 c3d0 cbf0 cbcf dc0e dc2e e44f e44f e48e e48f e48f ecb0 e490 dc8f e4b0 ed11 ed93 f5f5 cc91 7167 5086 5067 5087 5087 60a8 60a8 60e8 6909 6108 60e8 60c8 60c8 60a7 6087 60a8 58a8 58a7 5887 60a7 68e8 60c7 58a7 58a8 58c8 6109 8a2c b34e cbd0 d3d0 d3cf cbd0 c38e cbae d430 dc70 dc90 d490 d490 d4b0 d490 d490 d4b0 d490 d490 d470 d470 d470 d470 d470 d470 d470 d470 d470 cc50 d450 d450 d44f cc2f d44f cc2f cc2f d430 cc30 cc0f cc2f cc2f cc2f cc50 cc50 d430 cc2f cc2f cc0f cc0f cc0f cc0f 
b26a aa49 aa29 b24a aa2a b22a aa0a b24a b209 a9e9 b209 b209 b229 b209 ba09 c269 c268 cac9 d34a e38c e3ec e40d ec6e ec8e ec8d ecae ecae ec8e ecae ecce ecae ecae ecad ec8d ec6d ec0c e3ac db4b caeb ba4a 99a8 9168 8927 8948 9168 9989 a1a9 a1c9 a1e9 a1e8 a1e8 aa09 aa09 a9e9 b229 b229 a9e9 a9e9 b209 b209 b229 a9e9 b209 aa09 a9e8 a1e8 aa08 a9e8 b209 b229 b229 b22a aa09 a1a8 9968 9187 aaca fe15 fdf3 fe12 ed8f ed6e fe10 ed8f f56f ed0f dc2d e46e cb6b cb4b e42f cb2b c2cb b24a ba6b baac ba8b cb0c cb6c cb4c d34d cb2d c30c ba8b aa0a b26b c2cd c2ed c2ec cb0d cb2e cb0e c2ec bacc bacc b2cc aaac b30e bb2e baed bacc c2ed d32e d34e dbb0 cb6f b2ae a22c b2ee 920c 7149 610a 610a 714c 820e 822e 694a 60e9 58a8 58a8 58a9 60e9 60e9 5887 5087 58a8 58c9 79ed 9b32 824e 8a2e 81cc 58a8 58a9 60ca 692c 8291 a354 822f 696c 71ed 71ed 5929 4887 50a9 48a9 40a9 722f 69cd 616b 92ae c411 e4b2 cbad bb2d bb4d cc70 dd73 e5d4 e5f4 e5b4 dd73 dd74 dd54 d533 d533 d553 dd74 dd74 dd53 dd74 d553 d532 d553 dd73 d573 d573 dd74 dd74 dd94 dd94 dd94 ddb4 ddb4 ddb4 ddb5 ddd5 ddd5 ddd5 ddf5 de15 e615 ddd4 c4b0 9b0c 6947 6948 8a6d 926e 8a0d 926e 928e 928e b391 b3b0 cc30 dc70 e46f e46f e44e e46e ec8f e46e e46f e46f ec90 e4b1 e4d1 ed32 f5b3 ee14 cd11 7a08 5085 5087 5047 5887 60a7 60a7 60c7 68e8 68e8 68e8 60c7 60a7 60c8 58c7 5886 58c7 58a7 60c7 60c7 60c7 68e8 58a7 5067 58a8 58c8 798a a2ae c3b0 d3f0 c3ce c3ce c3ce c3ce cc0e d470 dcb0 dc90 d46f d490 dc90 d490 dcb0 dcb0 d490 d470 d46f d46f d490 d46f d470 d470 d470 d470 d450 cc50 d450 d450 d450 d430 d450 d450 cc2f cc4f cc4f cc2f cc4f cc2f cc4f d42f cc0f cc2f cc2f d450 cc30 cc0f d40f cc0f 
b24a b24a b24b b24a b22a b22a b24a b22a b22a aa09 b209 b209 b229 b229 ba49 c249 ca89 d2ca db2b e36c e3cc ec0c ec6d ec8d ecae ecae ecae ec8e ecae ecae ecae ecae ecad ec8d ec6d ec0c e3ab db4b caca ba49 a1c8 9188 8927 8968 9188 99a9 99a9 a1c9 a1c9 a1e9 a1e9 aa09 a1c9 a9e9 aa09 b209 aa09 b20a b209 aa09 aa29 aa09 aa09 b209 aa09 aa09 aa09 a9e9 b209 b209 b209 b209 aa09 a1c9 9988 9988 a268 fdb3 fe54 f5f1 f5d1 fe12 f58f fdd0 fdd0 e4ce dc6e e46f e46f cbac e44e d3ad aa29 aa2a ba8c c2ed c32d cb4e d34d cb2d d34d d34d baac aa0a aa4b baac c2cc caec cb0d c2ed c2cd c2ed c30d c2ed bacc b2cc c34e bb4e aaed a26c 9a0b a20b b28c cb2e d38f cb4f b28d 91cb 89ec 6929 696b 694b 696b 820e 81ed 610a 610a 60e9 5088 5888 690a 692a 58a8 5047 58a9 60ca 614b 9ad1 9af1 694b 798c 690a 58a8 58c9 612b 8ab1 9b32 8290 7a2f 822f 8ab1 592b 4068 50ca 71ce 4048 3889 8290 720c 92ce c451 dc90 cbce b30b bb6e d492 dd53 e5b4 edf5 e5d4 dd93 dd53 dd53 d513 d533 d554 dd74 dd74 dd73 dd53 d533 d553 d553 d533 d553 d553 d573 d574 d554 d574 dd94 ddb5 ddd5 ddb5 dd94 ddb4 ddd5 ddd5 e5f5 e5d5 e5f4 dd73 a36c 79c8 81eb 60e8 6949 9aef a330 928e 928e 9ace 8a8d ab70 bbd1 cc31 dc70 e46f e46f e46f e46e e48e e46e e48f e46f ecb0 ed11 ed52 edd3 f614 dcf2 8229 50a6 5067 5867 5047 5887 58a7 60c7 60c7 60c7 68e8 6908 60c7 60e8 60e8 60c7 5887 5887 5887 58a7 60c7 60e8 6108 60e8 50a8 58e9 60c8 89eb b30e cbd0 cbcf cbce cbae cbae cbef d42f d46f d490 dc90 d490 d490 d490 d490 d4b0 d490 d490 d470 d490 d490 d470 d470 d470 d470 cc50 d470 d46f cc4f d450 d470 d450 cc50 cc50 cc30 cc4f cc50 cc2f cc30 cc50 cc50 cc30 cc30 cc2f cc2f cc2f cc30 cc30 cc0f cc0f cc0f 
b24a b24a b24a b24a b22a aa29 b22a b22a aa29 aa2a b229 b209 b209 b209 ba29 c229 ca8a d2ea db2b e38b e3ac ec0d ec4d ec6e ecae ecae ecae ecae ecae ecae ecae ecae f4ae f48e ec4d ec0c e3ac db4b caea ba6a a1c8 9168 8927 9168 9188 99a9 99c9 a1ea a1e9 a1e9 a1c9 a9e9 aa09 a9e9 aa09 a9e9 aa09 a9e9 aa29 aa09 a9e9 a9e9 a9e8 aa09 aa29 aa09 aa09 b209 b209 b209 b229 b229 aa29 a9e9 a1c9 9987 99e6 dc2e fe54 f633 fe32 f5d0 f5d0 fdd1 f50f dc4d e4cf e4cf e4ae dc2d d38b d36c aa29 b22a c2cc caec caec d32d d34e d34e cb2d c30d b28b b2cc baed c2cc cb0c caec cb0d bacc bacc baed c30d bacc baab cb2d d36e d34e d36e cb4e b2ce aa8e 91cb 99ec aa4c bace aaae 81ab 692a 612a 696b 79cd 79cd 716c 694b 610a 610a 60e9 58c9 692a 798b 60c8 5067 5047 5889 692b 822f 9290 79ac 60c9 6909 60c9 60c9 60ea 822f 92b1 71cd 822f 9312 8ad1 696c 4869 48ca 82b1 69ee 3047 40c9 9b73 abd1 d4b3 cc0f c34c b2ec bb6e d4b2 e5b5 dd94 e5d5 e5d5 e5b5 dd74 d553 d513 d533 dd53 dd54 dd54 d553 d553 d553 d532 d533 d532 d533 d533 d512 d533 d553 dd94 ddb4 dd94 dd94 dd94 dd94 ddb4 ddd5 ddd5 ddd5 ddd4 dd94 c48f 7a08 58c5 716a 924d 8a0c 7149 928d b3d2 a350 92ae a30f 9ace a2ef b3b0 cc31 d451 dc50 e46f ec8f ecaf ec8e ecaf ecaf ecd0 ed31 ed72 edb2 f614 dd52 79c8 5065 5087 5067 5887 58a7 58a7 60a7 60a7 60c8 60e8 60c7 60e8 60c7 60c8 60c8 60c7 5887 5887 60c7 60a7 60c7 60c8 60c8 58c8 58c8 60c8 7129 9a8c b34e cbcf cbcf cbae cbae cbce d40f d450 dc90 d490 d490 dcb0 d490 d490 d490 d4b0 d4b0 d490 d490 d490 d490 d490 d490 d490 d48f d470 d470 d450 d450 d450 d450 d450 cc30 cc30 cc50 cc50 cc50 cc4f cc2f cc2f cc50 cc50 cc30 cc30 cc2f cc2f cc50 cc2f cc2f cc2f cc0f 
b22a b24a b24a b24a aa4a b24a b22a b229 aa2a aa29 b229 b209 aa29 b209 b229 ba29 c269 d2aa db0a e36b e3ac ec2d ec6d ec8e ecae ecce ec8e ecae ecae ec8e ecae ecae ecae f48e ec6e ec0d e3ac db6c caeb ba4a a1a8 9148 8928 8928 9169 9989 99c9 a1c9 a1c9 a1c9 a1e9 a9e9 a9e9 a9e9 a9e9 a9e9 a9e9 aa09 b229 aa09 a9e9 a9e9 a9e8 a9e9 a9e9 aa09 a9e8 b229 b229 b229 ba49 b229 b209 b209 a9e9 a1c9 a1c8 aa8a ed92 fe94 f612 fe11 fe31 f58f ecef dc4e e4cf f530 e48e ec6f c2eb b249 a9e9 ba8b cb0d cb0c c2cc c2ec cb4d cb2d c2cc b26b b26b c2ed c30d c2ec cb0d c2ec c2cc baac baac c2cd c2cd c2cd c2ed d34e db6e d34e d34e cb2e b28c aa4c 9a2c 9a2c 89aa 81ab 81cc 798b 716b 694b 714c 79cd 79cd 718c 694b 690b 60ea 60c9 714b 820e 692a 5087 5067 5067 60c9 718c 79ed 8a6f 692a 6088 60e9 60ea 60e9 79ad 9290 718d 71cd 92b1 8270 71cd 50a9 50ca 7270 8b33 510a 3868 598c b434 ccb3 cc30 b30c b2ec b36e d4b2 e595 e5d5 e5d5 e5b4 e5b4 ddb4 dd74 d553 d553 d533 d553 d553 d554 d533 d553 d553 d553 d512 d513 d533 d533 d512 d533 d553 ddb5 ddb5 dd95 ddb5 ddb5 dd94 dd94 e5d4 e5f4 ddb3 d552 bc2f 81e9 68c7 5886 7129 926d 9aae 81cb 79cb a371 abb1 92ce a30f a32f 9aee ab90 c411 cc10 d40f e46f ecaf ecaf ecaf ecaf ecf0 ecf0 f572 f5d2 edb2 c42d 8228 58a5 5066 5887 5867 5887 60a7 60a7 60c8 60c7 60c7 60c8 68e8 60c8 60c8 6108 60c7 58c7 58a7 5887 58a7 58a7 60c8 60c8 60c8 58a8 60c8 60e8 81ab a2cd bb6f cbaf cbaf cb8f cb8e cbce d42f d470 dc90 d4b0 d4b0 d4b0 d4b0 d490 d4b0 d490 dcb0 d490 d470 d491 d490 d470 d470 d490 d470 d470 d470 d450 d450 d450 d450 cc50 cc50 cc50 cc50 d470 d450 cc4f cc4f cc4f cc50 cc4f cc4f cc30 cc30 cc0f cc50 cc2f cc0f cc2f cc2f 
b22a ba4a b24a b24b b24a b24b b22a b22a aa0a b209 b229 b209 b209 b229 b208 ba28 c269 d2ca db0a e38b e3cc ec2d ec6d ecae ecae ecae ecae ecae ecae ecae ecae ecae f4ae f48e ec4d ec0d e3ac db6c caea ba49 a1a8 9168 8107 8928 9168 9988 99a9 a1c9 a1c9 a1c9 a1e9 a1e9 a9e9 a9e9 a9c9 b1e9 a9e9 a9e9 a9e9 a9e9 a9e9 a9e9 a9e9 a9e9 aa09 a9e9 b1e9 b209 b229 b229 ba29 ba29 b229 b229 aa09 a1c9 a1a9 99e8 cc2e fe54 fe73 fe73 f5f0 f5b0 ecef dc2d e48e eccf ecef e4af cb8d a208 aa09 cb0d d32d d32d cb2d c2cc c30d c30d b28c aa4b bacc c30d c30d c30d c2ec c2ec bacc bacd bacc c2cd c2cd c2ed d34e d32e d34e d36e cb4e c2ee 9a0c 7909 68e8 796b 714b 796b 71cd 71cd 71ac 718c 81ee 822f 698c 694b 692b 58a9 5888 610a 8a6f 822e 5087 5067 5067 5088 694b 822f 718c 81ed 58a8 5868 5888 6088 60c9 798c 81cd 694b 696b 7a0e 822f 612b 4889 720f a416 72b0 3868 48a9 9311 bc75 bb90 b32e aaed bb8f d4d3 e594 e5d5 e5f5 e5d4 e5b4 ddb4 dd94 d594 d574 d553 d533 d554 d554 d534 d554 d553 d533 d512 d513 d512 d513 d533 d554 cd12 d553 d574 ddb5 ddb5 ddb5 ddd5 ddb4 ddb4 dd94 dd93 d512 c3ef 9a4a 8189 8169 7949 7108 81eb 9aad 9aae 81eb 8a6c b3b1 a370 9b0f a370 9aee 9aee c3f1 cbf0 d410 e46f e46f ec8f ecaf ecaf ed11 ed72 f5d3 ed51 a30a 60e6 5887 5886 5046 5066 5867 5866 6087 60a7 60c8 60c7 68e8 68e8 60e8 6929 60e8 6108 60c7 60c8 60c7 5887 6087 60c7 60c7 60e8 58c8 58c8 60e8 6929 8a2c ab0e c38f c38f c3af c3af c36e cc0f dc50 dc90 dc90 dcb0 dc90 d48f dcb0 d490 d490 d490 d470 d490 d470 d490 d470 d490 d470 d490 d490 d490 d44f d470 d450 d470 cc50 cc4f cc50 cc50 cc50 cc30 d450 d450 cc50 cc50 cc30 cc4f cc50 cc2f cc2f cc2f cc2f cc0f cc0f cc2f cc0f 
ba6b b26a b24a b26b b24a b24b b24a b24a b24a aa0a aa09 aa09 aa09 b209 b209 ba29 ca6a d2ca d30a e36b e3cc ec0d ec6d ec8e ecae ec8e ec8e ecae ecce eccf ecce ecae f4ae f46e ec2d ebed e3ac db4c d2ca ba49 a1a8 9168 8928 8948 9168 99a9 99a9 a1c9 a1e9 a209 a1e9 a1c9 aa09 aa09 aa09 a9e9 a9e9 a9e8 a9e8 a9c8 b1e9 b209 b1c9 b1e9 b209 b209 b1e9 b209 b229 b229 b229 ba49 b229 b229 b209 a9e9 a1a9 99a8 aa88 ed10 fe75 f633 f632 f612 ed51 dc8e e48e ecaf f530 eccf cb4c b249 baab cb4d cb2d cb0c cb2d caec c2ec baac b26b ba8c c2cc caed cb0d c30d c30d bacd c2cd baad c2cd c2cd c2cd d32e d34e c2cc ba8c b26c aa2c aa6d 9a2d 89cc 796b 712a 714b 798c 716b 694b 718c 820e 71ac 696b 610a 610a 58a9 5068 58ca 79cd 9af1 718c 5067 5047 5068 5088 716b 8a2f 694a 798c 5888 58a8 60e9 714a 692a 692a 60ea 58a9 610a 824f 71cd 4889 48a9 82d1 a3f5 516b 50ca 79ee ab92 b371 9a6d a2ee c3f0 dd13 e5b5 e5b4 e5d5 e5d5 ddb4 ddb4 dd94 dd94 dd94 d573 d553 dd74 d533 d554 d573 d573 d574 d513 d512 ccd2 ccf2 d533 d553 d533 d553 d553 d594 ddb4 ddb4 dd94 ddb4 dd94 dd74 e574 e574 dd13 d471 bb2e 91ca 8969 920b 8a0c 798a 81eb 928d 8a6c 8a4c 92ad b3d2 9b2f 9b0f 9aef 928d bb70 cbf1 d3f0 dc4f e46f ecb0 ecf0 ed10 f572 f5d3 d4d0 926a 60a5 5086 5087 58a8 5067 5887 5887 60a7 60a7 60a7 60a7 60a7 68e8 60e8 6108 6908 60e7 60c7 58a7 58c7 5887 5886 5886 60a7 60c7 60c8 58c8 58c8 692a 798a 9a6d b34e bb8f bb6e bb6e c36e c38e d40f dc70 dcb0 d4b0 dcb0 dcb0 dcb0 d4b0 d490 d4b0 d4b0 d490 d48f d46f d490 d490 d490 d470 d470 d470 d490 d46f d46f d470 d450 d450 d450 cc50 cc50 d450 cc50 d450 cc50 cc50 d450 cc50 cc50 cc30 cc30 cc30 cc2f cc2f cc0f cc0f cc0f cc0f 
b24a b24a b24b b24b b26b b26a b24a b22a aa2a aa2a aa09 b1e9 b1e9 b1e8 b1e8 ba09 c269 d2ca d30a db6b e3cc ec0d ec4e ec6e ecaf ecae f4ae ec8e ecce ecae ecce ecae ecae ec8d ec4d ec0d e3cc e36c caca ba49 9988 9148 8928 8948 9188 99a9 9988 a1a9 a1c8 a1e9 a1e9 a9e9 a9e9 aa0a aa0a aa0a b20a a9e9 b1e9 b1e9 b209 aa09 a9e9 a9e9 a9e9 b209 b209 b209 ba29 ba29 b249 ba4a b229 ba49 b229 b209 aa09 a1c8 a1c7 bb2b fdf3 fe73 fe73 f5f1 ed90 ed50 e4ef e4ef ed50 ed0f c36b b2ca cb4d c30c c30d cb2d cb2d caed bacd b28c b2ac baed cb0c cb2d cb2d cb0d c30d c2ce baed baee baad baad cb2f cb4f c30e baad b2ad aaae b2ae b2ae aa6d a24d 9a0d 91cc 89cd 712b 690a 714b 820d 81ed 612a 58e9 50a8 5088 5068 58ca 694c 8a50 a311 614a 5067 5047 5888 58a9 716c 8a4f 694a 716b 5887 60c8 6909 60c8 60e9 60e9 58c9 58a9 614b 92d1 696c 4868 510a 8b12 8b12 618c 8ab0 9b32 92af 9aae 926d b391 dd55 dd94 e5f5 e5d5 e5b4 e5b4 ddd5 dd94 d574 d574 d574 d553 d553 d533 d533 d554 d574 d553 d553 d512 ccd1 ccd2 ccf2 d554 d554 cd33 d574 d574 d595 d595 d574 dd94 d553 dd54 dd33 e575 edb5 ed74 e4d2 d3f0 aa4b 9189 8169 920c 9a8e 89ec 81eb 924d 8a2c 822c ab70 ab70 9b0f a2ef 926d b330 c3d1 cbf0 dc50 ecb0 ed11 f552 f5b2 f5b2 dcb0 81c7 58c6 5066 5087 5887 5887 5867 5887 60a7 60c7 68e8 68e7 60c7 60c7 68e8 60e8 6909 68e7 60c7 58a7 5087 58a7 58a7 58a7 5887 60e8 60e8 60e8 60c8 692a 714a 81eb a2ce bb6f bb6e b34e bb4e bb4e cbcf cc50 dcb0 dcb0 dcb0 dcb0 dc90 d490 d490 d490 d490 d490 d490 d470 d470 d470 d470 d46f d470 d490 d470 d490 d46f d44f d470 d470 d470 d470 d470 d470 d470 cc70 cc70 cc50 cc50 d450 cc50 cc4f cc50 cc50 cc30 cc30 cc30 cc0f cc10 cc0f cc0f 
b26b b26b b24a b24a b24a aa2a aa2a b22a aa2a aa29 b209 b209 a9e9 b1e9 b208 b208 c249 d2aa db0b db4b e3cc e40d ec4e ec6e ec8e ecaf ecaf ecaf eccf ecce ecce ecae f4ae f48e f46e ec0d e3ac db6b caeb ba4a a1a8 9148 8928 8948 9168 9988 99a9 a1a9 a1c9 a1ea a1c9 a9e9 aa09 a9e9 aa09 aa09 aa09 aa09 aa09 b209 b209 b1e9 a9e9 a9e9 a9e9 b20a b209 b209 b229 ba29 ba4a b249 b249 ba4a b229 b209 a9e9 a9e9 99a9 99e9 d46f fe75 fe32 f5d1 f590 f5b0 f590 f550 f530 dbed aa27 d30b db8d c2ca c2aa cb0d cb0e c30e bacd baac bacc c2ed c30d c32e bb0e c350 c351 bb10 b2f1 baf1 b2b0 b2af c310 c2f0 c310 cb0f caee c2ee b28c aa2b a20b 99eb 99ec 898b 796b 714b 798c 8a0e 8a4e 79ed 610a 58a9 5088 5068 5068 58a9 716c 9ab0 9ad0 58e9 5067 5088 58c9 60c9 716c 796c 714b 714b 5888 60a8 6929 60c8 58a8 60e9 58a8 5068 616c 8ab1 694c 4869 69ef 9b55 92d2 a353 b3f4 ab92 81cb 926d a350 cc94 e595 e5b4 e5b4 e5b4 ddb4 ddb5 e5b5 dd95 dd54 dd54 d553 d533 d533 d553 d553 d553 d554 d533 d512 ccf2 cd13 ccf3 d534 d554 d574 d554 d574 d574 d595 d574 d554 dd34 dd33 e554 e574 ed94 ed94 ed74 ed33 e471 c2ec aa0a 91ca 8169 81cb a2ef 928e 928e 8a4d 9aae 9aee b3d1 a350 a32f a30f b330 c3f1 d431 dc91 ed12 f592 fdd3 ed10 b34b 7967 6086 58a7 5067 5086 5887 6087 5887 60a8 60a7 68e8 60c8 68e7 60c7 60c7 6908 60c7 68e8 68e7 60c7 58c7 58a7 58a7 60a8 5887 60c8 60c7 68e8 58c8 60e9 6929 79aa 926c ab2e bb8e bb6e b34d ab0d b34e cbf0 d470 d490 d4b0 d4b0 d4b0 d490 d490 d490 d490 d470 d48f d490 d46f d46f dc90 dc91 d490 d490 d490 d46f d470 d470 d470 d470 d470 d470 cc50 cc50 d470 cc50 cc70 d470 cc70 d450 cc4f d450 cc50 cc50 cc50 cc30 cc50 cc2f cc2f cc2f cc2f cc2f 
b249 b249 b26a b26a b24a aa2a b22a b24a aa09 aa09 aa09 b209 b209 a9c9 b1e9 b209 ba48 c289 d30a db6b e3ac ec0d ec6e ec8e ec8e ecae ecaf ecaf ecae ecae f4ce f4ce ecae ecae ec6d ec0c e3ac db4b d2cb ba4a 9988 8948 8928 8948 9168 9168 99a9 99a9 99a8 a1e9 a1e9 aa0a aa09 a1c9 a9e9 aa09 a9c9 a9c9 b209 b209 a9e9 b209 b1e9 b22a aa09 aa09 b229 b229 b229 ba29 ba4a ba4a ba29 ba49 ba4a b249 b229 aa09 a1a9 99c8 b309 fdb2 fe53 f5f1 f5b0 f590 f590 f591 ecf0 c32a b2a9 db8e d32c c28a c2ab caec baeb bacb b2ab baed c30d c2ed c32e c32f b2ce baee c32f b2ce b2f0 b311 b311 b332 a2af 9a6e a2af b331 bb10 b2af 9a2d 816a 7909 89ac 818c 794b 81ac 81ad 8a0e 8a2f 824e 698b 58e9 58c9 58a8 5888 5068 58c9 71ac 92b0 8a6f 5088 5048 5869 714b 79ac 58e8 60e8 6109 60e9 60ea 690b 798d 79ad 716d 718d 798d 60cb 71ee 8a71 718e 58ec 7a70 8b12 8aaf abb2 ab93 a311 8a4d b3b2 c474 ccd4 dd74 e594 e594 dd74 e594 ddb4 d593 d593 d573 d573 d553 d533 d554 d554 cd13 d533 d553 d512 d4f2 d4f2 d513 d513 cd33 d573 d573 d574 d554 d574 d554 dd54 dd54 e554 e574 e574 edb5 edb5 edb6 ed95 dd52 dcb0 cb8d ba8b a1ea 99cb 818a 924d a330 92ae 928d 8a4c 8a4c ab50 b3b2 ab91 a370 a34f bbf0 cc51 e4f2 f552 f531 d42e 9a28 70e6 6086 5887 58a8 5888 5887 5887 5066 5886 60c7 6107 68e7 68e8 60c7 60c8 60c7 60c8 60c7 68e8 60c7 60c7 60a7 5887 5886 58a7 58a6 60c7 60e8 60e8 58c8 6109 6929 81aa a2cd b36f bb8f b34e ab2e ab2d b38e cc2f d4b1 d4b0 d4d0 dcb0 dcd0 d4b0 d46f d46f d490 d490 d490 d490 d490 d490 d48f d48f d490 d470 d470 d470 d490 d470 cc70 cc70 d470 d470 d470 d470 d450 d470 cc4f cc70 cc70 d470 cc50 cc4f cc50 cc50 cc30 cc30 cc30 cc2f cc0f cc2f cc0f cc0f 
b24a b24a b26a b26a b24a aa2a b22a b22a b22a b22a aa09 aa0a a1e9 a9e9 a9e9 a9e8 ba29 ca8a d30b db6b e3ac ec0d ec4d ec8e ecae ecae ecae ecaf ecae ecae ecae f4ce f4ae f48e ec4d ec0d e3cc db4b d30b ba49 a1a8 9168 8927 8927 9148 9168 9188 99c9 99a9 a1e9 a1e9 a9e9 a9e9 aa09 a9e9 a9e9 a9e9 b209 b209 b1e9 a9e9 a9e9 aa09 aa09 aa09 aa09 b22a ba4a b229 ba29 ba4a ba4a ba6a ba6a b24a b24a b229 aa09 a1c9 a1c8 a1e7 dc4f fe76 f633 f5f2 f5b0 f590 fdb1 f530 c36b d38c db6c caeb c2ab ba8b c2ab ba8b b24a b26b c2ed c2ed c30d c32e c30e baad baad b26c b24c ba8d bace c32f c330 bb10 bb10 ab10 9aaf 9a6f 81cd 796b 714b 716b 798c 794b 89ac 81cc 81ac 8a4e 8a4e 79ac 694b 6109 60e9 610a 5088 5088 60ea 79cd 820e 822e 58c9 58a9 610a 79ac 718b 5887 58a8 58c8 58c8 60e9 690a 716b 79ac 79cd 718c 798c 696c 7a0e 822f 71ad 698d 71ee 92b1 79ef 9291 ab94 9311 a391 ccf6 ccd4 d534 dd74 dd73 dd53 dd53 d593 dd94 d574 d553 d553 d512 d512 d512 d533 d513 d512 d512 d512 d512 d512 d513 d513 ccf2 d513 d554 d554 d554 d554 d574 dd75 e595 ed94 ed94 ed94 edb4 ed95 edd5 f5f5 edd5 ed94 ed33 dc10 cb2d b229 99a9 91ca 7969 820b a30f 820b 79cb 79aa 81eb abb1 ab91 ab70 ab70 bbb0 d411 e490 e44f c36c 9209 68c6 5887 5886 5866 5887 58a7 58a7 60c8 60a7 6087 60a7 68e8 68e8 6908 60c8 68e8 6908 6908 68e8 6908 60c7 60c7 5867 5867 5887 60a7 60a7 60c8 60c8 5887 58c8 6929 716a 8a2c aaed b34e b36e ab4e ab2d b34e bbaf d450 d4b1 d4d1 dcb0 d4b0 d4b0 d4b0 d490 d490 d490 d490 d490 d490 d490 d490 d470 d490 d46f d470 d470 d470 d490 d490 d490 d470 d470 d450 cc6f cc6f d470 d470 d470 d450 d44f cc4f cc4f cc4f cc70 cc4f cc50 cc50 cc2f cc50 cc2f cc0f cc0f cc0f 
b26a b24a b26a b26a b24a b22a b229 b229 b229 b229 b209 a9e9 aa09 a9e9 a9c8 b1e8 ba29 c28a d30b db6b e3cc e40d e44d ec6e ecaf ecaf ecae ecae ecae eccf eccf ecce f4ce ec8e f46d ec0d e3cc db6c d2eb ba4a a1a8 9148 8907 8928 9148 9988 9988 99a8 a1e9 a1c9 a1c9 a9e9 a9e9 a9e9 a9e9 a9e9 a9e9 a9e9 a9c8 a9e9 aa09 aa09 b209 a9e9 a9e9 b209 b209 b229 ba29 ba4a ba49 ba4a c26a ba6a ba6a ba49 ba49 b229 aa09 a1c8 a1c8 cb8d fe75 feb5 fe33 f5d1 f5d0 fdd1 f550 dc2d d38c cb0b c2cb c2cc c2ac baac b26b aa4b b2ac baed c30d cb2e c2ed baad b26c b26c b28c bacd cb2e cb0e c2ed c2ee ba6c cb0f cb4f b2ee 9a6d 798b 692a 714b 794b 710a 710a 818c 796b 798c 8a0e 820d 718b 716b 6109 60e9 58c9 58c9 58a9 692b 716c 79ac 820e 692b 694a 714b 694a 58c8 58a8 58a8 58a8 58a8 58a8 60c8 58a8 58c8 60e9 60e9 58a8 5088 694b 718c 696c 696c 71ce 8250 69ce 9313 a393 9331 bc33 c473 c492 d513 dd33 dd32 d512 dd53 d553 dd74 d574 d533 cd13 ccf2 ccd2 d4f2 d513 d512 d4f2 ccf2 d512 d533 d512 d512 d513 d513 d533 cd13 cd33 d534 dd74 e5b5 ed95 ed94 ed75 ed95 ed95 edb5 ed95 edb5 f5d5 f5b5 ed94 f574 ecb1 dbae ba8a a9c9 91a9 8169 6908 81eb 9acf 81ec 81ec 718a 92ce b3b1 ab71 b3b1 b3d1 cc31 d410 c34d b2ab 99e9 6086 5847 5867 5887 58a8 5887 5887 5887 60a7 60a7 60c7 68e8 68e8 6908 6908 60e7 6908 68e7 68e8 68e8 60c8 5887 5066 5887 60c7 60c7 60c7 60c8 60a8 60a8 6109 6949 79aa 9aad b34e bb6f b34e ab2d b32e b36e c3ef d450 d4b1 dcb1 d4b0 d4b0 d4b0 d4b0 d4b0 d490 d490 d490 d490 d490 d48f d48f d490 d490 d490 d490 d46f d470 d490 d470 d490 d470 d470 d470 d490 d490 d490 d470 cc50 cc50 d450 cc50 d450 d450 cc50 cc50 d44f cc2f cc2f cc2f cc2f cc0f cc0f cc30 
b24a ba6b ba6a b24a b24a b22a b22a b229 b229 b209 b229 aa09 aa09 a1c9 a9e8 a9c8 b229 c28a d30a db4b e3cc e40d e44d e48e ecae ecce ecce ecce ecaf ecaf eccf eccf ecae ec8e f46e ec0d e3ac db6b d2eb c26a a1c8 9148 8107 8928 9168 9168 9989 99a9 a1c9 a1a8 a9e9 aa09 a9e9 aa09 a9e9 a9e9 a9e9 b20a a9e9 a9c9 a9e9 a9e9 b209 a9e9 b209 b209 b1e9 b209 ba29 ba2a ba29 ba4a ba6a ba8a ba6a ba6a ba49 b229 a9e9 a1c9 a1c8 c34c fe34 fe93 fe94 f612 f5d1 fdd1 f54f eccf cb6c c2cb c2ec c2ec c2ed b26b aa0a b26c b2ac c2ee c2ed c2ee bacd baad baad ba6c c30d cb4e cb0d d32e c2ee ba8d 99aa bace cb2f c2ee aa6d 818a 712a 714b 714b 690b 60ea 690a 690a 716c 820e 81ee 718c 694b 610a 58c9 58c9 58c9 610a 716c 694c 690b 820f 81ee 81ee 718c 58a8 58a8 58a8 58a7 58a8 5887 58a8 58a8 60e8 58c8 58a7 58a7 5087 5067 60ea 716c 79ac 8a4f 79cd 79ee 616c 82b1 8af1 9b52 abd2 bc32 c492 d513 dd33 d513 d513 d554 d553 d554 d533 ccf2 d4f3 ccd2 ccb2 d513 d513 ccf2 d513 d513 d533 d533 d512 d512 cd12 d513 ccf3 ccd3 d533 e575 e5b5 edb5 edb5 ed95 ed95 ed95 ed95 edb5 edb5 edb5 edb5 f5d5 edb4 f594 ecd1 e3ef cacb b209 a1c9 8149 794a 58a7 81eb 8a4d 8a0c 798a 79cb ab71 ab71 b3b1 bbd1 cc32 cbd0 c32d b28b 91c9 68a7 5847 5066 5887 5087 5087 5887 5887 60c8 68c8 68e8 68e8 68e8 68e8 6908 68e8 60e8 68e8 60e8 60c7 58c7 58a7 5866 5866 60a7 60c8 68e8 60c8 58a8 58a8 6929 714a 8a0b ab0e bb6f b36e b34e ab0d b32d bb8e c40f d470 d490 d4b0 d4b0 d4b0 d4b0 d4b0 d4b0 d4b0 d4b0 d4b0 d490 d490 d490 d490 d490 d4b0 d490 d490 d470 d490 d490 d490 d470 d470 d470 d470 d470 d490 d470 d44f d450 d450 d450 d450 cc50 d450 d44f d44f d42f cc2f cc2f cc4f cc2f cc2f cc2f cc0f 
b24a b24a b24a b24a b24a b22a b22a b22a aa09 aa09 b209 aa09 aa09 a9e9 a1c8 a1c8 b229 c28a caea db4b e3ac e3ec e42d ec6e ec8e ecae ec8e ecae ecaf ecae eccf ecce eccf f4af ec6e ec0d ebcc db4b d2ea c26a a1a8 9148 8927 9148 9189 9168 9188 99a9 a1ea a1c9 a1c9 aa0a b209 aa09 aa09 aa09 aa0a aa2a aa09 a9e9 aa09 b209 aa09 a9e9 aa09 b209 b209 ba2a b229 b229 ba4a ba6a ba8a ba6a ba6a ba6a ba49 ba29 aa09 a1c9 a1c8 c32c fe55 fe95 fe73 fe52 f611 fdd0 f54f e42c c2ea c2cb c2ec c2cc c2ed baac b28c baad c2ed c2cd baac ba8c b26c baad cb0d d34e d34d d32d cb0d cacd caed ba8d 9a0a b2ad b28d a20b 99eb 814a 798b 714b 690a 60ea 60ea 58a9 58c9 694b 81cd 796c 714b 714b 798d 716c 692a 58e9 58ca 718d 692b 50a9 824f 92d1 8a70 71ac 5067 5887 58a7 60c8 58a8 58a8 58c7 58a7 58e8 58c8 50a7 50a7 5088 5088 692a 8a2e a2af 9a6e 81ed 820f 720f a3d5 9bd3 b453 ccb3 ccd2 d4f2 dd33 d533 d533 d554 dd74 d574 d533 d4f2 d4f2 d4d2 ccb2 d4f2 d513 cd13 d533 d533 d533 d513 ccf2 d513 d513 cd13 ccd3 ccd3 dd34 e574 ed74 ed94 f5b5 edd5 edb5 edb5 edb5 edb5 edd5 edb5 edb5 edb4 f5d5 f5d5 f574 ecf2 e42f d32c ba29 aa0a 9169 7128 60c8 5086 79cb 8a2d 81ab 716a 9aaf ab71 b391 bbf1 c412 cc10 c36e b28b 8968 60a6 58a7 5067 5067 5066 5887 5887 6087 68e8 6908 68e8 68e8 68c8 68e8 6908 6908 6928 6929 60e8 60c7 60c7 58a7 5066 5887 5886 6087 60c7 60c8 58a8 60c9 6909 798a 9a8d b32e bb6f b36e b32d ab0d b34e c3af cc30 d450 d490 d4b0 dcb0 dcb0 d4b0 d490 d490 dcb0 d4b0 d490 d490 d490 d490 d490 d490 d490 d48f d4b0 d490 d490 d46f d490 d490 d470 cc50 d470 d470 d470 d470 d470 d470 d470 cc4f d450 cc4f d44f d450 d450 d44f cc4f cc2f cc2f cc2f cc2f cc2f cc0f 
b26b b24b b24a b24a b24a b22a b24a b22a b229 a9e9 b209 a9e9 a9e9 a9c8 a1c9 a9e9 b229 c2aa caea db4b dbac e40d e44d ec8e ecae ecce ecaf ecaf ecaf eccf f4ef eccf f4ce f4ae ec6e e40d e3cc db6c d30b ba6a a1a8 9148 8928 8948 9169 9188 99a9 a1c9 a1e9 a1a9 a9e9 a9e9 a9e9 a9e9 aa09 aa0a aa09 aa0a aa09 aa0a b209 b209 a9e9 a9e9 a9e9 b209 b209 b229 b249 b229 ba6a c26a ba6a ba6a ba6a ba6a ba49 ba29 aa09 a9e9 a1a8 bb0b fe35 fe94 f673 fe73 fe52 f5b0 ecce cb09 ba69 c26a c2cc c2cd baac baac c2cc c2cd c2ed bacc aa4b b26c baad caed d32d d34d d32d d32d cb2e c2ee ba8d aa2b 91a9 a22b 99eb 8969 7929 818b 81cd 716c 60e9 58c8 50a8 50a8 58a9 60ea 716c 79ad 716b 716b 718c 81ed 696b 58c9 58a9 718c 692b 5088 79ee 92b1 9b12 822e 58a8 5887 58a8 58a8 58a8 58c8 58a8 58a7 58a8 50a7 5087 5087 5067 60e9 79ab a2cf aaae 89aa 89ed 926f 8ad0 bc96 abf1 d4f4 dd53 d512 dd33 dd33 d553 d574 dd95 dd94 dd74 d533 d4f2 ccb2 cc92 ccd2 ccf2 d4f2 d533 d533 d533 d513 d4d2 c470 ccf2 d4f2 ccd2 d4d2 e533 ed74 edb5 edb5 edb5 edd5 edd5 edb5 edb5 edb5 edb5 edd6 edb5 edd5 edb5 edb5 f5b5 f594 ecf1 e450 db6d c26a a9c9 9968 7929 60a7 5887 60e8 926d 81eb 79ab 8a2d ab70 b391 bbb0 c3f1 cbf0 c36e aa8c 7927 60a6 5887 5867 5867 5867 5887 60a7 60a7 60a7 68e8 60e8 68e8 68e8 68e8 6908 6908 6928 68e8 60c8 58a7 60e8 58a7 5887 5887 5886 60a7 60e8 60a7 58a8 60c8 714a 89ec a2ee b36f bbaf bb6e ab2d ab2d b36e c3ef cc50 d470 d490 d490 d4b0 d4b0 d48f d490 d490 d490 d48f d46f d490 d46f d46f d46f d48f d48f d48f d490 d48f d490 d490 d490 d46f d470 d470 d470 d470 d470 cc50 cc50 d470 d470 d470 d470 d470 d470 d44f d44f d42f d450 cc4f cc2f cc2f cc0f cc0f cc0f 
b24a b24a b24a b22a b24a b24a b24a b24a aa29 aa09 aa09 aa09 a9e9 a9c9 a1c9 a1c9 b229 c28a d30b db4c e3ac e3ed e42d ec6e ec8e ecae ecae ecaf eccf eccf f4cf ecae ecae f4ae ec4d ec0d e3cc db6c caea c26a a1a8 9168 8928 8928 8968 91a9 99a9 a1ea a1e9 a1e9 aa2a aa0a aa0a aa0a aa0a b22a aa0a aa0a aa0a aa0a aa09 b209 b20a b209 a9e9 b209 b209 b20a ba29 ba4a c26a c26a c28a c28a ba8b ba6a ba49 b229 b22a a9e9 a1a8 c32c fe34 fe94 fe73 fe73 fe73 f590 dbac ba68 b229 c28b c2ec bacc b2ac bacd c2cc c2ed bacd b26c aa2b b26c cb0d d32e d34d cb2d cb0c cb0d c2cc c2cd bacd a20b 8128 7908 7908 6087 60c8 81ed 79ac 6909 58a8 58c8 50a7 58a8 58a8 58c9 716b 81ee 694b 694b 79cd 81ed 71ac 50a8 58c9 718c 692b 5068 590b 8a91 9b53 92f2 696b 5087 5887 58a7 58c8 58c7 5087 5887 5087 5067 4867 5067 5087 81ec 9acf a2cf 9a2c 89ab a2cf b3d3 9b72 c495 b411 dd35 d533 dd32 dd52 dd53 dd74 dd74 dd94 dd53 dd53 d4f2 ccd1 cc91 cc91 ccb1 ccb2 ccd2 d513 dd54 d533 ccf2 cc71 c471 cc71 d4b2 dcf2 e553 ed74 ed94 edb4 edb4 edb5 f5f5 edf5 edd5 edd5 edb5 ed94 edb5 edd5 f5f6 edd5 f5d5 edb5 f594 ed13 ec91 db8d c28b a9e9 9968 7908 60a7 58a7 58a7 718a 81cb 798b 81cb ab50 b391 b390 c3f1 cc10 cb8f 99ea 70c7 60a7 58a7 60a8 60a8 58a7 58a7 5887 6087 60c7 60c7 68e8 6908 68e8 68e8 6928 6928 6908 6908 60e8 60a7 60a7 5887 60a7 5887 60a7 68e8 60c7 5887 58a8 60e8 716a 926d b34e bbaf bb8e b34e b34d b34d bbcf c410 cc4f d470 d470 d490 d4b0 d4b0 d4b0 d490 d490 d490 d4b0 d490 d490 d48f d46f d46f d46f d490 d490 d490 d490 d490 d46f dc90 d490 d46f d490 d470 d470 d470 d470 d470 d450 d44f d44f cc4f d450 d450 d42f d44f d450 cc4f cc2f cc50 cc2f cc0f cc2f cc0f 
b24b b24b b24a b22a b24a b24a b24a b24a aa4a aa29 aa09 aa09 a9e9 a1c8 a1c9 a1c8 b209 c26a d30b db4c e3ac e3ed e42e ec6e ecaf ecae ecae ecce ecae ecce ecae ecae f4ae f4ae ec4e ec0d ebcc db6c caca ba6a a1c9 9168 8928 8948 9148 9988 9988 a1c9 a1ea a1ea a9ea a9ea aa0a aa0a aa0a b20a b20a aa09 a9e9 b20a a9e9 b209 b1e9 b1e9 b209 b20a b20a ba4a b229 ba29 c26a c28a c2aa c28a c26a c26a ba6a ba4a b24a a9e9 a9c9 baeb fe14 fe94 fe73 fe52 fe52 ed2f c2ea b208 b209 ba6a c2ab ba8b b28b baac c2cd c2cd ba8c b24b ba8c c2cd cb0d d30d cb0d d32d cb0d c2cc c2cd bacd baed 91ca 6087 6067 60c8 60a8 6109 79cc 6929 60c8 58a8 58a8 58c8 58c8 58c9 50a8 612a 7a0d 79cd 692b 716c 79ed 79ed 50c9 50a8 718c 798d 5068 50a9 69ad 8ab1 a394 92b1 718c 692b 60ea 5088 5087 5087 5067 4846 4847 4867 50a7 81eb bb71 ab0f 9a4d 9a2c a2ae cc74 ccb5 9b72 bc55 c493 dd55 dd33 d532 dd74 dd74 dd94 ddb5 ddb5 d574 d512 ccd2 ccb2 cc71 cc92 ccb2 ccf3 ccf3 d534 d554 d513 ccb2 c471 d491 dcb1 e4f2 e513 ed33 ed54 ed95 edb5 ed94 edb4 f5d5 edd5 f5d5 f5b5 f5b5 edd5 edd5 edd5 f5f5 f5f6 f5f5 f5d5 f5d5 f553 ecb1 dbae caab b1e9 9989 8149 6087 5887 5867 60c8 81ab 81ab 7149 a2ce bbf2 b3b1 cc33 cc32 c3d0 818a 60a7 68e8 58c8 58a8 5887 58a7 5887 60a7 60a7 70c8 70e8 68c8 68e8 68e8 68e8 6929 6929 6929 6909 60a7 5887 58a7 5886 5886 60a7 60c7 60a7 6087 5887 60c8 6909 81ab a2ad bb8f c3af bbae b36e b34e bb8e c3ef cc0f cc30 cc0f cc0f d450 d470 d4b0 d4b0 d490 d490 dcb0 d4b0 d4b0 d490 d490 d470 d470 d470 d470 d470 d470 d470 d470 d46f d48f d490 d490 d490 d470 cc70 d450 d470 d450 d450 d450 d450 d450 d450 d44f cc4f d450 d450 d42f cc2f d42f cc2f cc2f cc0f cbef 
aa4a aa4a aa6a aa6a b26b aa4a aa4a b24a aa0a aa09 aa0a aa0a aa09 a9e9 a9c9 a9c8 aa28 ba89 cb0b d34b e3ac e3ed e42e ec6e ec8e ec8e ecaf ecaf ecaf ecaf f4af ecaf ecae ec8e ec6d ec2d e3cc db6c d2eb ba6a a1c9 9168 8927 9148 9148 9968 9989 a1ca a20a 99e9 a209 aa09 aa09 b20a aa0a b20a b20a b20a b22a a9e9 a9e9 b1e9 b1e9 b20a aa29 aa29 b229 b249 ba4a ba4a ba6a ba6a ba6a ba6a c26a c26a c24a ba4a ba4a b209 a9c8 aa89 f5d3 feb4 fe93 fe52 fe11 dc4c b268 b209 ba29 ba2a ba6a ba6b ba8b baac baac b26a b26a ba8b caec cb0d cacc cacc ba4a caed caed ba6b baac baee baee 9a4d 6128 5066 5087 60e9 798b 718b 60e8 58a8 5887 5087 5887 58a7 58c8 58a8 60c9 718c 79ac 718b 6909 718b 79cd 694b 50a8 718c 71ad 4847 5089 58ca 71ce a374 9af3 820f 7a2e 824e 69ac 5087 4866 4867 4847 4867 4867 71aa bb8f d411 aaad 91eb aaef d453 d4d2 cc91 a391 a3b2 bc93 dd75 dd33 dd33 d553 dd94 ddb5 ddb5 dd94 d512 d4d2 d4b1 cc90 c470 cc91 ccb1 d4f3 d513 dd74 d553 d4b1 cc70 d470 e491 e4b1 e4d2 ed34 ed54 e573 ed94 edb4 ed94 edb4 edd5 f5f5 f5f5 edd4 edd5 f5f5 f5f6 f5f6 f5f6 f616 f616 edf5 edf5 ed93 ecf1 e40f cb0c b20a a1a9 8149 6066 5867 58a8 5887 796a 81ab 7149 8a6c bc12 bc11 cc72 d472 bb8f 7969 60a7 5887 5887 58a7 5887 5887 6087 60a8 60a7 60a6 60c6 6907 68e7 68e7 6928 6908 6928 68e7 60e8 58a7 60c7 58a7 5887 5886 60a7 60a6 58a7 58c7 58e8 60e8 7149 924c b32e bb8e bbae bb8e b34d b38e c3cf cc0f cc2f c40e c40e c42e cc4f cc4f d470 d470 d490 d490 d4b0 d4b0 d4b0 d490 d470 d490 d490 d46f cc6e d48f d490 d46f d46f d490 dc90 d490 d470 d470 d470 d470 d450 d470 d44f cc4f cc4f cc6f d46f d46f cc50 cc4f d470 cc2f cc2f d44f d44f cc2f cc2f d42f cc0f 
aa2a b22a b22a b24a aa2a b24a aa2a aa2a aa09 aa09 aa29 aa2a aa09 a9e9 a1c8 a9e9 b229 c2aa d2eb db4b dbcc e40d e42e ec6e ec8e eccf ecae ecae ecae ecce ecae ecaf f4af ec8f ec6e ec0d e3ed db8c caeb ba6a a1e9 9148 8927 9127 9968 9968 9988 a1c9 a1c9 a1c9 a9e9 aa09 aa0a aa09 b209 b209 b209 b209 b22a b209 aa0a aa0a aa09 b20a b209 b22a b22a b229 b229 ba6a ba4a ba6a c26a c2aa c2aa c26a ba69 ba6a ba4a b209 b20a aa29 dc8f fe74 fe93 fe73 fdb2 c32a b269 ba4a b26a b24a b24a ba8b baab b28b bacc b2ab bacc c2ed caec caec cb0c c2ed a1ea ba8c ba8c ba6c ba6c aa4c a24c 920c 68e8 5887 5887 798c 8a2d 6929 5887 5887 5067 58a8 60c8 58a8 58c8 58a8 58c8 58c9 716b 79cd 694b 692b 716b 694b 610a 71ad 79ee 5089 610b 58ea 594b 9b53 92d1 58e9 60e9 6909 60e8 5087 4866 4046 4847 4866 71ca bbb0 d3f0 baec aa8c b30e d4b3 dd14 d471 d472 b3d2 a371 b433 d556 d534 ccf2 d553 e5b4 dd94 dd73 dd53 ccf2 ccd2 cc92 cc92 cc92 c491 ccd2 d533 d574 dd33 d4b1 d42f dc30 e471 e491 e4d2 e4f2 ed33 ed54 ed74 ed95 edb5 edb5 edb5 f5f5 edf6 edf6 edd5 edf5 edf5 f616 f616 f637 f636 f636 f636 f636 f5b4 ed32 ec91 d34d ba4a a9c9 9168 70a7 5866 5887 5887 68e9 798b 796a 81cb bbf2 c432 cc94 cc72 b36f 7128 6066 60a7 58a7 5887 60c8 58a7 5887 60c7 60c8 60c7 68e8 68e8 60c8 6908 68e8 6928 6929 6929 60c7 58a7 5887 5887 5887 5886 60a7 60e8 5887 58a7 58a8 6909 798a 9aad bb8f c3cf bb8e bb6e b34d bbae c40f cc50 cc2f cc0f cc0f cc0f cc2f cc0f cc2f d44f cc4f d44f d470 d48f d490 d46f d46f d48f d490 d490 d46f d46f d470 d470 d470 d46f d48f d48f d490 d490 d450 d470 d470 d470 cc70 cc70 cc50 cc50 cc50 d450 d450 d46f d46f d470 cc4f cc2f cc2f cc2f cc0f cc0f cbef 
aa2a aa2a b22a b22a b22a b22a b22a b22a aa2a aa2a aa09 aa2a aa0a aa09 a1c9 a9e9 b229 c28a d30b db6b dbac e40d e44e ec6e ec8e ecaf ecae ecae ecaf ecaf eccf ecce ecce ecae ec6e e40d e3ed db8c d30b c26a a1e9 9168 8907 8928 9168 9168 9989 99c9 a1e9 a1c9 a9e9 aa0a aa2a aa09 a9e9 b209 b209 b209 b22a aa0a aa29 aa0a aa0a b20a b209 ba2a b209 b209 b209 ba4a c2ab c2cc ba4a c28a c28b c26a c26a c26a ba69 ba4a b1e9 aa09 c3ac fe34 fe94 fe74 fd51 baea ba89 ba6a ba8a ba8b ba6a ba8b ba8b b24a b24a baac d34e cb0d c2ac cacc cacc c2cc 99ea 99eb 9a0b 99eb 91aa 8129 8169 796a 6909 58c8 58a8 81ed 8a0e 60e9 5887 5887 5867 60c8 60c8 58a8 6109 58a8 58c8 58c8 60e9 718c 716c 692b 692b 610a 694b 79ad 79ad 5088 694c 58ea 594b 9b32 9af1 50a8 5067 5067 5067 4846 4846 4026 4846 6928 b38e d430 bb0d b26b bb4f d492 e533 d4d1 d491 d492 bc12 a391 ac34 c4f6 ccf5 ccb3 d533 e594 d533 dd13 dd34 ccd2 ccd3 ccd2 ccb2 cc92 ccb2 d4f3 d513 dd12 d430 d40f dc50 e470 ecb1 e4d1 ed12 e513 e553 ed94 edb4 edb5 edd5 edb5 edd5 edf5 edf5 edf5 edd5 edd5 edf5 f5f6 f616 f636 f636 f636 f636 fe36 f5d4 f573 ecd1 dbad c28a b1e9 9988 78c7 5866 5067 5888 60a8 7129 796a 7149 b350 c432 cc93 d4b3 bb90 7128 6087 60a7 60a7 6087 68c8 70e8 60a7 68e8 60c7 68e8 68e8 60e8 68e8 6908 6929 6908 7128 68e7 60a7 58a7 58a7 58a7 58a7 60a7 60c8 60e8 58a7 5887 58a8 6929 8a0c ab2e c3cf c3cf bb8e b34d bb6e c3ef cc50 cc70 cc4f cc2f cc2f cc2f cc2f c40f c3ef cc0f cc2f cc0f cc2f cc4f cc4f cc50 d470 d44f d470 d46f d470 d470 d470 d470 d470 d48f d490 d490 d490 d490 d470 d470 cc70 d470 d470 d470 cc50 cc50 d450 d450 d450 d44f d44f d42f d42f d42f d44f d40f cc0f cc0f cc0f 
aa0a aa2a b26b aa4a aa2a b24a b24a b22a b22a aa09 aa09 aa09 aa09 a9e9 a1c9 a1c9 aa09 ba8a cb0b db6c e3ac e3ed ec4e ec4e ec8e ec8e ecaf eccf ecaf eccf f4ef ecce ecae f4cf ec8e ec2d e3cc db6c d30c c28b a1e9 9189 8948 9169 9148 9968 9989 a1a9 a1c9 a1e9 aa09 aa09 b24a aa2a b22a aa2a b24b aa2a b22a b20a b209 b22a aa0a b20a b22a b20a b20a b20a b22a c2ab e430 c30b ba6a c26a c28a c26a c26a c26a ba6a ba29 b20a aa09 b2ea f592 feb5 fe75 ecd0 bac9 ba8a ba6a c2ab c2cb baab ba6b b22a b22a b28b cb2d d32d caec cb0c bacc a1ea 9a0b 818a 7949 794a 89cc 818a 7908 8149 89ab 794a 60a8 60c8 8a2e 81cc 58a8 5067 5088 58a8 692a 692a 60e9 6909 5887 58a8 58a8 60c8 60e9 692a 692a 692a 60e9 612b 820e 79ed 610a 79ee 50c9 58e9 7a2e a373 590a 5087 5067 4846 4846 4046 4846 6128 ab2e d430 c32d aa6b c32e d492 e513 dcd2 d491 dc91 d493 c433 a3b1 b474 c4f5 bcb4 bcd4 d575 ddb5 d554 d554 d512 d4d2 ccd2 d4d2 ccd2 ccd2 d4f2 d4f2 dcb1 d42f d3ce dc2f e470 e490 e4b1 e4d1 e512 ed53 ed53 ed93 ed94 edb4 edd5 edb4 edd5 edf5 edf5 edf5 edd5 edd6 f5f6 f5f6 f636 f616 f636 f636 f636 fe36 f615 f5b4 ed12 e40f caeb b209 a1a9 80e7 60a7 5887 5067 5867 68e8 796a 7149 924d c412 cc73 d493 bbd1 7989 60e8 6909 60e8 60c8 60a7 60c8 60a7 6908 60c8 68e8 68e8 68e8 68e8 6908 7129 6949 6929 60e8 60c8 5887 5887 58a7 60c7 60c7 68e8 60e8 58a7 5087 58a8 7149 9a6c b36e c3cf c3ae bb6d b34d bb8e cc0f d470 d470 cc50 cc2f cc30 cc0f cc10 cc2f c40f cc0f c40f cc0f cc0f cc2f cc2f cc4f cc4f cc4f cc6f d46f d490 d46f d470 d470 d470 d46f d46f cc6f d470 d470 d490 d470 cc50 d470 cc50 d470 d450 d430 d450 d44f d42f d42f d44f d44f d42f d42f d42f d42f d40f cbef cbef 
b22a b22a b24a b22a aa2a aa2a b22a aa29 aa29 aa29 aa29 aa09 aa09 a9e9 a1e9 a1e8 b229 c26a d2eb db4b dbac e40d ec4e ec6e ecae ecae ecae ecce eccf eccf ecce ecce ecae f4af f48e ec2d e3cd db8c caeb ba8a a1e9 9189 8928 9148 9148 9968 9988 a1c9 a1c9 a1e9 a9e9 aa0a b22a b22a b22a b22a b22a b22a b24a b22a b209 b209 b20a b209 b209 b1ea b1ea b22a baeb dc0f db8d c289 c26a c28b c28a c28a c269 c26a c28a ba6a ba4a b24a b269 dc6f feb5 fe95 ecaf ba89 c2aa ba8a c2aa c2ab c2ac b24b aa0a ba8c caec cb0d caec c2cc d32e cb2e aa8c aaad a24d 91eb 818a 81aa 7108 6087 68c7 68e8 58a8 5888 60e9 9290 79ac 58a8 5088 5088 6109 714b 60e9 60c9 60e9 58a8 60c8 60e9 6109 58a8 58c8 692a 690a 58c9 58ea 79ce 8a90 824f 8a70 610a 50a9 614b 9b73 618c 4867 4867 4847 4847 4867 58c7 a30d d430 cb6e b2cc b30d dc92 e4f3 d4d1 dcd2 d4b1 d491 d4b3 c473 abd1 bc93 cd34 c4f3 cd13 d595 ddb5 ddb5 d554 ccf3 d4d3 d4d2 d4f3 d4f2 d4f2 d4d2 d491 d3ef d3ce dc30 e450 ec91 ec91 e4b1 e4f2 ed53 ed53 ed53 ed54 ed94 ed94 edd5 edb5 edd5 edd5 edf5 edd5 edf5 edf6 f616 f636 f636 f636 f636 f637 f657 f657 f615 f594 f533 ec30 d32c ba29 a188 8907 68c7 58a7 5047 5047 5887 6909 796b 798a bbd2 c453 d4b3 c3f1 8a2b 60e8 60c7 60e8 58a7 58a7 60a7 60c7 60c8 68e8 68e8 6908 6908 6929 6909 7149 6928 6908 60c7 60a7 5887 5887 58a7 60a7 60c7 60c8 60e8 5887 5087 58a8 79ab a2ce bb8e c3af c38e bb6d bb6d c3ce cc4f d490 d46f cc4f cc2f cc0f cc2f cc2f cc0f cc0f cc0f cc0f c40f cc0f c3ef c40f cc0f cc0f cc2f cc2f cc4f d44f d44f cc4f d44f d44f d46f cc6f d470 d490 d470 d470 d470 d470 d470 d450 cc4f d450 cc50 d430 d44f d44f d44f cc2f d44f cc2f d42f d430 cc2f cc0f cc0f cc0f 
b24a b24a b26a b24a b26a aa2a aa2a aa29 aa2a aa2a aa2a aa2a aa09 a1e9 a1c9 a9c9 b209 c28a d2eb db6c e3ac e3ed e44d ec8e ecaf ecaf eccf eccf eccf ecaf ecce ecce ecae ecae ec8e ec2d e3cc db4c cb0b ba6a a20a 9189 8928 9148 9169 9988 99a9 a1e9 a1e9 aa0a aa0a aa0a b22a aa2a b24a b24a b24a b22a b22a b22a b209 b209 aa09 aa0a aa0a b20a b209 ba29 d32c d32b c28a c28a c28a c28a c26a c28a c28a c28a c28a c28b ba4a ba6a b249 c34c f5d3 fe95 f511 baea ba8a c28a c26a c26a c28b ba8b ba8b caec cacc c2ab cb0d caed d32e d32e c2cd ba6c b24c a22c 91cb 796a 60c8 60a8 60c8 5887 5087 58a8 60e9 8a6f 716b 5067 5067 58a8 716b 694a 58c8 610a 60c9 5887 60c8 60e9 60c8 5887 58c8 692a 60e9 60e9 58c9 716c 8a6f 92b1 92b1 718d 60ca 610a 9b32 7a6f 48a8 4046 4047 4046 58c7 926c d410 cbad baec bb0d cc31 e514 dcd2 e512 dd33 d4f3 d4b2 d4d3 c473 abf1 c492 ccf3 ccd2 dd34 dd94 ddb5 ddd5 d573 ccd2 ccd2 ccd2 ccd2 ccd2 d4b2 d430 d3ef dbef e3ef e450 e470 e491 e491 e4b2 ed13 ed53 ed74 ed74 ed74 edb5 edb5 edd5 edd5 edd5 edd5 f5f6 f5f6 edf5 edf5 f616 f636 f637 f637 f637 f637 fe57 f636 f616 f5d5 f574 e470 db6d c24a a1a8 8927 70a7 5867 4826 5047 5887 68e9 81ac 7149 b3b1 cc73 d493 c3d0 8a2b 6908 58c8 6109 6129 58c7 60e8 60c7 60e8 60e8 6908 6908 6908 6908 6928 7149 6908 68e8 60a7 60a7 5887 5887 60a7 60c7 60c7 60e7 60c8 5087 5087 60e8 8a0b ab2e c3af c3cf c38e b34d c3ae cc0f d470 dcb0 d490 cc6f cc6f cc4f cc2f cc2f cc2f cc2f cc30 c42f cc2f c40f c40f c40f c40f cc30 cc0f cc0f cc0f cc0f cc0f cc0f cc2f d44f d46f d46f d470 d490 d470 d470 cc70 cc70 d470 d470 cc50 d450 d470 cc50 cc4f d44f cc2f cc2f cc2f d42f cc2f d42f cc0f cc0f d40f cbef 
b229 b229 b24a b24a aa29 aa0a b20a a9e9 b209 aa09 aa09 aa09 aa09 a1c9 a1c9 a9e9 b229 c289 caea db4b db8c e3ed e42d ec8e ecae ecae ecce eccf ecee ecce ecce ecce eccf f4cf ec6e e40d e3cc db6c cb2c baab a20a 91aa 8968 8969 91aa 99a9 99a9 a1ca a1ea aa09 b22a b20a b20a b22a b20a b22a b20a b20a b20a aa09 b20a b209 b209 b209 b229 b229 ba29 ba4a c2ab c28a c26a c26a c28b c28b c2aa c28a c2ab c28b c28a c28b c28b ba6a b24a b28a d46e fe75 fdb3 c34b c2ca c28a ba6a ba49 ba6a cacb d2ec caec cacc c2ac c2ed d32e caed cacd ba6b aa2b a20c 8129 68c8 60a8 60e9 610a 6909 5067 5067 5067 5088 8a2e 718b 50a8 58c8 60e9 6909 60a8 60e9 692a 58a8 58a8 60c8 6109 58c8 58c8 610a 692a 5888 58a9 694b 81ee 81ce 79ad 820e 8a30 79cf 71ae a3b4 9bb3 618b 4026 4026 50a7 926c cbf0 cb6d baeb b2ed d431 ed33 dcd1 dcf1 e532 dd53 dd33 d513 d514 c4d5 ac12 bc52 ccb3 ccb2 d533 ddb5 e5f6 ddb5 d533 ccd2 d4d2 d4d2 cc91 d471 d430 d3ef dbcf e410 e430 e450 ec91 e491 e4b1 e4d1 ed13 ed33 ed74 ed74 ed95 ed95 ed95 edb5 f5d5 edf5 f5f5 f615 f615 f5f5 f5f5 f616 f616 f616 f636 f657 f636 f657 f657 f636 f5f5 f594 ecb1 dbae c28a a9c8 9968 78c7 6066 5046 4847 5067 60c8 798c 714a a330 d494 d4b3 bbd0 922b 7949 60e8 60c8 60e8 60e8 68e8 60c8 60e8 60e8 6909 68e8 6929 6909 6929 7129 6949 6908 60c7 58a7 58a7 58a7 58a7 60c7 60c8 60c8 58a7 5887 58c8 716a 9aad bb6f c3af c3af c36e bb4d c3cf cc2f d490 dcb0 d4b0 d470 d470 d46f cc4f cc2f cc2f cc0f cc0f cc0f c40f c40f c3ef c40f c3ef c40f c40f c40f c40f c40f c3ef c3ef c3ef cc0f cc0f cc0f cc4f d470 d470 d470 cc70 cc70 d470 cc50 cc2f cc4f cc50 cc4f cc2f cc2f cc2f cc2f cc2f cc2f cc2f cc0f cbee cbee d3ee d3ee 
b24a b24a b24a b24a b24a aa29 a9e9 a9e9 aa09 b24a aa09 aa09 a1e9 a1c9 a1c8 aa09 b209 c26a cacb d32b e3ac e3cc e42e ec6e ec8f ecaf ecaf eccf ecce ecee ecce ecce eccf ecaf ec6f ec0d e3cd db6c cb0b ba6a a1ea 99aa 8989 9189 91ca 91c9 99c9 a1ea a9ea a9ea aa0a aa0a aa2a aa2a aa2a b22a b209 b209 b22a aa0a b22a b22a b209 b22a b22a ba2b ba2a ba4a ba8b c2ab c28a c26a c26a c28b caab c28a caab c28a c28a c28a caab c28b ba4a b269 c36a fdf3 fdd3 cbac c2ca c2aa c26a ba6a c28a d30c cacb cacc cb0d d32e caed caed caed b24b a1ea a20b 91aa 70e8 60c9 58a8 694b 79cd 58a8 5067 5067 5088 5088 79cc 81ed 610a 694a 6109 58a8 58c8 692a 60e9 58a8 60c9 60e9 60c9 60c9 60e9 716b 692a 5888 5068 58ea 8a70 718c 79cd 716c 718c 612a 612a 9331 9b72 592a 4026 4866 820b c3af cbcf bacc b2cc c3cf dcf3 e4f2 dcb0 dcf2 e553 dd74 dd54 d534 dd15 c494 b433 b411 cc93 ccb2 dd34 e5f6 e5f6 dd74 d4f2 ccb1 cc91 cc91 d491 d430 d3cf dbef e3f0 e450 e470 e470 e491 ecb1 e491 ecd2 ed12 ed33 ed53 ed94 ed94 edb5 edb5 edb5 edd5 edd5 f5f5 ee16 edf6 f616 ee16 f616 f616 f636 f636 f657 f657 f657 fe57 fe57 fe16 f594 ecf2 e3cf c28b b209 a188 80e7 6887 5046 4867 5087 5087 712a 798b 926c dc94 dcb3 c3d0 9a4b 81aa 58a7 60c8 5887 60c8 68e8 6908 6108 60e8 6909 6909 6909 68e8 7128 7128 6928 60e8 60c8 5887 58a7 60c8 60c7 60e7 60e7 60e8 58a8 5888 60c8 81eb ab2f c3d0 c3cf c3ae bb6e bb8e c3cf d450 d490 d490 d490 d490 d490 d490 d470 cc70 cc50 cc4f cc2f cc2f c42f c42f c42f c40f cc2f c40f c42f c42f c40f c40f c3ef c3ef c3ef c3ef c3ef c3ef cc0f cc30 cc2f cc50 cc50 cc50 cc50 cc30 d430 cc10 d430 cc2f cc2f cc2f cc2f cc2f cc2f cc2f cc2f cc0f d40f d40f cc0f cbef 
aa49 aa29 b24a b24a b22a aa2a aa0a b22a aa09 a9e9 aa09 a9e9 a1e9 a9c9 a9a9 a9a8 a9e9 ba69 cb0a d34b dbac e3ed e44e ec8f ec8e ecaf ecae eccf ecce ecef eccf eccf ecad ecad ec8e e42d dbcc db8c caeb ba6b a1c9 9169 8969 8969 9189 99ca a1ea a1ea a1e9 a1e9 a229 aa2a aa2a aa0a aa2a b22a b209 b20a b24a b22a b209 b20a b22a b22a aa29 aa29 b229 b249 c2ab cb0c ba6a c26b ba4a c28b cacb caab caab caab caab cacb c28a ba6a c28a c28a c2c9 ec4f fdd3 d3ec c2ca c2aa ba4a ba4a d2ec d32d d30d caec c30c cb4d cb2d c2cc c2ed aa0a 91aa 7908 6087 60c9 58c9 79ee 8a2f 79ad 5068 5068 4887 4887 50a8 612a 8a4f 716c 60ea 60c9 50c8 694b 71ac 58c9 5868 60c9 690a 58a8 50a8 6129 698b 60e9 58a9 5868 58c9 820e 60e9 694b 716c 60ca 5048 4848 618b a373 71cc 4046 7188 bb6f d3cf baec baed c36e dcb1 d490 dcb0 dcd1 dcf1 e533 e595 dd94 d573 cd74 b492 ac11 a3d0 ccd4 d513 dd75 ddb5 dd95 d513 ccb2 cc71 d471 dc91 d450 dc0f dbee e450 dc2f e471 e491 ecb1 ecb1 e491 e4b1 e4d1 ed12 ed33 ed53 f595 ed94 ed94 edb4 edd4 edf5 edd5 f5f5 edf6 edf6 edf5 f5f6 f616 f616 f636 f636 f636 f657 f656 f656 f676 fe36 f5d4 ed13 e40f d30c ba2a a188 8928 68a7 5887 5068 5088 58a8 60c8 798a 79e9 cc93 d4d3 cc52 9a6c 818a 5867 58a8 60c8 60e8 68e8 60e8 6909 6908 60e7 6107 6128 6107 6908 7129 6908 6908 60c8 58a7 5887 5887 60c8 68e8 68e8 58a7 50a7 58a7 6928 926c bb6f cbcf c3cf c38e b34d bbae cc2f cc90 d4b0 d4b0 d490 d4b0 cc8f cc6f cc8f d490 cc6f cc50 cc70 cc70 c44f cc4f cc30 cc2f cc30 cc30 cc30 cc30 c40e bc0e bc0f bbef bc0f c40f bbee bbef bbef c3ef c3ef c3ef c40f cc10 cc30 cc30 cc2f cc2f c44f cc4f cc2f cc0f cc2f cc2f cc0f cc2f d42f d42f d40f d40f d40f d3ef 
aa2a b22a b24a b24a aa0a aa2a b22a aa2a aa09 aa09 a9e9 a9e9 a1c8 a1c9 a1a8 a1a8 aa09 c28a caeb db2b e3ad e3ed e44d ec6e ecae ecae ecce ecce ecce eccf eccf ecce ecce ec8e ec6e ec2d e3cd db8c d30c ba4a a1e9 9168 8968 8969 9189 99ca 99c9 a1ea a9ea a1ea aa0a aa0a aa2a b22a b20a b22a b229 b22a b24a b22a b22a b22a b22a b22a b22a b22a ba2a ba29 c26a caab ba6a c28b c28a c28a caab caab c2aa caab c2ab c2cb c2cb caab c26a ca8a caca db4b f46f cb4a c2ca c2aa ba49 caeb d32c d30c d32e cb2e c30e c32f c32f c30f aa2b 91aa 70e8 60a8 690a 58a9 5088 716b 824f 694b 5088 5888 60c9 5068 5888 58a8 716b 81ed 58c9 5088 60e9 79ac 694a 58a8 60a8 60a8 60c9 5088 58a8 718c 692a 690a 692a 58a8 58a8 60e9 58e9 694b 79ac 5088 4847 4047 48a8 8ab0 8a90 694a ab2d d3ef c30c baab bb6e dc92 dc90 dc6f dc90 dcd1 dd12 dd53 dd94 d574 dd94 d575 bcb3 ac11 9b6f ccf4 d554 e5b5 dd94 d513 ccb2 cc50 cc30 d430 dc10 dbef dc0f e430 e430 e450 e491 e4b2 ecb1 e4b1 ecd2 e4d2 e4d2 e4f2 ed12 ed33 ed94 ed94 ed94 edb4 edb5 f5d5 edd5 edd5 edf5 edf5 f5f5 f5f6 f616 f616 f637 f636 f637 f637 f657 f657 f656 f636 f5f6 ed53 e450 d34d ba4a a9c9 9148 78e8 5887 5088 5067 5067 5888 81cc 79aa bbd1 dcb3 dc93 9a4b 7948 60a7 60c8 5887 60c8 60e8 60e8 6108 6908 6929 6908 6908 6908 6928 68e8 60e8 60c8 60c8 60c8 58a7 58a7 60e8 60c8 60c7 5887 5887 58c8 79ab a2ad bbaf c3cf c3ae bb8d bb8d c3ce cc4f d490 d4b0 d4b0 d490 d490 d490 d48f d490 d46f cc6f cc8f d490 d490 cc70 cc70 cc4f cc4f cc4f cc4f cc30 cc2f cc4f c42f c40f bbef bc0f bc0f bc0f bc0f c40f c410 bbef bbef bbef c3ef c3ef c3ef c3ef cc0f cc0f cc2f cc30 cc0f cc0f cc0f cc2f cc2f cc2f cc2f d42f d40e cbee d3ee 
b20a b20a b22a b22a aa2a aa0a b22a aa09 aa09 a9e9 aa09 aa09 a9e9 a1e9 a1c8 a1c8 b229 c26a d2eb db4b e3ad e3cd e42e e46f ecaf ecae ecce eccf ecce ecce ecee ecce ecce ecae ec6e ec2e e3ed db8d cb0b ba6a a1c9 9189 8949 8949 9189 99aa a1c9 a1c9 aa0a a1e9 aa2a aa2a aa2a b22a aa09 b22a b22a b22a b24a b22a b20a b22a b209 b22a b20a ba2a ba4a ba4a ba6a c28b c28b c28b c26a c26a c26a c26a c26a c28a c28a c28a c26a c26a cacb d30b d32b c2c9 d32b caea c289 c28a caaa d2ec d32d d34f cb2f c330 b310 b310 b2ef a26d 91cb 7129 58a8 694b 714b 5088 4847 58e9 824f 610a 5088 610a 694a 58a8 5888 5047 5888 716b 712b 60c9 79cd 81ed 6909 5867 5887 60c8 60c9 5088 58a8 81ed 58e9 690a 716b 58c8 5087 5088 610a 694b 8a4f 58c9 4027 4827 4847 696b 928f ab30 cbf0 cb6d b28b bb0d d451 dcb1 dc70 dc4f dc4f dc90 dcf1 e573 dd74 d574 dd94 d574 cd14 bc52 a38f ccf4 d554 ddb5 d513 ccb2 cc70 cc50 d430 dbef dc10 e410 e410 e430 e430 e450 e491 e4b1 e4b1 e4b1 ecd2 ecd1 ecf2 ecf2 ed12 ed53 ed73 ed94 edb5 edb5 edb4 f5d5 edd5 edd5 edd5 edf5 edf5 edf5 edf5 f616 f636 f636 f636 f636 f657 f657 fe57 f636 fe16 f574 ec91 d36d c28b b1e9 99a9 7928 60a8 5088 5068 5067 5887 81ab 81eb b370 d4b3 dcb3 9a4b 7969 68e8 68e8 5887 60c8 6908 6908 6908 6908 6908 6929 6929 6928 6949 6908 60e8 58a7 60c8 58a7 60e7 60e7 68e8 60e8 58a7 5087 58c8 714a 926d ab2e bbae c3ae c38e c36e c38e c3ef cc70 d490 d4b0 d490 d46f d470 d470 d490 d490 d46f cc8f d490 d4b0 d4b0 d46f d46f d490 cc90 d470 d470 cc4f cc2f cc4f cc4f c42f c40f c40f bbef bbef bbef c40f c40f bbef c3f0 bbef bbf0 c3ef c3cf bbce c3ef c3ef cbef cbef cc0f cc0f c40f cc2f cc2f d42f cc2f d40f cbef d40e d40e 
b229 b229 b22a aa0a b24a b22a aa0a aa0a b229 a9e9 aa09 aa0a aa09 a1e9 a1c9 a1c8 b209 ba6a caeb d34c dbad e3ed e44e ec8f ecaf eccf eccf eccf eccf ecce ecee ecee ecce f4ae ec8e ec2d e3cc db6c cb0b ba49 a1e9 9988 9148 9149 9989 9989 99a9 a1ea a1ea a1ea aa2a aa0a aa2a aa2a aa2a aa4a b22a b22a b24a b24a b22a b229 b209 b22a b22a ba2a ba4a ba29 ba6a c26a c28a ca8b c28b c28a ba8a ba6a ba6a ba6a b24a ba4a b24a ba4a caea db6c baaa a1c7 a1e8 c2cb ba4a c24a d32c caec caed cb50 c351 aaf0 ab11 b331 aace 9a2c 818a 60c8 58a8 79ed 692a 5067 4867 590a 8a90 612b 58c9 79ad 5088 58a8 60c9 5867 5888 58c9 694b 8a4f 8a4f 694a 60c8 5067 5087 60e9 58a8 5088 610a 8a2f 5068 5888 716b 694b 58c9 60ca 58a9 71cd 92f1 592a 4046 4026 4026 58c7 8a4c bb90 bb0d aa8b b30d d451 e4f2 d46f dc70 dc50 d450 d470 d4b1 dd33 dd94 dd94 d574 dd75 d555 c4d3 b431 d514 dd54 ccf3 d4b2 d492 d450 d410 dc10 e431 e451 e431 e430 e430 e451 e471 e491 ecb2 e4b1 e4b1 ecd1 ecd2 ecf2 ecf2 ecf2 ed33 ed73 ed74 ed94 edb5 edb5 edb5 edb4 edb4 edb4 edd5 edd5 edd5 edf5 ee16 ee15 f616 f636 f636 f637 fe37 fe57 f616 f5f5 f5b4 ed12 dbce cacb b1e9 a1a9 8928 60a7 5067 5067 5067 58a7 714a 81aa a2ee dcb3 dcb4 aaee 89ca 60a7 68e9 58a7 60a8 60e8 60e8 68e8 68e8 6908 6928 6929 6929 6929 6908 60c7 58a7 58a7 58a7 60a7 60c7 60c7 60c8 5887 5887 58c8 718a 9ace b36f bbaf c3ae bb6d bb6d c3ae cc0e d46f dc90 d490 d490 d48f d46f d46f d470 d470 cc70 cc6f cc90 d490 d490 d490 d490 d490 d490 d490 d470 cc6f cc4f cc4f d450 cc30 c410 c40f bbef c40f c40f c42f c40f bbef bbef bbef bbef c3ef bbcf bbcf bbcf bbcf c3ef c3ee c3ef c3ef cc0f cc2f cc0f cc0f cc0f cc0f cc0f cbef cc0f 
b229 b22a b24a aa2a b22a aa09 aa09 aa09 aa09 a9e9 a9e9 aa09 aa0a a1c9 a1c9 a1c9 b209 ba6a caeb d34c dbcd dbed e44e ec8f ecaf ecaf eccf eccf eccf eccf ecef eccf ecce ecae ec8e ec2d e3ac db6b caca ba49 a9e9 9988 9148 9148 9989 99a9 99a8 a1c9 a1ea a20a aa0a aa0a aa2a b22a aa0a b22a b22a b22a b22a b229 b229 b229 b209 ba2a b22a ba4a ba4a ba4a ba49 c269 c28a ca8a caaa ca8a caaa ca8a caaa c2aa c28a c28a caaa cacb d34d c2cb 99a8 aa4a bb2c cb8e cb2d ba6a caed c2cd c310 bb11 bb51 ab0f b2ce baed bacd a24c 814a 60a8 694b 824f 58ea 4868 4047 612b 92d1 698c 610a 60e9 5067 60c9 60c9 690a 60ea 690b 8a4f 820e 716b 68e9 58a8 5067 5887 60e9 5888 5047 694a 820e 5067 5889 71ad 79ce 610a 58ca 50c9 828f 696b 50a8 4888 4047 4887 79cb ab2f a2ad 9a2b a2ac cc31 dcf3 d470 dc70 dc70 d470 d450 d470 d4b1 dd54 dd95 dd95 d554 d574 d554 cd13 c4f3 d554 d513 d4d2 d4b1 d450 d3ef dc10 e450 e451 e451 e451 e451 e451 e471 e471 e4b1 ecd2 ecd2 e4d2 e4d1 ecd1 ecf2 ecd1 ecd1 ecf2 ed53 ed73 ed94 edb4 edb4 edb4 edb5 ed94 edb4 edb5 edd5 edd5 edf5 edf5 edf5 f616 f636 f636 f636 f637 fe57 f636 f615 fdd5 f532 dbee caab b1e9 a1c9 8928 60a7 5067 5087 5087 5887 7129 818a 9a6c d493 dcd4 b32f 89eb 60c7 6909 60c8 6109 6949 6908 6908 6908 6909 6909 7149 6949 6908 6908 60e8 58a7 60c8 60c8 60a7 60c7 60c8 60c7 58a8 58a8 60e9 81ec ab0e bb8f c3af bb8e b34d bb6e c3ce d42f d46f d48f d490 d48f d46f d46f d490 d490 d490 cc90 d46f d48f d490 d490 d4b0 d4b0 d4b0 d490 d4b0 d490 d470 cc50 cc4f d470 cc4f c42f c40f c40f c40f c40f c40f c40f bbef c3ef bbef bbcf bbcf bbcf c3ef bbcf c3ef bbcf bbcf bbcf c3ef c3ef cc0f cc0f cc0f cc0f cc0f cc0f cc0f cc2f 
aa09 b22a b229 aa09 aa09 aa2a aa09 a9e9 a9e9 a9e9 a9e9 a9e9 a9e9 a1c9 a1a8 a1c9 aa09 ba6a caeb db6c dbad e40e e44e e46f ecaf ecaf eccf eccf ecce eccf ecee ecce f4ef ecae ec6e e40d e3cc db6c d2eb c26a a1e9 9188 8948 8949 9169 9989 99c9 a1ea a1ea a9ea aa0a aa0a aa0a aa2a aa0a b22a b22a b22a b22a b22a b22a b22a b22a b22a b209 ba2a ba4a ba6a ba6a ba6a c26a c28a c28a caaa caaa caaa caaa caaa ca8a ca8a ca8a caca d3ed d3ee b2ca c32b d3cc f4af f4b0 baeb baad bacf b310 bb51 bb2f bacd baab caed b26b 918a 60a8 60ca 71ad 8a90 50c9 4847 4868 592a 9312 7a2f 58c9 5047 58a8 5088 5888 694b 718c 8a4f 8a6f 79cc 716a 60e9 5087 5087 5888 610a 58c9 5088 71ac 718b 5068 5088 71ad 824f 58c9 5088 69ac 71ed 50a8 58a9 50a9 4867 6928 b34f c36e 9a09 9a4a c3d0 e513 d4b0 d490 dcb1 dcb1 dcb1 d470 d470 d4d1 dd53 dd94 d595 d574 dd95 d575 cd34 d533 d533 d512 cc70 cbae d3ae d3ef dc10 dc30 e431 e451 e471 e471 e491 e471 e492 ecb2 ecd2 ecd2 ecd2 ecf2 ecf2 ecf2 ecd2 ecf2 ed12 ed32 ed32 ed53 ed73 edb4 edb4 ed94 ed94 edb4 edb5 edd5 edd5 edd5 edf5 f5f5 f5f5 f636 f636 f636 f636 f636 f616 f615 f5d5 f532 e40f cb0c b209 9968 80e8 6887 5867 5067 5087 5887 6909 796a 8a0c d493 dcf4 bb6f 89ea 7108 712a 60e8 694a 718a 6928 60e8 6908 6908 6929 6928 6929 6928 60c7 58a7 58c8 60e8 60e8 60e8 6108 60e8 58a7 5087 58c8 716a 926d ab2e bb8f c3ae bb6e b34d bb8e c3ef d450 d490 d48f d48f d490 d490 d490 d490 d470 cc6f cc6f cc6f cc8f d48f d490 d4b0 d490 d4b0 d4b0 d4b0 d490 d490 cc70 cc70 cc4f cc4f cc4f c42f c40f c42f c40f c40f c42f bc0f bbef bbef bbef bbef bbef bbcf c3cf c3cf bbaf c3cf c3cf bbaf bbcf c3cf c3cf c3cf cbee cbee cc0f cc0f cc0f 
aa09 b22a b22a aa09 aa2a aa2a aa09 b20a aa09 b209 a9e9 b209 a9e9 a1c9 a1c9 a1c9 aa0a ba6a cb0c db6d dbad e3ed e42e ec6e ec8e ecaf eccf eccf eccf eccf ecef eccf eccf ecaf ec8e ec2d e3cc db8c d2eb ba6a a1c9 9989 8948 9169 9168 9989 99a9 a1c9 a1ea a20a aa0a aa0a aa2a b22a aa2a b24a b22a b22a b22a b22a b209 b229 b229 b209 b22a b22a ba4a ba4a c26a c26a c26a c28a c28a c28a caaa caaa caaa caaa caab caec d36e cb4c d3ac dbcd a9e7 b228 ba68 d32b db8c c32c b2ef b2f0 b310 c32f c30e ba8c c2cc c30e 9a0b 68c8 58c9 718d 7a0e 7a2e 4868 4868 4888 614b 9312 7a2e 4887 5067 58a8 5088 58c9 716b 79cc 79cc 714a 692a 60c8 5887 5067 5867 5887 60c8 60c9 58a8 79cc 6109 5047 5088 79ee 822f 5089 5888 820e 612b 590a 58ea 5088 58e8 a2cd cbf0 b28b a209 bb8e ed34 e4d1 dc90 dcd1 e512 dcf2 d4b1 d450 d450 d4b2 dd34 dd95 ddb5 ddb5 dd95 d574 d574 d553 d4d1 bb6c aa49 b26a c2cc cb2e d36e d3af dbf0 dc10 e431 e451 ec91 e491 ecb2 e4d2 ecd2 ecd2 ecf2 ecf2 ecd2 ecd1 ecd1 ecf2 ecf2 ed12 ed32 ed53 ed73 f5b4 edb4 edb4 ed94 ed94 ed94 edb4 edb4 edd4 f5f5 f5f5 f5f5 f615 f616 f636 f657 f636 f615 f5f5 f5d4 f532 dc2f cb0c a9c9 88e7 78a7 6066 5866 5067 5067 5867 60c8 796a 79aa cc73 dd14 c3b0 920a 7949 7149 60c8 6929 6929 6929 6109 6909 6929 7149 7149 6928 68e8 60c7 58a7 58a7 60e8 58a7 60e8 68e8 60c8 5887 50a8 6109 79cb a2ce b34f c38f c38e bb6e b36d bbae cc0f d450 d490 d46f d48f d46f d48f d48f d46f d46f d46f d46f cc8f cc8f cc8f d48f d490 d4b0 d4b0 d4b0 d4b0 d490 d490 d46f cc4f cc4f cc6f cc6f cc4f cc4f c42f c42f c42f c430 bc0f bc0f bbef bbef bbef c3ef c3ef c3ef c3cf c3cf c3cf bbcf bbae bbcf c3cf c3cf c3ae c3af c3cf c3cf c3ae cbce 
b22a b22a aa0a aa0a aa29 aa09 a9e9 aa09 aa29 aa09 a9e9 b20a a9e9 a9e9 a1c8 a1a8 aa09 ba6a caeb d34c db8c e3ed e44e e46e ecaf eccf eccf eccf eccf ecef ecef eccf eccf ecae ec6e ec2e e3cd db6c cb0b ba6a a9e9 9989 8948 8969 9189 99a9 99a9 a1ca a1ea a1ea aa0a aa2a b24a b22a aa0a aa0a aa0a a9ea b22a b20a b22a aa09 b209 b20a b22a ba4a ba2a ba4a c26a ca8a c28a ca8a caaa caaa ca8a caaa ca8a c2ab c30c e471 f571 dcae d3cd 91c7 6064 68a7 68a6 70c7 91a9 baef bb51 b330 bb0e c30d baab ba6a c28b aa0b 8149 60c9 716c 71cd 824f 616b 4867 5068 50c9 7a0e 9b32 698c 4847 5067 60e9 60c8 690a 6929 60e9 58a8 60e9 60c8 5887 5867 5087 58a8 58a7 58c8 58e8 58a7 716b 58a8 5048 58a9 822f 822f 50a9 610a 820e 610a 590a 4867 50a6 8a2b c3ef bb4c a22a b2ed dcd2 e533 dcb0 dc90 dd11 e552 dd12 d490 cc2f cc0f d4b1 dd54 ddb5 ddb6 ddd6 ddb6 ddb5 dd53 ccb0 9a88 8967 9988 aa0a b24b b26c bacc cb0d cb2d cb4d d38e dbcf e430 e451 e492 ecb2 ecf3 ecf2 ecf2 ecf2 ecd2 ecd1 ecd1 ecd1 ecd1 ed11 ed32 ed53 ed74 f594 ed94 ed94 ed94 ed74 ed74 edb4 edb4 edd4 f5d4 edf5 edd5 f5f5 f616 f616 f616 f616 f5f5 f5d4 ed52 ecd0 dbae c2ab 9968 78c7 68a7 6087 5866 5067 5047 5867 68c9 818c 7149 c452 dd15 c3f1 9a6c 7128 7108 6909 6929 6108 6129 6129 6109 6949 718a 718a 6969 60e8 60a7 58a7 58a7 60c7 60c7 60c7 60e8 58c8 58a8 58a8 6109 8a0c ab0e bb8f c38f bb6e bb4e b34d c3ce cc2f d46f d490 d470 d46f d44f d46f d46f d44f d470 d46f cc6f cc8f cc6f cc6f cc8f d490 d490 d490 d490 d4b0 d490 cc8f d46f cc50 cc50 cc4f cc4f cc2f cc4f cc50 c42f c42f c430 c42f bc0f bc0f bc10 c40f c40f c410 c410 c3f0 c3ef bbcf bbcf bbcf bbcf bbef bbcf bbaf bbaf bbcf c3ae bbae c3ae 
a9e9 aa09 aa29 aa29 aa29 aa09 b22a aa0a a9e9 b209 aa2a aa09 a9e9 a9c9 a9c9 a9e9 aa08 ba69 cb0b d34c dbad e3ed ec4e ec6f ec6e ecaf eccf eccf eccf ecef ecef f4ef e4ce ecad ec8d e42d e3ed db8c cb0b ba8a a1e9 9189 8948 8969 9189 99aa 9989 a1ca 99c9 a1e9 aa2a aa2a aa2a b22a b24a aa4a b22a aa2a aa2a aa2a b22a aa0a b20a b22a aa09 b229 b229 ba49 c26a c26a c28a caab c26a c28a cacb caab caab c2aa cbad fdd4 ec8e aa88 91a7 68c6 5046 5067 5067 5888 820c b3b2 ccb5 e536 d3af c2ac b22a aa2a a20a 7907 60a7 60ea 820e 71cd 8a90 50a9 4868 4869 612b 8ad1 9b53 612b 4847 5888 58c8 5086 58c8 58c8 60e9 60c8 6109 6109 5087 5087 58c8 60e9 58a8 58a8 690a 610a 718b 6109 58c8 610a 71ad 820e 58ea 694b 692a 4847 4847 4846 79aa c390 c34e aa4a a28a d471 ed32 dccf dcd0 dd11 e573 e5b4 dd12 c44f cc30 cc51 d4f3 dd75 ddb6 ddd6 ddd5 ddb4 dd73 bbee a24a a1ea aa2b aa4b aa2a aa0a a9ea aa2b a1ea 99a9 aa0b b26c baac c32c d3cf dc30 e491 ecd2 ed12 ed12 e4d1 ecd1 ecd2 ecd2 ecd2 e491 ecd2 ed12 e531 ed72 ed93 ed93 ed94 ed74 ed73 ed73 ed73 ed73 ed94 f5b5 f5d5 f5d5 f5f5 f616 f615 ee14 f5f4 ed93 ed32 e470 d3ad bacb a1e9 8107 70c7 6887 6066 5846 5867 5067 5066 58c8 81cb 6908 bbf1 e535 cc11 ab0e 7149 60c8 68e8 716a 714a 60e8 6929 6908 6948 6968 7169 6908 60c7 60a7 58a7 60c8 58a7 60c8 60c8 60c8 58c8 5888 60c8 716a 8a4c ab2e bbae c3ae bb6e bb4d c38e cbef cc4f d46f d46f d46f d46f d46f d44f d46f cc6e cc6e cc6f cc6f cc4f cc4f cc6f cc6f cc4f cc4f d48f cc8f d490 d470 d490 d490 cc6f cc4e cc2e cc4f cc4f cc4f cc50 cc50 c42f c42f c44f c44f c40f c430 c430 c430 bc0f bc0f bc0f bbef b3cf bbcf bbcf bbcf bbaf bbaf bbcf bbcf bbcf bbaf bb8e bb8e 
aa0a aa2a aa0a aa2a aa0a aa2a aa2a b22a b20a a9e9 b209 aa09 a9e9 a9e9 a1c9 a1c9 a9e9 ba49 caeb db4c dbad e3ed e42d ec6e ec8e ecaf eccf eccf ecef ecef ecef f4ef eccf f4af ec6e e42d e40d db8c cb0a ba6a a1c9 9169 8949 8969 9189 99aa 99a9 a1ca aa0a a1ea aa0a aa2a aa2a aa2a b22a aa2a b22a b22a b24a b22a b22a b22a b229 b229 b209 b229 b22a ba4a ba6a c28b c2ab c28a c2aa caaa cacb cacb cacb c2eb d3ac fd73 dc2f 9a6a 68c6 68a7 5887 5847 6088 7129 a2ef c3f1 ed52 f552 dbee b26a 9188 9169 918a 70e9 60c9 612b 7a0e 8ab0 79ee 5088 5089 50ca 71cd 8ab0 a393 616a 4846 5067 5087 5087 60e9 694a 694a 5909 6109 696a 58e9 50a8 58c8 58c8 58a8 5087 58c9 610a 820e 79cd 610a 612b 696c 79ce 58e9 612b 60ea 4847 4847 60e7 ab2d cbef aa6a a26b cbef e512 dcd0 dcd0 dd11 dd32 ddb3 e5b4 d4f2 cc4f cc30 d491 d533 dd75 d5b5 ddd5 ddd5 dd53 cbce baeb c2ec cb2e cb4e cb4e c32e bacd b28b b24b a1ea 9168 8127 8948 9188 a1c9 b26b c2cc d3af e450 e4b1 ecd2 ecd2 ecd1 ecf2 ecf2 ecd1 e4b1 ecd1 ecd1 ed12 ed53 f594 f594 ed94 ed73 ed53 ed53 ed73 ed94 ed93 edb4 f5d4 f5d4 edf5 f5f5 f5f4 edb3 ed32 dc90 d3ce c32d baab aa2a 99a9 8108 78c7 68a7 6086 5866 5067 5067 5087 60c8 796b 60c7 ab6e e535 cc52 b34f 7969 60c8 60c7 6929 7169 6908 6929 6908 6928 6929 6908 60e8 60e8 58c8 58a8 60e8 60c7 60c8 6108 60e8 58a8 58a8 58a7 81ab 9a8d bb6f bb8f c38e bb6e b34d bb8e cc0f d46f dc90 d46f d46f d44f d46f d44f d44f d44f d44f d44f cc4f cc4f cc4f cc4f cc50 cc4f d46f cc70 cc70 cc70 cc70 cc8f d490 cc6f cc4f cc2f cc2f cc4f cc4f cc4f cc4f cc4f cc4f cc4f cc4f c42f cc50 c450 c430 c430 c410 c410 c3f0 bbef bbcf bbef bbcf bbcf bbcf bbcf bbaf b3af b38e b36f b38f 
b22a b22a b22a b22a aa29 b229 aa29 aa09 aa09 b22a b209 aa09 aa09 a1e9 a1e9 a1a9 a9e9 ba6a caeb db6c dbad e40e e42e ec8f ecaf eccf ecaf f4cf eccf eccf f4ef ecce f4cf f4af ec8e ec2d e3ed db8c d30b ba8a a1c9 9189 8948 8969 9189 99aa 99a9 a1c9 a9ea a1e9 a9e9 aa0a b24a aa2a aa2a aa0a aa0a b20a aa0a b20a b20a b20a b209 b209 b209 b229 ba29 ba4a ba6a c26a c28b c26a ca8b ca8b caab cacc caeb cb2c d38c e42e dc2e bb4c 8988 70c7 60a8 5047 5867 7129 ab0f d411 d38d c28a ba8b a1ea 8128 896a 89ab 70e9 60ea 71ad 7a0e 824f 58c9 5089 5089 696c 820f 71cd 9b52 618b 4847 5067 5067 58c9 696b 696b 614a 614a 50c8 696a 696a 58a8 60e8 5887 5067 5067 4867 5088 696b 8a4f 612b 79cd 696b 696b 694b 610a 50a9 4867 58c7 926c cbf0 bb2c a24a c3af e533 d4b0 dcb0 e4f1 dd53 dd94 e5d4 dd73 d490 cc2f cc71 d4d3 dd54 dd95 ddd6 e5b5 dd12 c38d c30c d32d db6e e3cf e3cf dbaf dbcf dbcf d38e d34e baac aa0a 9988 8927 8127 8107 8927 9168 aa2a baec d3ef e470 ecb1 e4b1 ecd1 e4b1 e4b1 e4b1 ecd1 ecd1 ed12 ed53 ed53 f594 ed94 ed74 ed53 ed53 ed74 ed74 ed73 ed94 f5b4 ed93 ed73 ed32 e4d0 d42e c32c b28a 9a09 91a8 99c9 99c9 91a9 9168 9148 8908 6886 6066 5887 5087 58a8 60c8 692a 60c8 a32f e515 d451 bb8f 81cb 68e8 60c8 60e8 714a 7149 7169 6928 7149 7128 6908 60e8 58c7 58e8 58c7 58a7 58a7 60c7 6908 60e8 60c8 60a8 60c8 81eb ab0e bbaf bb8f bb8e b34d b36e c3ce d450 dc90 d46f dc8f d46f d44f d44f d44f d44f cc4f d44f d44f d44f d44f d44f cc2f cc2f cc2f cc4f cc4f cc6f cc70 cc70 cc6f d470 cc4f cc4f cc4f cc4f cc4f cc4f cc4f cc4f cc4f c42f c42f cc50 cc50 cc50 cc50 cc50 c430 c430 c430 c3f0 bbef bbef bbcf bbcf bbef bbcf b3af bbaf b38f b38f b38e b38e 
b22a b229 b22a b22a aa09 b22a b22a b22a aa09 aa09 b229 b209 aa09 a9e9 a1e9 a1a8 a9e9 ba4a cacb db2b e3ad e3cd e40e ec6e ecaf ecce ecae eccf eccf eccf eccf f4ef f4ef f4af ec8e ec2d e3cc db8c d32b ba6a a1c9 9169 9189 918a 9189 99a9 99a9 a1c9 a9e9 a9ea aa0a aa0a b22a b24a b22a b22a b229 b209 aa09 b20a a9e9 b20a b22a b209 b209 b22a ba4a ba4a ba4a ba6a c26a c28a c28b c28b c2ab d32c db8d db8d d34c d34c dbed cb8d 7927 68c7 58a7 5087 5067 6109 ab0f bb2e c2ed a1c9 99c9 9a0b 8148 898a 818b 68e9 716c 822f 79cd 692b 50a9 5089 612b 8250 820f 58ea 9312 7a4f 4867 5067 50a8 616b 71ac 694a 58e9 696b 614a 71ac 79ed 58c8 60e9 5067 5047 5067 5047 5067 58a8 698c 7a2f 8ab1 612a 60ea 79ed 5088 4847 4866 79a9 c3b0 d3ef b2cb b34d e513 e512 dcb0 dcd1 dd32 e594 e5d5 e5d5 d512 cc50 c430 ccb2 dd54 ddb5 ddd6 ddd4 d4d1 bb0c c2cb d2ec db2d db8e dbae dbae cb2d d38e e410 e410 e3cf d32d cacc c2ac a9e9 a1a9 9168 8928 8907 8927 9168 b24b cb4d dbef ec70 ec70 e470 ec70 ec91 ecb1 ecd1 ed12 ed32 f573 ed73 ed73 ed74 ed53 ed74 f594 ed93 ed73 ed53 f573 e4f1 dc6f cb8d b28a a209 99ea 91a9 99ca 91ca a22b b2ad b26c b24a b20a a1a8 78c6 68a7 5887 5887 5067 5888 6929 6108 a32e dd15 cc31 b36f 8a2c 6908 60e8 60c8 718a 6949 7149 7128 7149 7128 6108 60e7 58a6 58c7 58c7 60c8 58a7 60e8 68e8 68e8 60e8 60c8 6909 922d ab2e bbb0 bb8f b34e b34e bb8e cc0f d44f d46f dc8f d46f d46f d44f d44f d44f cc4f cc4f d44f cc4f cc4f d44f cc2f cc2f d44f cc4f cc4f cc4f cc6f cc6f d470 cc6f cc6f d46f cc4f cc4f cc4f cc4f c42f cc2f cc4f c42f cc4f cc50 cc50 cc50 cc50 cc50 cc50 cc50 c430 c430 c430 bc0f c430 bbef bbcf bbef bbcf bbcf bbcf b3af b38f b38f b36f 
aa0a aa2a aa0a aa4a aa2a b24a b24b aa2a aa2a b22a b209 a9e9 b209 a9e9 a1a8 a1a8 a9e8 ba4a cacb d30c e3ad e3cd e40d ec6e ec8e eccf ecae ecaf eccf eccf f4ef f4ef f4ef f4cf f48f ec2d e3ed db6c d30b ba8a a1e9 9168 9169 9189 9189 99ca 99c9 a20a aa2a a20a aa0a b24b b22a b22a b22a b22a b209 b209 b22a aa09 a9c9 b209 aa09 b209 b22a b20a b229 ba2a ba4a ba29 ba4a c26a c26a c2ab d34d dbce e40f e3ce db6c db6d d3ce cbaf 8168 7128 8a0b 79cb 5087 6109 ab0f bb0f c32f a1ea 8148 9a0c 898a 70e8 68e9 690a 79cd 8a50 79ee 58ca 58ca 60eb 824f 8270 694b 5088 826f 9b32 50a8 5067 5088 60e9 694a 60e9 5088 5088 50a8 71ac 8a4e 71ab 58a8 5046 5066 5887 5867 5867 5087 6129 618a 8aaf 71ac 50c8 612a 4846 4826 58c7 a2ec d40f c32c bb0c d4b1 e533 dcb0 dcb0 dd11 dd53 ddb5 e5d5 dd94 d4f2 cc50 cc71 d513 ddb5 ddd5 e5d5 d44f b2ca c2aa cacc cacb d2ec db4d d34d d34d c2cc b24a dbaf e410 e3cf caec d2ec cacc b1e9 b20a a9ea a1a9 9989 9988 9989 a1c9 ba8b d34d e430 e450 e450 ec70 ec70 e470 ecb1 ecd2 f513 ed53 f573 ed93 ed74 ed53 ed53 ed53 ed53 ed32 ed12 ecf2 d3ee baec a209 99c9 a1ea aa6c a22b b28c b2ac bacc cb2d c28a ba29 b1e8 9988 78e6 70e7 60a7 5887 58a8 5887 690a 68e8 9aad e4d4 cc32 b36f 9a6c 6908 60c7 60c7 6949 6949 6908 6909 7149 7149 6908 60e8 58c7 60c7 60e8 60c8 60c8 60c8 60e8 60e8 60e9 60e9 7149 9a6d b34f c3af bb6e bb4e bb4d c3ae cc2f d44f d46f d46f d46f d46f d46f d44f d44f d42f d42f d44f d44f d44f cc4f cc4f cc2f cc2f cc2f cc2f cc4f cc4f cc4f d46f d46f d44f cc4f cc4f cc4f cc2e cc4f cc2f cc2f cc4f cc4f cc4f cc70 cc50 c44f cc50 c450 cc50 cc50 cc30 c430 c430 c42f c430 bc10 bbf0 bc10 bbef b3cf b3cf b38f b38f b38f b36e 
aa0a aa0a aa2a aa2a aa2a b24a aa2a aa2a b24a aa09 aa29 aa09 a9e9 a1a8 a1a8 a188 a9e8 ba6a caeb db4c e3ac e3ed e42d ec6e ecaf eccf ecaf ecaf eccf eccf eccf ecef f4ef f4cf f48f e42d e40d db8c d32b c28b a1e9 9989 8948 8948 9989 99a9 99a9 a1ea a1e9 aa0a aa2a b22a b22a aa09 b20a b22a b209 b20a b22a b22a aa09 b229 b209 b209 b209 b209 ba29 ba29 ba4a ba29 ba4a ba4a ba8a cb0c dbce dbee e40f dbee dbce dbad dc0d ecf1 c3ee a2ec c3f0 bb8f 924c 9a4d b2ee bacd cb6e b2ac 7948 796a 6908 58a8 60ea 694d 7a2f 92f3 79ae 692c 694c 71ae 8ab1 71cd 4868 4848 696b 92f1 614a 50a8 5087 612a 79cd 58a8 5067 5068 5088 696b 8a8f 820d 5087 5066 5046 5867 5887 5887 5067 5067 5887 58c8 718b 614a 4847 4846 5086 926c cbf0 b2ec aacb d451 ed73 d4d0 dcb0 dcf1 dd52 e5b4 e5f5 e5d5 dd33 ccb1 cc91 d4f3 dd74 e5d5 e594 bbad aa49 ba29 c269 c249 ba4a c26a c28a c28a c28b a1c8 80c5 b24b dbae cb2c a9e8 ba4b a9e9 b20a ba8c c28c b22a ba4b b20a b20a ba0a c24b caec e38f e3ef e3ef e42f e450 ec50 e470 ecd2 f533 ed53 ed94 f594 f594 ed74 ed74 ed74 ed53 ecd2 e491 dbef c2ec b2ac b28b b28b baac baac a1e9 aa09 a9e9 b24a b209 a1a8 9967 9968 8948 78e7 7949 60c7 58a7 5087 58a8 692a 6108 928d dcd4 d452 b36f 9a6c 818a 60a7 60a7 6908 716a 6908 6928 7129 6928 60e8 60c7 60c8 60c8 60c8 60c7 60c7 60e8 60e8 58a7 60c8 6929 79aa aaee bb6f c38f bb6e b34d bb4d c3ae d44f d44f d470 d44f d450 d42f d44f d42f d44f d42f d42f d44f d44e d44f d44f d44f cc2f cc2f cc4f cc4f cc4f cc4f d44f d44f d46f d44f cc4f cc4e cc4f cc4f cc2f cc2e cc2f cc2f cc2f cc2f cc2f cc30 cc50 cc70 cc70 cc50 cc50 cc51 c450 c430 c40f c410 c430 c430 c430 bbef bbef b3cf b3af b38f b38f b36f 
a9ea aa0a aa0a b22a b22a b22a aa0a b22a b22a a9e9 aa2a aa09 a1e9 a1a8 a1a8 a1a8 a9e8 ba4a caeb db4c e3ad e3ed e42e ec6e ecaf f4cf f4ce f4ce eccf ecce ecce ecce f4ef ecaf ec8e ec4e e40d dbac d32c c26a a9e9 9968 9168 8968 9189 9989 99a9 a1a9 a1ea a1ea aa0a aa0a b22a aa0a b229 b229 b209 a9e9 b229 b209 b1e9 b209 b1e9 b1e9 b209 b229 b209 ba2a b22a b24b b28c bacd c32d cb4d dbae dbee e40f dbee dbee dbcd dc0d f4f0 ecef dc6d dc90 dc30 cb6e b28c 99ea 99aa 99ca 8148 60e8 612a 50a8 610a 718d 820f 92d2 8250 60eb 718d 79ae 71ad 92d1 698c 4847 4847 590a 7a0d 79cd 50a8 50a8 692a 820d 58a8 5088 4847 5088 610a 824e 8a6f 694a 5087 5087 5887 58a7 58a7 5886 5887 5887 5067 5087 612a 5067 4825 6948 c3b0 c36e aa6a bbce e533 dcf1 dcb0 dcf0 e532 e594 e5f5 e616 ddd5 d533 d4f2 d4f2 dd54 e5b4 dd73 b34c 99c7 a1e8 a9e8 b209 aa09 a1a8 9967 9147 9968 9168 80e6 7085 8968 aa4a 99a8 70a5 8928 8127 a1ea c2ac ba4a ba2a caac c28b c26b c26b ca8b cacc db2d db8f e3cf e410 ec30 e40f e450 ecb2 f533 f573 f594 edb4 f5b4 ed73 ed73 ed73 f553 ecd2 dc10 cb8e c32d bb0c baec 9a09 99c8 8967 78e6 78e7 78e7 8948 8927 8927 8107 8948 8107 8128 7928 6087 5887 5067 58a8 714a 6909 926c dcd4 d473 ab2e a28d 81aa 60a7 60c7 6929 718a 6929 7149 7128 68e8 60c7 60a7 60a7 60a7 60c7 60c7 60e7 60e8 60c7 5887 58a8 7149 924c b34f bbaf bbaf bb6e b34d bb8e cc0f d44f d44f d44f d44f d44f d44f d42f d42f d44f d42f d42f d44f d44f d44f d42f d42f d42f d42f cc2f cc2f cc4f cc4f d44f d44f d44f d42f cc2f cc2f cc2f cc2f cc2f cc2f cc2f cc2f cc4f cc50 cc2f cc50 cc4f cc4f cc50 cc50 cc70 cc50 c42f c40f c40f c3ef c410 c410 c3f0 bbf0 bbef bbef b3cf b3af b3af b38f 
aa2a b22b aa2a aa2a aa2a aa0a aa0a aa0a aa09 b229 b22a a9e9 a1e9 a1c8 99a8 9988 a9c9 ba4a cacb db2c e38c e3ed e42d ec8e ecaf ecce ecee ecee ecee ecef ecce ecef f4f0 eccf ec6e ec4e e3ed dbac d32b c28a aa09 9168 9168 8928 9148 9988 99a9 a1a9 a1e9 a9e9 a9e9 b209 b209 b20a b22a b229 b229 b209 b209 b1e8 b1e9 b1e8 a9e9 b1e9 b1e9 b1ea b1ea b20a b28c bb2e bb6f c3d0 d3ef d3ad dbad dbcd e3ee dbee e3ee e3ee e3ed ebed db6c cb0b dbee dc10 baed 7907 68c7 60a7 5067 5088 50e9 69ac 698c 71ce 79ef 92d2 9ab1 690b 60eb 718d 7a0e 79ee 92d1 614b 4868 4868 612a 718c 79ed 58c9 5088 690a 822e 5088 5067 4847 5068 50c9 698b 8ad0 822e 58e9 5087 5087 5887 5887 60a7 60a8 5867 5047 4846 4867 5067 58a7 a2ed cbf0 b2ab b2cb e512 dd32 d4d0 dcd1 dd12 e574 e5d5 e5f6 e5f6 ddb5 d573 d553 d573 e5b5 e573 a2ca 91a7 9988 a188 9947 80e7 8928 8128 78e7 70e7 68c7 68a7 68a6 68a6 68a7 68a6 6886 6086 6066 6066 70c7 a1ca a9ea caed d32e d2cc d2ac d2cc caab d2ec db2d db6e e3ae e3ef e40f e40f e450 ecd1 f533 f594 f574 f595 f595 ed94 f594 ed93 ed33 e470 cb8d baeb aa4a 91c9 8127 70c6 70a7 68a7 68a7 68a6 68a6 68c7 70e8 70e8 7908 8128 7927 7948 68c6 5887 5867 5047 5887 712a 7129 8a2b d494 d493 ab4e a2ed 89ea 7129 60a7 6908 79aa 6908 6929 6908 68e8 60a7 60a7 58a7 60c7 60a7 60a7 60c7 60c8 58a8 5067 5887 6929 928d b36f c3cf bb8e bb6e bb4d c3ae cc0f d44f d44f d470 d470 d46f d44f d42f d44f cc2f cc2f d42f d42f d44f d44f d42f d42f d42e d42e d44f d44f d44f cc2f cc4f cc6f d46f cc4f d44f d44f cc0f cc0f cc2f cc2f cc2f cc4f cc50 cc2f c40f cc2f cc4f cc50 cc4f cc50 cc30 cc51 cc10 c3ef c410 bbef bc0f bbef bbef bbf0 bbf0 bbcf bbef b3cf b3af b38f 
a229 aa29 aa29 aa2a aa0a aa0a aa0a aa0a aa09 a209 a1e8 aa09 a1e9 99a8 a1c9 9988 a187 b249 caea d34b e3ac e3cd ec2d ec8e ec8e ecae eccf eccf ecef ecef f4ef ecef ecce ecae ec8e e42d e3ec db8c d32b c28a a1c9 99a9 8968 9148 9968 9989 a1a9 a1a9 a1c9 a1c8 aa09 aa29 b229 b229 b209 b1e9 b1e9 b1e9 b1e9 b1e9 b1e9 b1e9 b1e9 b1e9 a9a8 a9c8 a9e9 aa4a c36f cc31 dd12 e531 c36b d38c dbcd dbcd e3ee e3ee e3ce e3ee dc0d d3ed bb2c 9a29 9a0a b2ae a24d 68e8 5067 4847 4847 50a9 71ee 8230 79cf 79ef 7a4f 9b73 8270 696c 694c 820f 79ee 824f 92f2 616c 4888 4888 612a 716c 692a 716b 50a8 5929 8a8f 50a8 5067 5067 5067 5068 5088 71cd 9b12 8a70 696b 58a8 5067 5886 5086 58a6 50a6 4866 50a8 4046 4826 81eb c3f0 bb6d aaec d430 ed74 d4d1 dcf1 dd11 dd12 dd93 e5f5 e5f5 ddb5 dd74 dd74 dd73 ddb3 dd32 a2aa 8126 8927 8907 88e7 80c7 68a6 68a6 68c7 68a7 68a7 6887 6887 6887 6086 60a7 68e7 6908 68c7 6087 5846 6066 6865 8127 bacc d32d d30d d2cc daec d2cc d2cc db2d db4d db8e e3ae e3cf ec0f e450 e4d1 ed32 ed73 f5b4 f5b5 f5d5 f5f5 f5b4 ed52 e4b0 cb8d aa6a 8148 70e7 68c7 68c7 6886 68c6 68a6 6886 6886 6887 68c7 68e8 68c7 68c7 70e7 7908 70e8 6086 6087 5887 5066 5067 7149 6928 8a2b d473 dcd4 bb8f 9a8c 89ca 7969 68e8 60e8 796a 7129 6929 6928 60e7 58a6 58a7 58a7 60c7 58a7 60e8 60e8 60e8 58c8 5067 5867 714a a2cd c3d0 bb8e bb8d bb8d bb8d c3ee cc2f d46f d46f d44f d44f d44f d44f d42f d42f d42f d42f cc0e cc2e d44e cc2e cc2f cc2f d44f d44f cc0e cc2e d44f cc2f d42f d42f d44f d44f cc4e cc2e cc2e cc2e cc4f cc2f cc4f cc50 c40f c40f c42f c42f cc2f cc30 c430 cc50 c42f bc2f c42f c40f bbef c3ef bbef bbef bbef bbcf bbef b3cf bbaf b3af b38f b38f 
a209 aa0a aa09 a209 a209 a20a aa0a a9e9 a9e9 a9e9 a1e9 a1e9 a1c8 9988 9968 9968 a1a8 b229 c2aa d32b db8c e3ed e42d ec6e ec8e ecce ecce ecee ed0f ecef f4ef f4cf eccf f4ae ec6e ec2d e3cc e38c d32c ba8a a1e9 9188 8927 8927 9168 9988 99a8 a1a9 a1a8 a1a8 a9e9 a9e9 aa29 b229 b229 b209 b1e9 b209 a9e9 b1e9 a9e9 a9e9 a9e9 a9c9 a9a8 a1a9 a1ea bb2e d472 dd12 fe13 e4ce cb29 db6c e3ac dbac dbcd e3ee e3ee dbee d3cf cb6f aaad 818a 68c7 81ab 81cb 60a7 4847 4047 4889 71ae 92d2 8270 718c 79ad 92d1 7a0e 71cd 820f 718d 822f 69ad 8ab1 9b53 594b 4067 50a8 612a 718c 5087 694a 694b 590a 92d0 50c9 5088 5067 4847 4847 5067 58c9 826f 9312 8ad1 71ac 5087 5066 5867 5887 5887 5067 4887 4046 58c6 b34f d3f0 a289 bbce ed53 e511 d4af dcf0 dd11 dd52 e5b4 e616 e5f6 ddb5 dd94 ddb4 e594 e573 a30b 8146 8107 8107 78a7 68a6 68a7 68a7 68a7 68c7 68a7 6086 6066 6087 5887 60c8 6929 8a2b 924c 7949 68c7 5886 5866 6067 6866 8927 ba6b d32d d30d d2ec d2cc d2ec db0d db4e e36e e3ae e3ae e40f e450 ecb1 f533 f594 f5d5 f5d5 f5d5 f5f5 f5d4 e4f1 c38d 91c8 7907 68e7 60c7 60c8 68e8 68c7 8149 8149 70e7 68a7 6887 68c7 68e8 7108 68e7 70e7 70c7 68a7 6087 60a7 5887 5067 58a8 712a 68e8 89ea d452 dcd4 b38f 926c 89eb 7149 7129 6908 718a 6928 6928 68e8 60a7 5887 58a7 60c7 60c7 60a7 60c7 60c7 60e8 58c8 5087 5887 81cb ab0d c3cf c3ae bb6d bb6d c3ae cc2f d46f d46f d46f d46f d42e d44f d42f d42f d40f d42f cc2f cc2f cc0f d42e d42f cc2e cc2e d44f d42f d40f d42f d42f d42e d44f d44f cc2f cc2f cc2f cc2e cc4f cc2e cc2f cc2f cc2f cc2f cc2f cc30 cc0f cc0f cc30 c430 c40f cc30 c42f c40f c3ef c3ef bbef bbcf bbef bbcf bbcf bbcf bbcf b3cf bbcf b3af b3af b38e 
a9e9 a9e9 a1e9 a9e9 a1e9 a1c9 a1e9 a9e9 a1c9 a1e9 a1c9 a1c9 99a8 9988 9168 9148 9988 b229 c2aa d30b db8c e3cc e42d ec8e ecaf eccf ecce ecce ecee ecee ecee f4ef ecce ecae ec6d ec2d e3ec db6c d2ea c28a a1c9 9168 8948 8928 9168 9988 99a9 a1c9 a1c9 a1e9 a9e9 a9e9 a9e9 b1e9 b209 b1c9 a9e9 b1e9 a9c9 a9c9 a9e9 a9c9 a9c9 a1a8 a189 9989 aaeb f594 ed72 f5b1 fdb1 d3ca cb2a db6c db8c e3ac e3cd e40e dbcd c32c c38e bb4f 9a4c 7108 7949 7109 5887 5047 4848 4869 7a2f 9b53 820e 610a 58e9 8a90 71ed 590a 612b 79ee 79ee 7a0f 69cd a394 9332 592a 4067 48a8 612a 696b 50a8 590a 718c 614b 9b11 614a 50a8 58c8 5087 5067 5067 5088 58e9 824e 8ab0 824f 79ed 714b 5887 5867 5067 4846 4847 5087 924b cc11 b2ec aacb e513 e573 dcb0 dcd0 dcf1 dd32 dd73 e5d5 e616 ddf6 e5d5 dd94 ddd4 dd53 a2ab 8947 9148 80e7 78e7 6886 6886 6887 6887 68a6 6886 68a7 6087 6067 6087 68c8 7129 8a2c bc53 ccb4 b3b1 8a2c 68e8 5866 5866 5846 6886 9189 c2ab d30c d2ec d2cc d2cb db0d db2d db4d e38e e3af e3ef ec30 ecb1 ed33 f5b4 f616 f616 f616 f615 ed73 b30c 7906 68c7 58a7 58a8 60c9 60e9 796b 796a a2cf b330 9a6c 7928 6066 6066 6087 68a7 68e7 68c7 68c7 6086 68a7 68c7 5887 5067 58a8 714a 6908 81ea cc32 e4f4 c3f0 8a0a 89eb 7108 7109 7128 79aa 6929 6908 68e8 60a7 60a7 60a7 60a7 60c7 60c7 60e8 60c8 58c8 58c8 58a8 6909 9a6c bb6e cbcf c3ae c3ae bb6d cbce d42f d46f d44f d44f d46f d44f d44f d42f d42e d42f d42f cc0f cc0e d42f d42f cc0e cc0e cc0e cc2f d44f cc2f cc0f d42e d44f d44f cc2f cc2f cc2f cc2f cc2f cc2f cc2e cc2f cc4f cc4f cc2f c42f c42f c40f c40f c40f c410 c42f c430 c40f c3ef c3ef c3ef bbcf bbcf bbcf b3af b3af b38f bbd0 bbaf b3af b3af b38f b38f 
a1e9 aa09 aa09 a9e9 a1e9 a9e9 a1e9 a1e9 a1c9 a1c9 a1c9 99a9 99a8 9989 9168 9148 9988 b209 c2aa d32b db8c e3ec e44d ec8e ecce eccf ecee ecef ecee ecef ecef f4ef ecef ecce ec6d ec2d e3cc db6c d30a c28a a9e9 9968 8927 9128 9168 9989 a1a9 a1a9 a9e9 a9e9 a9e9 aa09 aa09 a9e9 b1e9 b1e9 b1e9 b209 a9e8 b1e9 a9c9 a9c9 a1a8 a1a9 a189 99a8 bb2c fdb4 ed50 fdb1 ecae cb29 cb2a db8c dbac e3cc e3ed e3ee cb2d aa2a cb4e c32e 9a0b 818a 794a 5867 4867 50a9 5089 696c 9311 826f 58c9 58a9 71ed 826f 50c9 4868 50a9 71ad 8a91 8270 7a4e 9b32 824e 50c9 5088 5088 58c8 612a 5087 58a9 58a8 58e9 8ab0 71cc 50c8 58a8 58a7 5087 58a8 5087 58c7 6108 6969 5908 614a 79ed 716b 5888 5047 4846 4826 7128 bb6e c38e a28a cbef ed74 d4f1 dcd0 e512 dd12 dd33 d574 e616 e616 ddd5 ddf5 e5d5 dd73 b36c 89a7 9989 9168 8907 70a6 6066 6066 68a7 7928 7908 6086 70e8 60a7 5846 5887 81ab 7969 928d d535 e5d7 d536 bc53 9aae 6908 6086 7909 8129 8928 ba8b d2cc d2ab d28b d2ab db0d db0d db4e e36e e3ae e3ef ec30 ec70 f533 f5b5 fe16 fe57 f636 f5d4 c40e 8188 68a7 60a8 5888 5888 58a8 6109 9acf 92cf ab50 c433 b34f 91eb 70a7 6066 5866 68a7 68c7 68c8 68c8 6087 6087 60a7 5887 5046 6087 794a 68c7 7989 cc12 dcf4 c3d0 920a 922b 798a 7129 7148 81aa 6908 7128 68e8 60a7 5887 60a7 60a7 60c8 60e8 58c7 58a7 58a8 5087 58a8 798a a2cd c36e cbcf c3ae bb8e c3ae cc0f d44f d44f d46f d44f d44f d44f d42f d42f cc2e cc2e d42f d42f d40e d40e d42f cc0e cc0f cc0f d40f d42f cc0e d40f d42f cc2f d42f d42f cc2f cc2f cc2f cc0f cc2e d42e cc2e cc2f cc2f cc2f cc2f cc2f c40f c40f c40f c42f c430 c410 bbef bbef bbcf bbef bbcf bbcf bbcf b3af b3af b38f b3af b3af ab8f ab8f b3af ab8e 
a209 aa0a aa2a a209 a1e9 a1e9 a1e9 a1e9 a1e9 a1e9 a1c9 99a8 9988 9988 9168 9127 9988 b209 cacb d32b db8c e3ec e44d ec8e ecce ecee eccf eccf ecef ecef ecef f4ef ecf0 eccf ec8f e42d e3cc db6c d2ea c26a a9e9 9168 9148 9148 9988 a1a9 a1c9 a1e9 aa09 aa09 aa09 aa09 b209 a9e9 aa09 a9e9 aa09 aa09 b209 aa09 a9c8 a9c8 a9a8 a9a8 a189 9988 aaaa f532 e531 f593 dc70 cb8d cb4c db8c e3ad e3ac e3cc e3ce baec b28c d3ae c34e 8148 7929 6109 5067 5088 612b 69ac 8a6f 718b 58e9 5088 696b 824e 614a 4888 4868 58ea 79ee 9b33 8270 7a0e 9af1 71ac 58c8 50a8 58c9 58a8 50a7 5067 58a9 5088 50a8 7a2e 8ad0 58e9 60e8 5887 5867 5867 58a8 58a7 58c8 58c8 5087 50a7 612a 6109 58a9 5889 60ea 58a7 9a6c d3d0 a28a ab2d ed54 e532 dcd0 e512 dd32 dd33 dd54 e5d6 e637 e5f6 e5f6 e5f5 edd4 b36c 99e8 99c8 9988 8107 70a6 68a7 6066 68a7 7108 91eb 89aa 68c7 81ab 794a 5866 5886 81ab 714a 6928 d4f5 edf8 e5d7 e597 d4b4 a2ad 8148 9189 b26c a189 b229 caab ca8b ca6a d2cc daec db0c db2d e36d db4d e3ef ec50 ecb2 f554 f5f6 fe77 fe76 fe36 dc90 a26a 7107 68a7 6929 60e8 58a8 58a7 6929 8a4d 9aae a2ef d4b5 c412 aa8d 8148 68a6 6086 68c7 60a7 60c7 68e7 60a7 60a7 60a7 5887 5066 60c8 798b 68e8 7989 cc12 dcd4 c3d0 9a4c 91eb 81cb 7149 7169 79aa 6929 6908 60e7 60a7 58a7 60c7 58c7 60c7 60e7 60c7 58a7 58a8 58c8 6909 8a0b ab0e c3af cbce c3ae bb6d c3ae d42f d44f d44f d44f d44f d44f d44f d44f d44f cc2f cc0f cc2f cc2e d42f cc0e d42f d42f d42f d42e d42f d42f cc2e cc2f cc2f cc2f cc0f cc0f cc0f cc2f cc2f cc2f cc2f cc2f cc0e cc0f cc0f cc0f c40f c40f c3ef c40f c40f c40f c410 bbef bbef bbef bbcf bbcf bbcf bbaf b3ae b38f b38f b38f b38f ab8f ab8f ab8f ab8e ab8e 
aa2a aa0a aa09 aa0a a209 a1e9 a9e9 a9e9 a1e9 a1e9 a1c9 99a8 99a8 9988 9148 9127 9988 b209 c2aa d32b db8c e3ed e44e ec8e eccf ecce ecef eccf ecee f4ef ed0f f50f ecef f4f0 ecaf e42e e3ec db8b d30a c28a a9e9 9968 8927 9148 9988 9988 a1c9 a9e9 aa0a a9e9 b209 b209 b229 b209 aa09 aa09 aa29 b22a aa09 aa09 aa09 a9e9 a9c8 a1c9 9969 80e7 89a8 dc92 cc2f c42d dcf0 e511 dc70 dbef dbad e3ce dbce dbae bacb bacc cb6d a229 6086 5887 5067 5068 58c9 822f 8a4f 718c 5088 58a9 694b 718d 610a 694b 58a9 5089 610b 79ce 9b12 71cd 7a4f 9b33 71cd 58c9 58c8 50a7 58a8 5888 5888 58a8 5088 5088 616b 9b11 696a 60e9 5888 5047 5067 5087 58c8 58c8 58a7 5066 58a7 58c8 5087 4867 58a9 692a 81cb bb50 bb0e a28b d491 ed94 dcb0 d490 dcd1 dd32 dd73 ddb5 e616 de16 ddf5 e615 e5d4 c44f 9a49 aa4a aa0a 99a9 8948 78c7 70a7 6866 70a6 8128 a24b a26c 7128 81aa 920c 7949 7969 920c 7149 79cb dd98 e619 e618 edf7 e5b6 cc31 a22a 9948 c28c ba2a b1e8 c26a c24a ca6a ca8b d2ac daec db2d db4d db6e e3ef ec50 ecf2 f594 f5f5 fe77 fe76 edd4 bb4c 91c8 89aa 7108 796a 81ab 68e8 68e8 81ab 818a 798a ab10 dcb5 d432 baed 9189 70e7 6066 68a7 5866 6086 60a7 60a7 5887 58a7 6109 58a7 60c8 81cc 60c7 7989 cc32 dcf4 c431 924b 89eb 8a0c 7169 79cb 7169 6908 6908 60c7 60a7 58a7 58a7 58a7 60c7 60c7 58c7 58a8 58a8 60c8 7149 9a6c b34e c3af c3ae c38e c3ae c3ce d40f d44f d44f d44f d44f d44f d44f d44f d44f cc2f cc2f cc0e cc0e cc0e d42e cc0e cc0f d42e cc0e cc0e d40e d40f d42f cc0e cc0f cc0e d40f d42f cc0f d42e d42f cc2f cc0f cc2f cc0f cc2f c3ef c42f c40f c40f c40f c40f c3ef bbef bbef bbcf bbcf bbaf bbaf b3af b38f b38f ab8f b38f ab6e b36e ab6e ab8f ab6e b3af b3f0 
b20a a9e9 aa0a aa2a a1e9 aa09 a9e9 a9e9 a1e9 a1c9 99c9 99c9 99c9 9188 9168 9127 9967 b209 c2aa d30b db8c e3ed e44e ec6e ecaf f4ef ecef ecef ed0f ed0f f50f f50f f50f eccf ec8f ec2d e3cc db6b d2ea c28a a9e9 9968 9148 9148 9988 9988 a1c9 aa0a aa09 aa09 b229 b209 b229 b209 b22a b229 b229 b24a b209 b209 b22a aa29 aa09 a1c9 8129 6886 7167 cc32 bb90 81a8 a2aa dcb0 fdd4 ed32 e46f dc0e dbee c32c 99e9 8148 8149 68e8 5067 5068 5088 50ca 71ad 92b0 79ac 60c9 50a8 694b 718c 692b 58ea 71ad 60eb 58a9 612b 8250 9af3 7a2f 8290 a3b4 71ac 50a8 5087 50a8 58c8 58a8 58a8 58a8 5067 5088 5909 9ad0 81ed 60c8 5887 58a8 5067 5887 58a7 60e8 5887 5866 5066 5067 4867 5067 4867 58c8 924d a2ce 8a0b b34f dcd3 d471 cc30 c410 cc92 d513 dd75 e5f6 e616 de16 ddf5 e5d5 cc70 aaca aa4a ba8b ba8c b22a a1e9 9989 8928 7066 7086 8949 a22a b2cd 920b 7128 81aa 81cb 89cb 794a 716a a392 e61a e659 ee58 ee17 edf6 dcd2 baed a189 ba2a ca8b b1e9 c22a c24b c26b ca6b caab d2cc db0c db2d e38e ec0f e470 ecf2 f594 f636 fe77 fe56 e513 b2ab a20a aa8d 89cb 7969 922c 89eb 89ab 91ec 818a 798a c3d2 dcb4 d431 c30d 9188 7907 6886 6066 6066 6066 6087 5886 60a7 5887 5887 5087 60e8 81cc 60a7 7149 cc12 dcf4 cc52 9a8c 81aa 8a0c 798a 81cb 7169 6108 6908 58c7 58a7 58a7 60c7 60c8 60e8 60e8 60a8 58a7 58a8 60a7 798a a2cd bb8e c3ae c3ae bb6e bb8e cbef cc10 cc4f d44f d44f d44f d44f cc2f d44f d42f cc0e d42f cc2e cc0e cc2e cc2e cc0e cc0f cc0f cc0f d40f d42f d40f d42f cc2f cc0e cc2e d44f cc2f cc2f cc0e cc0e cc2f cc0f cc0f cbee c3ee c40f cc0f c3ef c3ef c3ef c3ef c3ef c3cf c3ef bbcf bbaf bbcf bbaf b3ae b38e ab6e b38f ab4e ab4e ab6e ab8f b3af bbf0 bc50 c470 
b22a aa0a aa0a aa0a aa09 aa09 aa09 aa0a a1ea a1c9 a1c9 99c9 99a8 9168 9148 8907 9968 a9e9 c2aa d30b db8c e3ed e42d e46e ecce f4ef ecee ecee ecef f50f ed0f f50f f4ef f4cf f4af ec4d e3cc db6b d30a c28a aa09 a1a9 9168 9168 9988 99a8 a1a8 a9e9 a9e9 b209 b209 ba2a b229 b209 b22a b22a b209 b22a ba2a ba4a bacb a229 8127 7907 70e8 60a6 60a6 9a8d cc33 a32e c472 d533 f5f4 fe75 fe55 ed53 c3ce 8187 5886 5067 5088 5889 4848 5068 50c9 71ad 820e 694b 610a 610b 60ca 692b 718c 694b 610a 696c 696d 694c 71ae 92f2 9b33 8270 82b0 a3d4 7a0e 50a9 5088 58a8 58c8 58a8 6109 58c8 5087 5888 58c8 81ed 798b 5887 58a8 60c8 58a7 5887 58a7 60c8 5887 5887 5066 4866 5088 50a8 50a7 79ab b370 924b 8a6c c473 cc92 c450 ccd2 d4f2 dd94 ddb5 ddf5 ddf6 ddf5 e5d5 e5d5 cc70 aaab b26b baab cacc cb0d c2cc c2cc ba6b aa2a 8107 7065 80c7 aa0b b28c b2ce 920b 7949 68e8 7129 79ec a3b2 d578 e619 ee18 ee37 edd6 f574 e470 d34e c26b c229 d2ac ca6a c24a ca8b d2ab ca6b d2ac d2cc db0d db2d db8d e3ef e471 ed13 fdf6 fe57 fe77 fe36 d450 aa6a aa6b bb4f b32f 89aa 89aa 922c 8a2c 81ab 79ab ab92 d4d6 dcb4 d3f1 bacd 9168 78e7 6886 68a6 6866 6086 6087 5866 5887 5866 5867 5887 690a 89cd 60a8 7149 c3f2 dcd4 cc52 a2ad 7969 8a0b 81aa 81eb 7149 6107 60e8 60c7 60e9 60c8 60c7 60a7 6929 60c8 58a7 58a7 58a7 60c8 81eb ab0d c3cf c3ce c3ae bb8e c3af cc0f d44f d46f d44f d44f cc2f d42f d44f cc2f cc2f cc2e cc2e cc0e cc0e d42f cc0f cc2f cc2f cc0f cc0e cc0f cc0f cc0e d42f cc2f cc2f cc0e cc0e cc0e cc0e cc2f d40f cc0e cc0f cc0f c3ee c3ee c3ef c40f c3ef c3ef c40f c3ef c3ef c3ef bbaf bbaf bbaf b38f b38f b38f b36e ab6e ab6e ab6e b3af b3af bbef c430 cc70 d4d0 d4f0 
aa08 aa29 aa29 a209 aa09 a9e9 aa0a aa0a a1e9 99a8 99e9 99c9 99a9 9168 9148 8927 9187 aa08 c2aa d32b db8c e3ed e42e ec8e ecae ecef f4ef f50f f50f f4ef f510 f4f0 ecef eccf ecce ec4d e3ed db8c d2ea c28a a9e9 9988 9148 9969 9989 a1a9 a9e9 b209 aa29 aa29 aa28 ba49 ba4a ba29 ba49 ba29 b209 b209 b229 aa29 a1e9 78e6 70e7 7108 60c7 6928 79ca ab2f d494 bbf0 e4f2 ed73 ee35 ff39 ff18 d552 822a 714a 58c8 4868 50a7 4866 4887 50c9 694c 822f 79ce 718d 696d 694d 58ca 692b 79ce 696c 718d 71ae 7a0e 720e 69cd 9312 8ab1 71ee 7a6f abd4 824f 50c9 5088 60e9 58a8 5888 60e9 58a8 50a7 5086 58c7 6929 60e8 5087 60e8 60e8 5867 5867 5887 60c8 5887 5047 5067 4847 4066 50e8 6989 ab2e b30d 9229 b3cf e554 cc4f d490 dd32 dd33 dd94 e5d5 e616 e616 d5d4 ddb3 cc8f aaca b28a c2ac c28b cacc cacc d30d d34d cb0d ba8c a1ca 8107 8969 aa2a b28c b2ed b30f a28e 922d 9aaf b3d3 cd16 ddb7 e5f7 ee17 f617 f5b6 f513 d3ce d36d d34d c28a ca8a d2cc ca8b ca8b ca8b ca8b d2ab d2cc d2ec db0d db4e e3ef ec91 ed53 f616 feb7 fe97 f5f5 cc0f aa4a aa4b bb0d c390 ab0f 924d 89cc 89cd 924f ab72 ccf6 d515 dcb3 d3f0 ba8c 9968 78e7 70a7 6886 6866 6887 68c7 60a7 5887 58a7 60c8 5886 6928 81cb 60c7 7128 b370 dcf4 cc93 a2ee 7169 8a0c 81eb 81eb 718a 68e8 60c8 58c7 58c7 58c7 58a7 58a7 68e8 68e8 60a7 5887 5887 6908 924c b34e c3af c3af c38e bbad c3ce cc4f d46f d44f d44f d44f d42e d40e d42e cc2f cc2f cc2f d40f d40f d42f cc2e c42e cc4e cc6f cc4f cc0f cc2f cc2f cc2f cc2f cc2f cc2f cc2f cc0f cc0f d42f cc2f cc0e cc2e cc2f cc2f c3ee c40f cc0f c3ee c3ce c3ef bbcf bbcf bbcf bbcf bbcf b3ae abae ab8e ab8e ab6e ab6e ab8e b3af b3cf bc0f c44f cc90 d490 dcd1 dd11 e532 
aa09 aa09 aa2a aa2a aa09 aa09 aa09 a209 a1e9 a1c9 99c9 99c9 99c9 9168 8948 8927 9968 a9e9 c2aa d30b db8c e3cd e44e ec8e ecaf eccf ecef ecef ed0f ecef ecef f50f ecef f4f0 ecaf ec4e e3ed db6c d2eb ca8a b209 a1a9 9988 9988 a1a9 a1a8 a9c8 b1e9 b209 b229 ba49 ba4a ba4a ba4a ba4a ba4a ba6a a1c9 8127 70a6 68a7 68a7 7149 9a8e 926d ab0f bbb0 d452 e514 d4b3 d491 edb4 ff37 ee75 bc6f 71c7 5908 79ed 698c 4888 4888 4888 50aa 698d 8ab1 92f2 8a90 698c 58ea 50a9 4868 610b 79ad 718d 820f 79ce 718d 71ae 69ce 9b34 92f3 618d 7a90 ac16 8ad1 698c 614a 58c8 5087 5087 60e8 5066 5066 5866 58a7 60c8 58a8 60c8 6909 60c8 58a7 58a7 58e7 58e8 58c7 5066 4866 4846 4887 58c7 9aac c3af a26b b30d e534 dd33 cc50 dcb1 dd33 dd73 e5d5 e5f6 e616 ddd5 ddb4 c42e aa69 ba8b cacc caac cacc cacc d2ec db6e db6e d34e d34e baac b24b aa0a a9ea a9ca c2ad cb2f c370 c3b0 cbf1 d493 dd13 e574 e5b4 edd5 edd4 ed32 e471 dbaf db6e db4d ca8b d2ab d2ec d2cb ca8b ca8b caab d2ec d2cc d2cc d30d db6e e410 e491 ed74 fe36 feb8 fe78 f5d6 c3cf aa6b a9ea aa2b bace bb70 b371 ab31 b372 bc14 ccb5 dd36 d4d3 d451 c34e aa2a 9148 7086 70a7 7908 70c7 68a7 70e7 60c8 58a7 58c8 60c8 58c7 714a 81cc 60e8 6949 ab70 d4f4 d4d3 ab0e 81aa 8a0b 81eb 81cb 7169 60e8 58a7 58a7 58a7 58a7 5887 60c7 60e7 68e8 5887 5887 5887 7169 9a8c bb8f c3af bbae bb8e bbae c3ef cc50 d470 d44f cc2e d44f d44f cc2e cc0e cc0f cc2f cc0f cc2f cc0e cc0e cc0f cc2f cc2f d470 cc70 cc2f cc0e d42f cc0e cc2f d42f cc2f cc2f cc2f cc0e cc0e cc0e cc0e cc0f cbee cbee cbce c3ce cbef c3ee c3ee bbcf bbaf bbcf b3ae bbcf bbcf bbaf b38e b38f b38f ab6e b38f bc0f c42f cc6f d490 d4d0 dcf0 dd10 dd30 e551 e571 
b22a aa2a b22a aa2a aa09 aa0a aa0a a9e9 a9e9 a1c9 a1c9 99c9 99a9 9168 9148 8927 9967 a9e9 caaa d32b db8c e3ed ec4e ec6e ecaf ecef ecef ecef ed0f ed0f f52f f50f f50f f4ef ecaf ec4e ec0d db8c d32b c2aa aa09 a1a9 9988 9988 a1a8 a9c9 a9e9 b209 b209 ba29 ba49 c24a ba4a ba6a ba4a ba8a cb8f 7926 60a6 5866 60a7 7109 89eb bb70 c3b1 cbf1 dc11 d410 e4d2 e533 dcf1 f5b4 d46f 8a08 6108 50a8 50a8 616b 7a2f 590c 612c 71cf 8ad2 9333 9312 826f 822e 50a9 4868 4868 4888 69ad 71ad 612b 7a0f 71ae 718d 71ce 720f 9333 a375 69ce 82d1 ac16 8af2 824f 692a 692a 694a 50a8 5887 5046 5066 5087 5887 58c8 58a8 60c8 60c8 58a7 60c8 58a7 58c7 60e8 5087 5067 4866 4846 5066 7989 c38f b2ec 9a6b d452 edb5 d4d1 d4b0 dd12 dd73 ddb5 e616 de16 ddf5 ddb4 cc2f a249 b24a caac cacc d2ec d30d caec caec db6e db8e db8e db6e d34e caec ba6b ba8c b26b c28c c26b caec cb0d d36f d3d0 dc30 dc71 e4b2 e4d3 dc93 e4d4 e515 dc93 d432 dbf1 d36f d34e d2ec d2cc d28b ca8b d28b d2cc daec d2cc db0c e36e e3cf ec71 ed53 f616 feb9 f699 edf6 cc92 c3d0 bb2f baef bacf c34f d3b1 cb90 cbb0 d3f2 d432 d412 cb8f c30d ba6b 9988 78c6 6885 8149 8148 78e7 70c7 70c8 60c7 58a8 6109 60e9 60e8 716a 79ab 58a7 6909 ab50 d4b3 dcf4 b34f 89eb 81ca 8a2c 79aa 6928 6929 60e8 58a7 58a7 58a7 5887 58a7 6908 60e8 60c7 58a7 7169 89ea a2cd bbaf c3cf bbae bb8e c3ae cc0f d470 cc50 cc2f cc2f d44f d44f d42f cc0e cc0e cc2f cc0e cc0e c40f c40f cc0f cc0f cc2f cc70 d4b1 cc70 cc2f cc2f cbee d42f d42f d42f cc2f cc0f cc2f cc0e cc0e cc0e c3ee cc0f c3ef c3ef c3ce c3cf c3ce c3ce bbce bbcf b3af bbaf bbcf bbaf b38e b38e b38e b38e bbce c42f cc90 d4b0 dcf0 dd10 dd51 e551 e551 e550 e591 e591 
b24a b24a aa2a aa2a aa29 aa4a b24a aa09 a1e9 a1c8 a1c9 99a9 9988 9168 9168 8927 9167 a9e9 caab d30b db8c e3ed e44d ec6e ecae ecaf ecef ecef ed0f f50f ed0f f50f f50f f4ef f4cf ec4e e40d e38c d32b c28a b209 a1a8 9988 9988 a1c8 a9c9 a9e9 b1e9 b249 b249 ba6a ba6a ba6a c28a ba69 c2ab d3af 68c5 5865 6067 816a 9a2c b34f d453 cc12 c3b1 cbb0 cb90 c3b0 cc52 dd13 bc10 71c9 58e8 590a 50ca 5089 612c 8ad2 8ab1 8a90 8a90 826f 698c 618b 824e 696b 4867 4867 4888 50ea 7a0f 71ee 592b 824f 71ce 694c 698d 7a0f 8ad2 a3b6 8291 8b32 abf5 826f 824f 696b 822e 612a 5088 50a8 5067 5087 5888 5888 58a8 5887 60a8 60a7 5887 58c7 60c8 58c7 58a7 5066 4846 4866 4846 58c6 a2ad cb8f a249 ab2d ed55 e513 d4b0 dcf1 dd32 dd94 ddd5 e616 e5f6 e5d5 c470 a249 b229 c26b caac d2ed d30d db2d d30d d32d db6e db6e db8e db8e db8f d32d caed cb2d cb0d c28b ba4b caac b1ea ba6c cb0e cb4e c2ec c32d c32e bb0d dc12 dc93 dcb3 dcd3 e4d3 dc10 d36d cacc d2cc d2ac caac d2ec d2cc d2ec db0c db0c db6e e3cf e471 ed33 f616 feb9 feb9 f5f6 dcf3 dcb2 dc71 d410 cbb0 d3b0 d38f cb0e c2ed cb2d c30d c30d a1e9 9968 9127 8107 78c7 78e6 91ca 91a9 8107 70c7 70c8 60a7 58a7 60e8 60e8 60c8 716a 798b 60a7 6908 ab2f cc93 e4f4 b390 8a2b 79aa 8a0c 81ca 6908 68e8 5887 58c7 58c8 58c7 5887 60c7 6929 60e8 58a7 60e8 81cb 924c b30e bb8f c38e bb6d c38d c3ce d42f cc4f d44f cc2f d44f d44f cc2f d42f cc0f cc0f cc2f cc0f cbef cc0f cc0f cc2f cc0f cc2f cc50 d491 cc4f cc2f cc2f cc0f cc2f cc2f cc2f cc2f cc2f cc0f cc0f cc0e cbee c3ee c3ce c3ee c3ce bbae bbae c3ce c3af bbaf bb8e b38e b38e b38f bbaf b3af b3af bbce c40f cc6f d4af d4f0 dd30 dd30 e550 e570 e570 e570 e570 e590 ed91 
b22a b22a aa2a b24b aa2a aa09 aa2a a9e9 a1e9 a1c9 a1a9 a189 9968 9968 9147 8907 9147 a9e9 c28a d32b dbac e3ec e44d ec8e ecae eccf ecef ecef ed0f f52f f52f f52f f52f f50f ecce ec6e e40d db8c d32b caaa b229 a1a8 9967 9988 a1a8 a9e9 b209 b209 b229 b209 ba4a ba4a ba4a ba4a c249 c2ab cbaf 7947 68e6 7969 b2ee c36f d410 dc72 c390 bb30 b331 ab50 b36f c411 a2ee 7169 694a 696b 610a 58c9 58a9 58ea 69ac 9b53 92f2 698d 610b 612c 8a91 8270 50c9 4868 5088 50a9 58e9 71ed 720e 616c 722e 8270 592b 590b 7a0f 8ad2 9312 8af2 9332 9b74 722f 8290 9353 724e 5087 5067 5887 58a8 58a8 5887 5887 5887 60a7 60a8 5887 5887 60e8 58c8 58a7 5066 5066 4846 4846 5066 8a0a cbb0 b28b a24a cc50 e533 d490 dcf1 dd12 dd73 ddd5 e616 de15 e5d5 c42f 9a08 aa09 c24b caac caec d32e d32e db4e d34e db6e db8e db6e db6e db6e db8f db8e db8f db8e d34d c2ac c2ac cacd b24b c2cd c32e cb4f baee b2ad bb0f b2ee d412 d3d0 dc10 dc30 dbf0 d38e d32d caac ca8b d2ac d2ed daed d2cc d2cc d2cc d2ec db4e dbaf e451 ecf3 f5f7 fe99 feb9 f617 dcf3 dc51 dbef dbae db8e d36e cb2d ba8c b28c b28d aa6d aa6d 918a 8128 8128 8948 99a9 9988 99a9 9968 80c7 70a6 70c7 6087 5846 60a7 60c8 6108 79ab 79ab 58a7 6929 ab0f cc93 e535 c3f1 9a8c 7969 8a2c 81aa 68e7 60e8 58a7 58c7 58e7 58a7 5887 68e8 68e8 60c7 60c7 6907 81ca a2cd bb6f c3af bb8e bb6e c3ae c3ef d470 d46f d46f d44f cc2f cc2f cc2f d44f cc2e cc2f cc2f cc2f cc2f c40f c40f cc0e cc0e cc0e cc2f cc0f cc0f cc2f cc2f cc0f cc0f cc0e cc2f cc2f cc2f cc0e cc0f cc0e cbef c3ee c3ce c3ee c3ce bbce bbae bbae bbae bbae b3ae b3ae b38e b38e b3af bbcf c430 cc4f d4b0 dcf0 dd10 dd50 e570 e590 e590 e590 e591 ed91 e591 e591 e591 
b22a b22a aa2a b24a aa2a a209 aa2a a1e9 a1c9 a1a9 9988 9988 9988 9168 8947 8927 9147 a9c8 c28a d30b db8c e3ed e42d ec8e ecaf f4ef ed0f ed0f ed0f f50f f50f f50f f530 f510 f4cf ec6e ec2d e3ac d32b caaa b229 a1a8 9948 a189 a1a8 a9e9 a9e9 b209 ba29 ba29 ba49 c26a c26a c24a c24a ba6a cb4e aaab 9a6c aaae c370 c32f bb2f c391 c3d1 b370 a2ce 89ca 89eb 8a0c 820c 79cc 692a 60e9 5088 5088 50a9 5088 50c9 7a70 a3f6 9354 71ef 8a91 9b74 8270 69ae 698d 50a9 58ea 4888 698c 7a0f 614c 71cd 8a91 71ad 50ca 7a2f 8291 82b1 9313 9334 9334 8af2 9b94 8af1 50e8 4887 58c9 58a8 5887 58c8 58a8 58a8 5887 58a8 58a7 5887 5887 58c7 60c8 58c8 5067 4866 4026 4846 6928 b36e c38e aa49 b2cb dcd1 d4d1 d4b0 dcf2 dd33 dd74 e5f5 e616 e5d4 cc90 9a08 a1a8 ba09 ca4b d2cc d2ec d30e db2e db8f db4e db6f db8f dbaf e3af db8e db6e db6e db8e dbaf db6e d30d db2d d30d caac d2ed d30d d32e cb2e c30d d390 cb8f dbf1 dbd0 dbd0 dbcf d3af d3d0 d38f cacc caac d2ed db0d db0d d2cc d2cc d2cc daec db0d e3af e451 ed13 f5f6 fe98 feb9 f637 dd54 dc92 d410 d3cf d38f d32e cb0d c2cd caed c2ed c2cd c2cd b24b 99a9 a1ca 9168 a1e9 a1e9 99c8 9988 80e7 7086 70a7 6066 5846 68c8 60a7 68e8 796a 798b 58a7 6908 a2ef cc72 e514 cc32 a2ce 7169 89ec 798a 68c7 60c7 60c7 58c7 58a7 5886 60a7 6908 60e8 58c7 58a7 60e8 8a0b b32e bb8e bb8e bb6d bb4d c3ae cc2f cc4f d44f d44f d44f cc2f cc2f cc2f cc0f cc2f cc0f cc0f cc0f cc0f cc2f cc0f cc0f cc0f cc2e cc0e cc0e cc0e cc2f cc2f cc0f cc0f c40f c40f cc0f cc2f c40f c40f cc0f c3ee bbce c3ef c3ef bbce bbce bbce bbae b3ae b38e bb8e b38e b38e b38e bbef cc50 d490 d4f0 dd30 dd50 e570 e590 e590 e590 e590 e5b0 e5b0 e5b0 e590 e590 e591 
aa2a b22a aa29 aa09 aa09 aa0a a209 a1e9 99c9 99c9 9988 9988 99a8 9148 8928 8907 9147 a9c8 c26a d30b db8c e3cd e42e ec8f ecaf eccf ecee ecef f52f f52f f530 f530 f510 f4ef f4cf ec6e e40d e3ac d32a caaa b209 a188 9947 9968 9988 a1c9 a9e8 b209 b209 ba29 ba49 c269 c249 ba29 ba2a b229 c32c dc0f c38e cbf0 d412 cc11 cc32 cc11 bb8f 8a2b 71aa 718b 614a 718b 8a4d 79cc 58c8 5088 5088 58a9 58c9 5068 58ca 592b 7a90 a3f6 93b5 9bb6 9b95 8b13 8b12 7a4f 58ea 58e9 4868 58ea 79ee 698d 616c 8ab1 8270 616c 8250 71ee 720f 92f2 9353 9bb5 9bb4 9373 71cd 58c9 58c9 58a8 58a8 5887 58c8 58a7 58a7 58a7 58a7 60c8 58a7 58a7 58a7 5887 50a7 5067 4867 4846 5086 926c d3f0 b2eb aa8a d3f0 e4f2 cc90 dcf2 dd53 d553 ddb5 e616 e5f6 d491 9a28 9987 b1e9 c24b ca8b d2ec d30d d32d db4e db8f db8f e3cf dbcf dbaf e3cf dbaf dbaf db8e db6e db8e db8e db6e db8e db6d db4d d34e d36e d36e dbaf d3af dbd0 dc11 e431 dc32 dc31 d3f0 dbf1 dc11 d38f d2ed d2cc d30d db2d d30d d2ec d2cc d2cc dacc d2ed e38f e431 ecf4 f5b6 f678 feb9 f638 e575 dcf3 dc92 dc30 dbf0 db8f d34e d32d db2d d30d cacc caed c28b a9e9 b20a a1c9 aa2a aa09 a9e9 a1c9 8927 78c6 70c7 6066 5866 60c8 60a7 68c7 7149 716a 5887 68e8 a2ef cc52 e514 cc32 a30e 798a 798a 798a 6908 60a7 60a8 58a7 58a7 5886 60e8 7169 60c7 5886 5887 68e8 922b bb4e bb8e c38e bb6d b34d c3cf cc2f d470 d44f d44f d44f cc0e cc2f d42f cc2f cc2f cc0f cc0f cc0f cc0f cc2f cc0f cc0f cc0f cc2f cc0f cc0e cc0f cc0f cbef cc0f cc0f cc0f cc0f cc0f cc0f c3ef cbef cbee c3ee c3ce c3ce c3ef bbce bbcf bbce bbae bbaf b38e bb8e b36e bb8e c3ef cc70 d4d0 dd10 e550 e590 e590 edb0 edb0 edb0 edb0 e590 e590 e5b1 edb0 e590 e590 e590 
b22b aa2a aa0a aa0a a22a a209 a1e9 99c9 99c9 99a8 99a8 9188 9168 8948 8107 78c6 9127 a9c9 c26a d30b db6c e3cd e44e e46f ecaf f4ef ecef ecef f50f f50f f510 f510 f510 f510 eccf ec6e e42d dbac db4b caca b209 a1a8 9967 9968 a1a8 a9e9 a9e8 aa09 b229 ba2a ba29 c24a ba49 c229 c24a ba49 c28a dbae d3cf d411 e472 dc31 c38f b2ee a26e 798b 694b 694b 718b 820d 81cc 694a 58c9 4868 5088 612b 610a 50a9 610b 58ea 698d 92f2 9b54 9333 8b12 8af2 7a4f 696b 58c9 58c9 4888 58ea 71ad 718c 612b 71ce 92f3 8a92 7a0f 696d 71ad 8250 8270 8ab1 a394 720d 7a0e 71cd 71ac 694a 5087 5887 58a7 60a8 60a8 5887 58a7 60c8 58c8 58a7 58a7 5887 5087 4866 4867 4846 7168 c38f cb6e b28a bb2c e4f2 e4f2 d4d1 dd12 dd73 ddb5 e616 e636 d553 91e8 9987 a9c8 ba09 ca6a d2ab d2ac db0e db2e db6f dbaf e3cf e3cf dbcf dbaf e3f0 e3ef e410 e3ef e3ef dbaf db8f db8e db8e db8e db6e dbaf dbaf dbd0 dc10 dc11 dc31 e472 dc52 dc51 dc31 dc31 e452 e3f1 d36e d2ed d2ed d30d db2e db0d dacc d2cc d2cc d2cc d2ed db8f e431 ecf4 f5b6 f658 fe99 f658 e5b5 e554 dcf3 dc91 e431 dbf0 dbaf db8e db6e d32d d2ec cacc caac c26b c24b b22a ba4b b26a aa29 a1c8 9147 80e7 78e7 6086 5886 68c7 60c7 6908 7129 798b 60c8 60e8 a2cf cc72 dd14 c411 ab2f 7969 7969 798a 68e8 60a7 60c8 60c8 58a7 58a7 60e7 6908 58c7 5086 5086 7149 9a8c bb6e c3af bb6e bb6e bb6d cbef d430 d450 d44f cc2f cc2f cc2f cc0f cc0f d450 cc0f cc0f cc0f cc0e cc2f cc2e cc0e cc0e d40e cc0f cc0e cc0f cc0f cc0f cc2f cc0e cc0f cc2f c40f c42f c40f c3ce c3ce cbef cbcf c3ce c3ae c3ce c3ae bbcf bb8e bb8e b38e b36e b36e b3cf c430 d4b0 dd11 e571 e591 e591 e591 edb0 edb0 edb0 edb0 edb0 edb0 e590 ed90 e590 e590 e590 edb0 
aa09 a9e9 aa29 a209 a1e9 a1e9 99c9 99a9 99a8 9988 9988 9988 9168 8927 80e7 78a6 80e6 9987 ba89 d32b db6c e3cd e42e ec6e e48e ecce ecef f50f ed0f f510 f530 f510 ed0f f50f f4ee ec6d e40d e3ac db4b caaa a9e8 9988 9967 9988 a1c9 a1c9 a9c9 b209 b208 b228 ba69 ba49 c249 c229 c229 c24a ba2a c2ab d3ae e431 d3b0 baee b2ad aace 922c 6929 6129 696b 824e 824e 696b 612a 50a9 4868 50c9 71ad 692b 60ea 79ae 71ae 7a50 8290 6a0d 720e 69ed 8270 71ed 610a 5068 5068 5068 610a 612b 718d 610c 58eb 720e 9333 8af2 82b2 8ad2 8a91 71ce 8a90 824f 616b 8a90 614b 60e9 58a8 58a8 58a8 5087 5086 50a6 5087 5086 58a7 60e8 58a8 58a8 50a8 50c8 4867 4867 58a7 a2ac cbcf b28a a249 c3ee dd12 dd12 dd32 dd74 e5b5 ddf5 e616 dd73 9aaa 8946 a9a9 ba0a c24a c269 caaa d30c d32d d32d db4e e3af e3af e3cf dbcf e410 e431 e431 e430 e430 e431 dc10 dbf0 dbef dc10 e410 dbd0 dc11 dc31 dc51 dc51 e472 e472 e492 e451 ec72 dc51 dc51 dc50 d3ef d36e d30d d30d db4e db4e db0d d2cc d2ac dacc dacc dacc e36e e410 e4d2 ed95 f678 f6b9 f678 e5b5 e554 e534 dc71 dc10 dc10 dbf0 dbcf db8f db2e d30d caec caec caab c28a c28b c28c ba8b ba6b a9e9 9147 80e7 78e8 6086 6066 68c8 68c8 6907 7148 718a 58a7 60e8 9aae cc73 e515 c432 ab6f 79aa 798a 81cb 60a7 60c7 68e8 58a7 5066 58a6 60e7 60c7 5887 5887 60c7 7989 a2cc bb8f c3af bb6e bb6e c38e cc0f cc2f cc4f cc6f cc4e cc4f cc4f d44f cc2f cbee cc0e cc2f cc0f cc0f cc0f cc2f cc0f cc0e c40e c42e cc2f cc0f cc0f cc0f cc0f cbef c3ef c40f c3ef c40f c3ef cbef c3ee c3ee c3ce bbce c3ce bbce bbcf bbcf bbaf b36e b36e b36e b3ae cc50 d4d1 dd31 e591 e5b0 e5d0 edd0 edd0 edd0 edd0 edb0 edb0 e590 edb0 e590 e590 ed90 ed90 ed90 ed91 
aa0a a9ea a1e9 a1c9 a1c9 a1e9 99a9 99a9 9988 9168 9188 9188 8948 8927 8107 80c7 8907 9988 ba69 d30b db8c e3cd e42e e46e ecaf ecef ecef ed0f ed0f f510 f510 f510 f50f f50f ecce ec6e ec0d e3ac db2a caaa aa08 a1c8 9947 9968 a1a8 a9c9 a9e9 b1e9 ba29 ba2a ba6a ba6a ba6a ba4a ba4a ba4b ba8c baad bb0f baef aa6d aa6d aa8d 91ec 716b 79ad 820e 8a6f 8a6f 716b 58c9 60e9 58a9 5088 590a 81ee 718d 718d 8a91 8ad2 92d1 8a90 612b 58ea 69cd 8ab0 71ac 5088 4868 4888 58ea 58ca 696c 822f 71ce 58ea 50ea 7250 9bf5 a416 8b32 720e 592b 8250 6a2e a3f5 8b11 48a8 50a7 58a8 58a8 58a7 58c7 58a7 5887 5887 5887 5887 58c8 58e9 58c9 50c8 50c9 50a8 50a7 81ca c3af bb0c aa4a b2cc dcb2 dcf2 dd33 dd74 dd94 e5f5 e656 e5d5 9aab 8106 a188 b1c9 c24a c26a ca8b d2ac d2ec db2d d30d db4e dbae dbaf e3cf e3f0 e410 e430 e471 e451 e430 e471 e491 e4b2 e491 e451 e450 e451 e451 e492 e4b2 e4b2 e491 e492 e471 e471 e4b2 dc71 e491 e430 dbaf db4e d32d db4e db6e db2d db0d d2ec d2cc dacc dacc daec db8e e431 e4d3 ed96 f657 feb9 f678 e5d6 e574 e533 dcd2 dc71 dc10 dbf0 dbef dbcf d36e d32d d30d d2ec d2cc ca8c c26b c28c ba6b b24b a9e9 9148 80e7 70c7 68a7 60a7 60a7 68e8 7108 7128 7129 5887 60c8 9a8d cc73 e514 d493 b390 7989 7169 798a 5886 60c7 60e8 5887 5066 58a6 60c7 60c7 5886 5887 60c7 89ea ab0d bb8e bb6d bb6e bb6d c3ce cc2f d450 cc4f cc2f d42f d44f cc2e cc2f cc0e cc0e cc0e cc2f cc2f c40e cc2f c40f cc2f cc2f cc0f cc0f cc0f c40e c40e cc0f cc0f c40e c3ee c3ee c3ee c3ee c3ef c3ef c3ce c3cf bbce c3ce bbce bbce bbae b3ae b38e ab8e ab8e b3ce c450 d4f0 dd30 e591 edb1 edf1 edd1 edf0 edd0 edd0 e5b0 edb0 edb0 edb0 edb0 e590 e590 e590 e590 ed90 ed90 
aa0a a1e9 a1e9 a1c9 99c9 99c9 99a9 99a9 9189 9189 9189 9168 8948 8907 80e7 80c7 8927 99a8 ba49 d2eb db6c e3cd e40d ec6e ec8f ecaf ecef ecef f50f f50f f52f f50f f52f f50f eccf ec6e e42d e3ac db4b caca b229 a1c8 9947 9968 a188 a9c8 a9e9 b1e9 b209 b229 ba4a ba4a ba49 ba6a ba6a ba6b c2ac bace b28e a26e b2d0 bb52 a2d1 9270 92f3 a3b5 a3b5 9332 7a0e 610a 60ea 60c9 58a9 58a9 614c 8a70 71ce 7a0e 9b33 8ab1 92d2 8230 694c 71ad 92d2 8250 590a 4867 4868 5089 58a9 58eb 71ee 8ad2 8ad2 71ae 614c 696c 724e 8ad1 9312 720f 69ae 82b2 9bf5 a435 69ec 58e9 58e8 58c8 60c8 58a8 58a7 60c8 58a7 5887 5887 5887 58a8 58c8 58c8 50c8 50e9 48a7 58e7 ab0e cbcf aa8a aaab cbf0 e513 dd12 dd73 dd94 ddd4 e5f5 e5f5 abce 7126 8927 a9a8 b9e9 c24a ca8b d2ab d2ab d2cc db0d db2d db2d e38e e3ae e3cf e3f0 e410 e430 ec71 e451 e450 e471 e4b1 ecd2 e491 e491 e471 e471 e471 e491 e4b2 ecb2 e492 e472 e471 e492 e491 e471 e450 e410 db8f db4e db4d db4e db4d db0d db0c daec daec d2cc dacc d2cc db4e e3d0 e4b3 ed96 f617 fe99 f679 edf6 e554 e513 e4f3 dcb2 dc51 dbf0 dbcf dbaf db8e db4d d32c d30c d2cc cacc caac caac c28b ba4b aa0a 9148 80e7 78c7 6087 6087 68c7 70e8 70e7 7929 7949 5866 5887 924d cc52 dcf3 d4d3 b3d0 79aa 7128 796a 5866 60c6 60e8 58a7 5887 58c7 60e8 60c7 5886 5887 7108 9a4b b32d bbaf bb8e bb6e bb6e c3cf cc50 d46f d46f cc2f cc2f d44f cc2f cc2f cc0f cbee cbee cc0f cc0f cc0f cc0f c40f cc0f cc0f cc0f cc0e cc0e c3ee cc0f cc0e cc0e cc0f c40f c3ee c3cf c3ef c3cf c3cf c3cf c3ae c3ae bbae bbae bbae b38e b38e b38e b36e bbce c46f d4d0 dd50 e591 edd1 edd1 edf1 edf1 edf1 edd1 edd0 edaf edb0 edb0 e590 e590 e590 e590 edb0 ed90 ed91 edb1 
a1c9 a1c9 a1c9 a1c9 99c9 9989 9189 91a9 9189 9168 9168 8948 8927 80e7 78c7 78c7 8907 9988 ba4a caeb db4c e3cd e42d ec6e ecaf eccf ecef f4ef ecef ecef f50f f50f f50f f4ef ecce ec6d ec0d e3ac db4b caaa b209 a1a8 9967 9968 9988 a1c9 a9c8 b1e9 b209 b209 ba29 ba2a ba4a ba4b ba6d baaf baf1 b2f2 aad2 ab54 c415 cc97 b456 ac36 ac35 a415 9b52 7a2e 698c 612a 612a 692b 694b 610b 71ad 92b1 71cd 822f 9312 9312 8250 8230 7a0f 92d1 92d1 698c 4887 4867 4888 5088 50a9 58c9 612b 79ee 92f2 8270 7a10 8251 71ef 720f 7a91 9375 9c16 a477 a415 720d 71cc 79cc 798a 798a 7129 5887 5087 58c8 58a8 5887 5887 50a7 50a8 50a8 50c8 50a8 48a8 50c7 81e9 cbf0 bb0c aa49 b32c e4d3 dcd2 e533 e574 dd94 e5f5 e616 c451 7126 78e6 9148 a9a8 ba2a c24a c26a d2ab d2cc d2cc d2ed db2d db4e db6e e3af e3cf e3f0 e3f0 e410 e450 e471 e470 ec91 ecb1 ecb2 e4b1 e4b1 ecb2 e4b2 e4b2 e491 ecb2 e491 e471 e4b2 e4d2 e4d2 e4b2 e471 dc0f e3ef dbaf db6e db4d db6e db6f db2e daec dacc dacb daab dacc d2ac db0d e3b0 e492 ed75 f617 feb9 f6b9 ee37 e594 dd13 dcd2 e4b2 e471 dbef dbcf db8e db6e db2d db2d db0d d2ec d2cc d2cc caac c28b ba6a b24a 99a9 80e8 70c7 60a7 60a7 68e8 68e8 7108 7949 792a 5866 5887 924c d453 dcb3 d4f3 b3d0 81ca 6908 7129 5846 60c7 6908 58a7 5887 60c7 60c8 58a7 5887 58a7 7969 a2cd bb6e c38e bb6e bb6d c38e cc0f d450 d44f d44f d44f cc2f d44f cc2f cc2f cc0f cc0f cc0f cc2f cc2f cc0f cc0f cc2f cc2f cc2f c40f cc0f cc2f cc0f cbef cbef c3ee c3ef c3ef c40f c3ef c3ef c3ce c3cf c3ef bbce bbce bbae bb8e bb8e bb8e b38e b38e b3ce c44f d4d0 dd30 e591 edb0 edf1 edf1 edf1 edf1 edd1 edd1 edb0 edb0 edaf edb0 ed90 ed90 e590 edb0 edb0 edb0 edb0 edb1 
a1c9 a1e9 a22a a22a 99c9 99a9 91a9 91a9 99a9 9188 8967 8968 8147 8107 7907 78c6 8107 99a8 ba49 cb0b d36c dbcd e44d ec8e ecaf eccf ecef ecef ecf0 ecef f50f f50f f50f f4ef f4ce ec6d ec0d e3ac d32b c28a b209 a188 9967 9968 a1a9 a1c9 a1c8 a9e9 b1e9 b1e9 ba0b ba4c baaf c332 bb93 c3f5 bc35 bc35 bc55 c496 bc74 bc54 9330 7a6d 71eb 7a0d 79ed 696b 610a 60ea 610a 692b 694b 610b 822f 8250 69ad 8270 8af2 7a50 7a30 92f3 9312 92d1 71cd 5088 4888 5088 4887 5067 58c9 50a9 50a9 590b 71ce 8250 8270 92f3 9313 8ad2 8270 82b0 9372 8310 69cc 696a 9aef ab2f 9a4c 89ea 89eb 60e8 5087 58e8 58c8 58a8 58a7 58a8 58c8 50a8 50a8 4888 4887 6108 ab4e c3cf aa6b aa6b c3f0 e534 dd33 dd94 ddb4 e5f5 e635 ccf2 71c8 68a6 80e7 9968 a9c9 ba2a c26a ca8b d2ab d2cb d2cc daec db2d db4e e36e e3ae e3cf e3cf e3f0 e410 e450 ec91 ec91 e471 ecb2 ecd2 ecb1 e491 ecd2 ecd2 ecd2 ecd2 e4b2 e491 e4b1 ecd2 ecd2 e4b2 e4b1 e471 e430 e3ef dbaf db8e db6e db8e db6e db4e db0d daed daec dacc dacc d2cc db0d e38f e451 ed55 f617 fe99 f6b9 ee37 e594 dcf2 dcd1 e4b1 e491 dc10 dbef dbae db4e db2d d32d db0d d2ed d2cc d2ec cacb ca8a c28a b24b 9188 78e7 70c7 6087 60a7 7108 68e7 7128 7949 6909 5887 5866 89eb d452 dcd3 d4b2 c411 8a2b 68e7 68e8 5046 6086 6908 5866 5887 60c8 60c8 58a7 58a7 60a6 89ca aaed c3af c38e bb8d bb6d c3ce d42f d46f d44f d44f cc2f d42f cc2f cc0f cc2f cc0f cc0f cc2f cc2f cc2f c40f c40f cc2f cc2f cc0f cc0f cc2f c40f c40f c40e c40f c40f c40f c3ef c3ef c3ef c3ce c3cf bbce bbae bbaf bb8e bbaf bb8e b38e b38e b38e b3ae c42f d4d0 dd30 e591 e5b0 edf1 edf1 edf1 edf1 edf1 edd1 edd0 edb0 edb0 edb0 edb0 ed90 ed90 edb0 edb0 edd0 edb0 edd1 edd2 
99c9 99c9 99ea 99ea 91c9 91a9 9188 9168 9168 9168 8968 8948 8947 8107 78e6 70a6 8107 99a9 ba8a caeb db6c dbcc e42e e46e ecaf eccf ecef f4ef ed0f ed0f f50f f50f f50f f4ef f4cf ec4d ec0d dbac db4b caaa b209 a188 9947 9948 9988 a1a8 a1a8 a9c9 b20b b22c b28e bb10 cbd2 cc13 c3b1 cbf2 bb91 bb70 c370 c390 b36f 8a4c 6109 58ea 696b 71cd 718c 58e9 610a 612b 692b 610b 692b 694c 8250 7a2f 71ce 8ab1 8270 7a2f 9354 9b74 92f1 71cc 612a 58c9 58c9 50a8 5088 5087 5088 5088 50a8 58c9 614b 71ad 698d 8270 9312 9b73 9b72 724d 50e9 48a8 50a8 716a ab4f bbb0 ab0d 9a8c 81aa 60c8 58a8 50a8 58a7 58c8 50a8 50a8 50a8 50a8 50c8 48a8 50c7 79ea cc10 bb2d aa8b b2cc dcd2 dd33 dd74 e5b4 e5f4 ee36 e5f5 8269 5885 6886 8107 9968 b1e9 c24a ca6a ca8b d2ab d2ab daec d2ec db2d db4e e38e e3ae e3af e3cf e3f0 ec30 e450 ec91 ecb1 e4b1 e4b1 ecd2 ecd2 e4b2 e491 ecd2 ecd2 ecd2 ecf2 ecd2 e4d2 ecd2 e4d2 e4b2 e491 e491 e451 e3f0 dbae db8e dbae db8e db8e db4e db0d daec daec dacc dacc dacc db0d db8e e430 ed54 f617 fe99 f699 ee37 ed95 e4f3 dc91 e471 dc51 e430 e3ef e3af db6e db2d db0d db0d d2cc d2cd d2cd d2cc caab c28b b22a 9989 78e7 70e8 6087 60c8 7128 6908 7128 7969 7109 5887 5867 818a cc32 dcd3 cc71 cc51 9aad 6907 6908 5887 5886 60c8 5887 60a7 60e8 60a7 5886 6087 68c7 922b b32d c38e c38e c38d bb6d cbef cc2f d46f d46f cc6f cc4f cc4f cc2f cc2f cc2f cc2f cc0f cc0f cc0f cc0f cc0f cc2f c40f c40f c42f cc2f c40e cc0f c3ee c3ee c3ee c3ef c3ee c3ee c3ef c3ee c3ce c3ce c3cf bbae bbae bb8e bb8e bb8e b38e b36e b38e c3ee d4af dd30 e590 e5b1 edd1 edf1 edf1 edd0 edf1 edd1 edd0 edd0 edd0 edb0 edb0 edb0 edb0 edb0 edb0 edb1 edd1 edb1 edd2 edd2 
99a9 9189 91ca 99ca 99a9 9189 9168 9168 91a9 8968 8968 8928 8128 8108 78e7 78c7 8107 99a9 ba4a caeb db8d dbcd e42e e46e ecaf eccf eccf eccf f4ef ecef f50f f530 f530 f510 ecaf ec6e e42d e3cc d34b caca a9e8 a188 9947 9948 a188 a1a9 a9c9 aa0a b26b c30e c34e c32d c2cc baac bace bb10 b331 ab11 b311 9a4e 81ac 712b 610a 716c 79ed 71ac 694b 692a 692b 60ea 692b 610b 698d 822f 71ee 69ad 7a70 9313 82f3 9b95 9373 9b73 7a0e 58e9 50c8 60e9 58c8 5088 58a8 58a8 58a8 50a8 50a8 50c9 58c9 698c 7a0e 616b 5908 6989 8a4c 5907 4067 4867 58a8 81cb ab0e c3b0 ab2e 9a8c 7149 60e8 50a7 50a8 58a8 58a8 50a8 50a8 50a8 50a9 4868 5088 6128 ab0e cbcf b2cb b2ec c38f e513 dd32 e594 e5d4 e615 e616 a38e 5084 5865 70a7 8927 a1c9 b209 c26a caaa d2ab d2ab d2cb d2cb daec db0c db2d e36e db8e e3ae e3cf e3ef ec10 ec51 e471 ec91 ec91 ecb1 ecd2 ecf2 ecf2 ecd2 ecd2 ecd2 ecd2 e4d2 e4d2 ecd2 ecf2 ecd1 e4b1 e471 e430 e430 e3ef e3ef dbae db8e e38e db6e db4e db2d daec daec daec dacc d2cc daec db6e e451 ed34 f5f7 f698 f698 f657 edb5 e513 dcb1 dc70 dc71 e430 dc0f e3cf db6e db2d db0d db0d d2cd d2ed d2cc cacc cacb c28b b24b 9168 78c7 70e8 6087 68a8 7109 68c7 7949 7989 6909 5887 5887 798a cc32 d4b2 cc31 d452 b32f 68c7 60a7 5866 5866 60a7 5887 60a7 60c7 60a7 5866 5886 7128 9a6b bb6e c38e c3ae bb6d bb8d cc0f cc4f d46f d44f d44f d44f d42f cc4f cc4f cc2f d44f cc2f cc0f cc2f cc2f cc30 cc0f cc0f cc0f cc2f cc0f c40f cc0f c40f c3ef c3ef c3ef c3ee c40f c3ee c3ef bbef bbef c3ef bbcf bbce b3ae b38e ab8e b36e b38e bbce d48f dd2f e570 e5b0 edb0 edd1 edd0 edf0 edf0 edd0 edd0 edd0 edd0 edd0 edd0 edb0 edb0 e5b0 e5b1 edb1 edd2 edd2 edf2 ee13 ee13 
9189 99a9 9189 91aa 9189 8968 9168 8948 9189 9188 8968 8148 8127 8107 70e7 78c7 80e7 9968 ba4a caeb db6c dbcd e44d e48e eccf ecef ecef ecef ecef ecef ed2f f530 f510 f4d0 f4af ec4e e40d e3ac d32b caaa b229 a1a8 9147 9968 a1a8 a1a8 a9c9 aa09 b26b ba8c ba6b ba6b ba6b ba8c c2ce c30f baef a26e 9a6f 8a2e 8a2f 81ef 79ad 79ce 79ed 79cd 690a 692b 60ea 60ea 692b 718d 8270 8250 590b 71ae 8ad2 9353 9bb4 9373 720d 71cc 79ed 58e9 58c9 60e9 58a8 5888 58c8 58a8 50a8 50a8 58c8 58e9 50a8 58a9 696b 81ed 610a 60e9 81cb 60c7 4866 4846 58a7 922c a2ac c3b0 b32e 924b 8a2c 6929 58a8 5087 5087 58a8 5087 5088 50c8 4888 4867 50c8 820b c3b0 bb2d b2cb b34d dcf3 e553 e574 e593 e5b4 ee16 bc71 6147 5086 68c7 70c7 8927 a1c9 ba2a c26a caab ca8b d2ab d2ab d2ab daec db0c db4d db6e e38e e3af e3cf e3ef e40f e430 ec70 ecb1 ecb1 ecb1 ecd2 ecf2 ecd2 ecf2 ecf2 ecd1 e4d1 ecf2 e4b2 ecd1 ecd1 e4b1 e4b1 e470 e450 e42f e3ef e3ce dbae e3ae e38e e38e db4e e34e db0d db0c dacc d2cb daec d30c db8e e411 ed14 f5f7 feb9 f6b9 f678 e5b5 e513 dcb2 dc71 dc51 dc30 dc10 dbef db8e db4e db4e db0e daed dacd d2cc d2cc d2cb c28a b22a 9148 70a6 70c8 6087 68c8 68e8 68a7 7928 89aa 7108 6087 5867 7149 cc12 dc93 c3f0 cc11 bbb0 6907 60a7 5046 5866 6087 68e8 60a7 60c7 6087 5887 5886 8168 aaac c3ae c3ce c3ae bb8d c3ce cc2f d46f d46f d46f d44f d42f cc0f cc2f cc2f cc2f cc2f cc2f cc0f cc0f cc0f cc2f c40f cc0f c3ee cc0f cc0f c40f c40f c3ef c3ef cbef c3ce c3ef c3ef c3ef c3ef bbcf bbcf bbcf bbce bbaf bb8e b38e b36e b36e bbae cc4f dcd0 e550 edb0 edb0 edd0 edd0 edd0 edcf edd0 edd0 edd1 edd0 edb0 edd0 edd0 edd0 edb0 edd1 edd1 edd1 edf2 edf2 ee12 ee13 e613 
91a8 9188 8988 8988 8988 9168 9168 8948 8968 8968 8968 8968 8128 8108 78e8 78e7 78e7 9167 b269 caeb d34c e3cd e42d ec6e e48e eccf f4ef f4ef ecef f510 f50f f50f ecef ecce ecae ec6e e3ec e3ac db4b cacb aa08 a1a8 9148 9968 a1a9 a1a9 a9ca b20a aa2a aa4a b24a b26a ba6b ba6b c2cd c2ee b28d 89cb 89ed 718b 81ee 79ee 822f 8a4f 718b 79ac 718b 692a 58ca 612b 71ee 8a71 8ab1 616c 590b 71ce 9b74 9b74 92d1 8a90 592a 592a 7a2e 592a 58e9 58a8 58a8 5887 58a8 58c8 58a8 58a8 58c9 58c9 58c8 58c8 6149 6108 6969 6107 81ca 6907 5066 4846 5046 8a0c a2ac c3b0 b34f b34f 9a8d 6108 50c7 50c7 4886 50a7 4887 50a7 5087 5067 4826 60e7 b32d cbcf b2cc b2cc c3d0 f5b6 dd53 e5b3 ddb3 e5d4 dd94 71e8 4886 5887 6087 78e7 9168 a9c9 ba4a ca6b d28b d2ab cacb d2cb cacb d2ec db0c db0d db4d e36e e38e e3ae e3ce e3ef e410 ec50 ec91 ecb1 e4b0 e4d1 ecf2 ecd2 ed12 ed33 ed13 ecf2 ecb1 e471 ecb1 ecb1 ec90 ecb1 ec50 e450 dc0f dbee dbce dbae db8e e38e e38e db6d db2d db0c db0c d2cc daec db0c db0d e38e dbef e4f2 edf6 f6b9 f6b9 f698 edd6 e513 dc91 dc50 dc71 dc30 e410 e3cf e3af db6e db2d d30c d30d d2cc d2ec d2ec d2cb c26a a1c9 8907 70e7 70e8 6087 68e8 60c8 68c7 7127 89ca 68e7 5866 5846 7129 c3d1 dcb3 c3af c3d0 cc32 7168 5886 5846 5867 6087 6949 58e7 60e7 58a6 6086 60a6 89e9 b30d c36d c38d c38d c38d cbee d450 d470 d490 cc4f cc4e cc4e cc2e cc2f cc2f cc2f cc2f cc0f cbee cbef cbee cbef cc0f c40f cc10 c3ee c3ee c3ee c40f c40f c40f c40f c3ef c3ce c3cf c40f c3ef c3cf bbcf c3ef bbaf b3ae b38e b38e ab4d b38d c40f d4af e550 e56f edb0 f5d0 edb0 edb0 f5d0 f5d0 f5d0 e5cf e5cf edd0 edd0 edd0 edf1 edd1 edb1 e5b1 e5d2 edf2 ee13 ee13 ee14 ee14 f614 
9189 9189 8969 8969 9168 8968 8968 8948 8948 8128 8148 8128 8128 78e7 78e7 78c7 80e7 9988 ba4a caeb db6c dbcd e42d e46e ec8e eccf eccf ecef ed0f ecef ecef eccf f4f0 eccf f4af ec4e e40d e3ac db2b caaa b209 99a8 9167 9168 9989 a1a9 a1e9 aa0a aa2a b24a ba4a ba6a ba6b c28b ba8b c2cd aa4c 816a 81ee 81ef 79ef 8a71 92b1 79ee 79cc a2d0 81ee 692b 692b 79ee 8ad1 8ab0 61ad 50ea 590b 720f 8b33 9bb5 7a70 8ab1 698d 616b 79ed 612a 58a8 5088 5087 58c8 58e8 58e8 58e9 58c8 58c8 58c8 50c8 50c8 6149 58e8 58c8 58c7 81aa 7108 5046 4846 60c8 89eb a2ad bb4f ab2e cc11 ab0e 7168 5086 5046 5087 4867 4846 5087 4847 4846 4846 81ea cbaf bb0c aa8b b30d dcf3 e5b5 e5b4 e5b4 ddd4 ddd6 930d 50e6 50a6 60a8 60a7 70e7 9168 a9e9 ba4a c26a ca8b d2ab d2cb daec d2ec db0d db0c db0c e34d e36e db6d db6d dbae e3cf e3ef ec30 ec50 ec50 ec91 ecd2 ecd2 ecf2 ecd2 ecd2 ed12 ecd1 ecd1 e4b1 e4b1 ecb1 e490 e470 e44f e40f e3ef e3cf db8e e38e db6d e36e db6d db4d db2c db0c d2cb d2ab daec daec db0d db6e e410 e4d2 edd6 f678 f699 f698 edf6 dd33 dcb1 dc70 dc71 dc30 dbf0 dbcf db8e db6e db4e db0d db0d d2ed d2cc d2cc cacb ba6a a1ea 8107 70e7 68a7 6086 68c8 68c8 68c7 7948 89ca 68c8 5846 5847 68e8 c3f1 dcb3 c3f0 cc10 cc31 79c9 58a6 5066 58a7 58a7 7128 68c7 60a7 5887 5866 70e7 922a bb2d c38d c38d c3ae c3ae cc0f d450 d490 d46f cc4f cc4f cc2e cc0e cc4f cc2f cc2f cc2f cc2f cc2f cc0f cc0e c40f c40f c40f c40f c40f c3ef c3ef cc0f c3ef c3ee c3ee c3ee c3ce c3cf c3ef c3ef bbcf bbaf bbae bbae bb8e bb8e b36d b34d bbce d46f dd0f e590 edb0 edf0 f5d0 edd0 edd0 edd0 edb0 edb0 edd0 edd0 edd0 edd0 edd0 edd0 edd1 edf1 ee12 ee12 ee32 ee33 ee33 ee33 ee34 ee14 
9189 8968 8969 8968 8948 8948 8968 8148 8148 8148 8148 8128 7907 78e8 70c7 70a7 80e7 9168 b229 caeb db8c dbcd e40e ec4f ec8f ecaf eccf ecef ecef ecce eccf f4cf f4cf f4af ecae ec4e e40d e3ac d34b cacb b229 a188 9147 9988 9988 a1a9 a1c9 a1e9 aa2a b22a ba29 ba29 c24a c26b c26b ba6c 99cc 792b 9291 9b33 9b94 9b53 7a0e 716b 8a0d a28f 89ed 716c 820e 9af1 8a8f 616b 58ea 58ea 58eb 616c 724f a3d5 8290 824f 7a2f 590a 614a 612a 58c9 5088 58a8 60e9 58c8 58c8 58e8 58e8 58c8 58c8 58c8 58e9 5909 50c8 58e8 58a7 7128 7128 5066 5067 7108 9a2b a28d aaee 9aab cc51 c3d0 9aac 58c7 4866 5087 4867 4846 4867 4847 4846 60e6 aaed cbae b2cb b2cb c38f e574 dd74 ddb4 e5f5 e636 bcd2 5947 50a7 58c7 6908 60a7 78e7 9148 a9c9 ba49 c28a caab ca8a d2ab dacc daec daec daec db0c db4d e36d db6d e38e e3ae e3ce e3ce e3ef e40f ec50 ec50 ec71 ecb1 ecd2 ecd2 ecd2 ecf2 ecf2 ecd2 ecb1 e4b1 ecb1 e470 e44f e42f e40f e40f dbae db6d e36e db2d db4d db6d db4d db2c daec d2ab d2ab d2cc d2ec db2d db6e dbf0 e4b2 ed95 f658 feb9 f699 ee16 dd12 dc91 e491 dc30 dc10 dc10 dbcf dbae db8e db4e db2d daed daed d2ec d2cc caab ba6b 99a9 78e7 70e8 6087 6087 68a8 60a7 68a7 7928 89cb 68c8 5867 5847 68e8 bbd0 dcd3 cc51 c3d0 cc31 8a4b 58a7 5066 5066 5887 7149 6928 58c7 60c7 60c7 7948 a28b c36e c3ae c3ae c38d c3cf d4b1 dd12 d490 d46f cc4f cc2f cc2f d44f cc4f cc2f cc2f cc0f cc2f c40f cc0f cc0f c40f c3ef c3ee c40f c3ef c3cf c3ef c40f c3ee bbce c3ee c3ee c3ce c3ce bbcf bbcf bbce bbce bbae b38e b38e b36d b36d b38d cc2e dccf e550 ed90 edd0 edd0 edd0 edd0 edd0 edd0 edb0 edd0 edd0 edd0 edd0 edd0 edd1 edf1 edf1 ee12 ee32 ee33 ee33 ee33 f633 ee33 ee34 ee34 
8948 8969 8968 8969 8168 8168 8969 8969 8168 8148 7928 7928 7928 70e7 70c7 70a7 80e7 9148 b229 caeb db8d dbad e40e e44e ec8f ecaf eccf eccf eccf ecae eccf ecef eccf eccf ec8e ec6e ebed e3ac db4b cacb aa09 9988 9128 9169 99a9 a1ea a22b a20a aa0a b22a b229 ba4a ba4a c24b ba6c b26e 922f 9b13 ac16 a3d4 9331 79ed 716b 8a2f 9290 8a4f 696b 822e 92f1 828f 614b 590a 614c 612b 590b 58eb 618c 9353 9332 720e 8ad1 612b 590a 692a 6109 58c9 60c8 68e9 60e9 58a8 50a8 58c8 50a7 58a8 5088 50a8 50c8 71ec 7a0d 50a7 5886 6908 58a7 5886 6086 89eb a2ae a28d 91c9 b2cc dc91 c430 928d 60e8 5087 4867 4867 4846 4846 5866 81c9 c38e bacb b2ab b30c dcb2 e594 e5b4 e616 ee57 d595 7229 4086 4867 58a8 68e9 68a7 78e8 9148 a9c9 ba2a c26a ca8b d2ab d2ab d2cc dacb daec db0c e32d e34d e36e e36e e3af e3ae e3ce e3cf e3ef e410 ec30 ec51 ec91 e471 ecb2 ecb1 ecd1 ecd1 ecd1 ecb1 e490 ec90 ec90 ec70 ec70 e42f e40f e3ef e3ae db8e db6e db4d db2d db4d db4d db0c dacb d2cb d2ab d2ab dacc db0c db4e e3cf e451 e4f3 fe38 f6b9 f6b9 f637 dd13 dc90 dc70 dc30 dc10 dbcf dbaf dbaf dbaf db6e db2d db0d daed d2cc d2ac caab ba2a 9988 78e7 60a7 5867 60c7 60a7 68c7 68e7 7948 89ca 60c7 5046 5046 60a7 b38f dcd3 d451 c3d0 cc31 a2ed 60e7 58a7 5067 5887 6908 6908 58c7 60c7 68a6 89a9 aaec c38e c38d c38d c36d c3ce d4b1 dcf1 d490 cc4f d44f d44f cc2f cc4f cc2f cc2f cc2f cc0e cc2f cc2f cc0f cbef cc0f c3ef c3ef c40f c40f c40f c40f c3ef c3ee c3ee c3ee bbce c3ee c3ef c3ef bbcf bbcf bbcf bbae b38e b38e b38e b36d c3ee d48f e530 ed90 edd0 edd0 edd0 edb0 edb0 edcf edaf edaf edb0 edd0 edb0 edd1 edd1 edf1 ee12 ee12 ee33 ee53 ee53 ee33 ee33 ee33 ee33 ee33 ee13 
8969 8969 8989 8969 8169 8169 8169 8169 8969 8149 7949 7948 7908 7108 68c7 70a7 78c7 9168 b24a caeb db8d e3cd e40d e44e ecaf eccf eccf eccf ecae ecaf eccf eccf f4cf f4af ec8e ec2d e3cc e3ac db2b caaa b209 9988 9147 9148 9189 a20b baef b28d aa0a b20a b22a b22b ba4c ba8e b311 b373 abf4 a3d3 9310 79ec 612a 716c 8a4f a332 9ad1 71ac 720e 9b53 7a2e 590a 58ea 614c 79ef 694d 696d 590c 61ce 9354 9b74 7a70 9b53 69cd 50c9 612a 610a 610a 60e9 6909 6109 58a8 58c8 58a8 5087 50a7 58c8 5087 50c7 71cb 71aa 58c7 60a7 68e8 60a7 5887 68c7 9a2c a2ee b34f a22b 91a8 c36c cbed cc51 8a6b 50a6 4867 4867 5087 5067 5886 aaac cb8e b26a b2ab b34d ed96 e5d6 e5f6 e656 ee57 a38e 50c6 4866 5087 60e8 7129 68c7 80e7 9168 a1a9 b20a c24a ca6a d2ab d2cc dacc dacc daec db0c db2c e32d e34d e38e e3ae e3ae e3cf e3cf e3ef e410 e430 e470 ec91 e491 ecd2 ecb1 ecb1 ecb1 ecb1 ecb2 e470 ec91 ec70 e470 e450 e42f e3ef e3ce e3ae db4d db2c db2c db2c d32d db4d db0c d2cb d2cb d2ab d2ab dacc db0d db4e dbaf e451 e4f3 f617 f699 f699 f637 e533 d450 e450 dc30 e410 dbef dbaf dbaf db6e db4e db2d db0d d2ed d2ec cacb c2ab b20a 8948 70e7 60a7 58a7 60e8 60c7 68e8 70e8 8169 89ca 60a7 5046 5047 5887 ab2e d492 d452 c3af c3f0 ab2e 7148 60c7 5066 5887 68e8 68e8 58a7 5887 68c7 9a4b b32d c3ae c3ad c38d c3ad cc2f d46f d48f d48f d44f d44f d42f cc4f cc2f cc2f cc2f cc2e cc2f cc0f cc0f cc0f cc0f cbee cc0f c40f c3ee c3ee c3ee c3ee c3ee c3ce c3ce c3ef c3ef c3ee c3ce bbee bbcf bbce bbaf b3ae b38e b38e b38e bbad cc4f dcef ed70 edb0 edd0 f5d0 f5d0 f5b0 edaf edaf edaf edb0 edb0 edd0 edd0 edd1 edf1 ee12 ee12 ee33 ee53 ee54 ee54 ee33 ee33 ee13 ee13 ee13 ee33 
89a9 8989 8168 8169 8169 8149 8169 8169 8169 8149 7928 7928 7908 70c8 68a7 68a7 78e7 9188 ba4a caeb db6c dbad e40d e46e e46e ecaf eccf eccf ecaf e4af ecef ecef ecef f4cf ec8e ec2d e3ec e38c db4b caca aa09 9988 8928 9148 9168 a22c bb30 aa6d a1ea a9ca b22c b26d bb51 cc14 c454 bc33 ab50 714a 58c8 60ea 610b 820f ab93 b3d4 822e 79ed 9311 7a4e 590a 50a9 50ca 7a50 7a2f 69ae 614d 592c 8b14 93b6 9bb5 82b0 8b12 82b0 58e9 60e9 6109 6109 692a 6109 6109 5087 5067 5087 5087 5087 58a8 5067 5887 7169 7969 7948 7949 70e8 6087 7109 818b 9a4c bb90 cbf1 b2cd 8127 8967 b2ec dcb1 b3ae 6907 4846 4867 4846 5046 6908 c38f c34d aa6a b2ec cc71 edf6 e5f5 ee36 e635 d554 6127 4866 4867 5067 68e8 7949 70a7 78c7 9148 a9a9 b1e9 ba2a c24a ca8b d2ab d2cc d2ec daec daec db0c db2d db4d e36d e38e e3cf e3cf e3ef e3ef e40f e40f e42f e430 e490 ecb1 ec91 ec91 ecb1 ec91 ecb1 ec71 ec91 ec70 ec50 e450 e42f e3ee e3ce e38e db4d db0c db0d db0c db0c db0c daec d2cb d2ab d2ab d2ab d2cc daec d30d dbaf e452 e514 f5f7 fe99 fe99 f658 e575 d450 e471 dc30 e3ef e3cf db8e db8f db6e db2d db0d db0d d2ec d2cc d2cc caab a9e9 8128 68c7 5887 5887 60e8 68e8 7108 68c7 7948 89eb 68c8 5846 5847 6087 a2ed d452 d452 bb8f c3d0 ab2e 79aa 58a7 5066 58c8 6108 60e8 60a8 5887 7107 a28c bb4d c3ad c38d c38d c3ce d42f d490 d46f d46f d46f d44f d44f d44e d44f cc4f cc2f cc2f cc2f cc0f cc0f cc0f cbef c40f c3ef c3ef c3ef c3ee c3ee c3ee c3ee c3ee c3ce c3ce c3ef c3cf bbce bbae bbcf bbae bbcf b38e b36d b36d b36d c40e d4af e54f edb0 edd0 edf0 edd0 f5d0 edcf edaf edaf edaf edaf edaf edd0 edf1 edf1 ee12 ee32 ee33 ee53 ee54 ee54 ee54 ee53 ee33 ee33 ee13 ee13 ee33 
8989 8969 8169 8169 8189 8189 8189 8169 8149 7949 7949 7928 7928 70e7 68a7 6886 78e7 9989 ba4a caeb db4c dbad e40e e44e e46f ecaf eccf ecaf eccf eccf ecef ecef f4ef f4ce ec8e ec2d ebed e38c db2b caab b1e9 9947 9127 9128 9148 aa2b c351 aaae a1ec a20d b311 c3f4 cc34 bb91 b330 b330 924e 60a8 58a9 60ca 81ce a2f2 bbd4 9af1 824f 92d1 71ed 590a 58eb 50ca 594c 82d2 720f 8291 616d 69ae 9bb5 8b74 9374 8b12 722e 9b32 614b 60e9 6109 614a 612a 6109 60e9 5087 4867 4887 4867 4867 50a7 58a7 7128 91ea 91ea 8989 8989 68c7 70e8 89cb 81cc a2ef cc52 dcb2 cc11 91e9 68c6 920a bb6d b30c 6907 4826 4846 4026 50a6 9a8c cbaf b2cb aa8b bb4d e553 edf5 e615 ee36 dd73 826a 4865 4846 4847 5046 68e7 8169 70c7 78a6 9127 a188 b209 ba29 c26a ca8a d2ab dacb d2eb daec daec daec db0c e34d e34d e36e e38e e3af e3cf e3ef e40f ec0f ec2f ec30 e430 ec71 ec91 e450 e490 ec91 e470 ec91 ec70 ec70 ec50 ec50 e42f e40f e3ce db6d db2c db0c db0c db0c db0c daec d2ec d2cc d2ab d28a d2ab d2ab daec db2d db8f e451 e514 f5d6 f658 feb9 f699 edb6 d470 e450 dc30 e3ef e3cf db8e db8e db4e db4e d30d d30d d2ec d2ec caab c26b a1a9 8128 6087 5887 58a8 60e8 68e8 7129 7108 8168 91ea 68c7 5846 5847 60a7 9aad cc32 d472 b38e cc31 b36f 81eb 5066 5045 60c8 60e8 58c7 5887 5887 8189 aacc c38e cbae c3ad c38d cbee d44f d48f d44e d46f d46f d44f d42f d42f cc2f cc2f cc2f d44f cc2e cc0f cc0f cc0f cc0f c40f cc0f c3ef c40f c3ee c40f c3ef c3ee c3ee bbce bbce c3ce bbae bbae bbae bbae bbae bbae b38e b36d b36d bbad d46e dd0f e590 edb0 edcf edcf edcf edcf edaf edaf edaf edaf edcf edb0 edf1 edf2 ee12 f633 ee33 ee33 ee54 ee54 ee74 ee54 ee33 ee33 ee13 ee13 ee33 ee33 
8969 8989 8969 8969 818a 818a 8189 8169 818a 8149 7908 7908 7108 70e8 68a7 6887 78c7 9168 b22a cacb db6c dbad e3ed e44e ec8f ecaf ecaf eccf ecaf ecaf ecce eccf f4ef f4cf ec8e ec2d e3ed e38c db4b caaa a9e8 9967 9127 9148 9148 a1ea bb2f c371 aa6e b2d0 cc13 c3d2 b2f0 aaaf b331 b331 89ed 60a9 68eb 79ad a332 a332 a2f0 71ab 92d0 79ed 612b 612b 590b 590b 720f 7a71 6a2f 9354 618d 7a51 9b95 82f3 8b33 9354 69ed a394 7a0e 612a 612a 612a 6109 60e9 60e9 50a7 4866 5087 4846 4866 58a7 60c8 7969 aaad aa8c 99ca 7928 68a7 7108 89ec 9a8e b391 dcd3 e513 dcb2 a2ac 5885 7148 a2ed a2ad 60c7 4025 4026 4045 6927 bb6f bb6e b2ec aacb cbef e595 e616 e636 e5f6 9b2d 50a5 4846 4847 4846 5046 6928 8189 78e7 80e7 9147 a188 ba29 c229 c249 d28a dacc dacc dacc daec daec daec db2d db2d e32d e36e e38e e3af e3cf e3cf e3ef e40f ec30 e40f e40f ec30 ec71 e470 e470 e470 ec90 ec90 e470 e450 e42f ec2f e40e e3ce e3ce e36e db2d db2d d30c d2ec db0d d2ec d2cc d2cc d2ab d28b d2ab d2ab d2cb db0d dbaf e431 ecd3 f595 f657 fed9 f6b9 f616 d44f dc2f e410 dbef dbcf dbae db8e db6e db4e db0e db0d d2ed d2eb caab ba2a 9989 7908 6087 58a7 58c8 60a7 68c8 7128 7948 8148 91aa 68c8 5046 5046 5887 924c cc11 d493 bbcf cc51 b38f 820b 5066 4845 60c7 60c8 5887 5867 60a7 89ca b30d c38e c38d cbae c38d cc0f d44f d46e d46e d46f d44f d44f d42f d42e d40f cc2f d42f cc4f cc2f cc0f cc0f cc2f c40f c40f cc0f c40f c40f c40f c3ef c40f c3ef c3ef c3ce c3ee c3ee c3ce bbae bbae bbae bbaf b38e b38e b36d bb8e cc0f dcaf ed50 ed90 edd0 edd0 edd0 f5d0 edaf edaf edaf edcf edcf edd0 edd0 ee12 f633 f633 f633 ee53 f653 ee53 ee54 ee74 ee74 ee34 ee34 ee13 ee13 ee13 ee34 
8188 8188 8188 8189 8168 8169 8169 8149 7948 7928 7928 7908 78e8 70c8 68a7 6086 70a5 8967 b269 caea d36b dbcd e42e ec6f ec8f e48f ecaf eccf ecaf ecaf ecaf f4ef ecce ecce ecae ec4d ec0c e38b db2b caaa a9e8 9967 9127 9148 9128 9969 aa4b cb70 c391 b350 b30f aa6e a26e b2cf bb0f b2cf 91ed 68c9 712a 924e ab52 92b0 79cd 7a2e 7a4e 69ed 7a8f 720e 590b 71ae 8251 71ef 8291 82d2 594c 8ab2 9333 82d2 9374 ac16 6a0d 8af0 8ad0 58e9 50a8 58c8 60e9 6109 58e8 5087 5046 5067 5067 5887 690a 68c8 7127 9209 aacc 99e9 70e7 7129 81ab 9a8e aace a28b cc0f ed53 e4f2 b34e 60a6 60a7 81e9 6927 4865 4026 4026 4845 924a c38e b2ab b2ab b32d dcf4 edf6 ee36 e636 b450 48e6 4066 4887 4867 5067 5046 7108 91ea 78e7 8107 9128 a168 b9e9 c209 ca4a ca8b d2cb caaa d2eb db0b d2eb db0c e32d e32d db0d e36e e38e e38e e3af e3cf e3cf ec10 e40f e40e e40e ec0f e40f e42f ec70 e450 e450 e450 e44f ec50 e450 ec30 ec0f e3ce db8d d36c d34c d32c d2ec d2ec db0c d2ec d2cc d2ab d2ab d28b d2ab d2ab d2ac db0d d36d dc0f e491 ed54 f637 feda fed9 f658 d470 dc30 dc10 dbef dbcf db8e e38f db6e d32d d32c d30c d2ec caeb c28b b22a 9189 68a7 5847 58a8 60c8 60a7 68e8 7929 7948 7968 8189 68e7 5046 5026 6087 920b cbd1 d472 c3f0 c430 bbaf 8a4c 5066 5066 60e9 4886 50a6 58a7 6907 924a bb4d cbae c3ad c36d c38d d42f dc6f d44f d44f d44f d44f d44e cc0d cc0d d42e d42e cc2e cc2f cc2f cc0f c40e cc2f cc2f cc0f c3ef cbef c3ef bbee c40e c40e c3ee c3ef c3cf c3ee c3ce bbae bbae bbae bbce bbae bb8e b38e b38e bbad cc6e e52f e58f edd0 f5d0 f5d0 f5d0 edaf edaf edd0 edd0 edb0 edd0 edd1 edf1 ee11 ee32 ee73 ee53 ee53 ee53 ee54 ee54 ee53 ee53 ee53 ee34 ee34 ee34 ee14 f635 
8989 9189 8989 8989 8148 8169 8149 8149 8149 8169 7928 7928 70c7 68a7 68a7 6886 7085 9148 b22a cacb d34c dbcd e40e e44f ec8f ecaf eccf eccf ecef eccf ecce eccf f4ef f4ce ecae ec4d ec0c e3ac db2b caaa aa08 9987 9147 9147 9147 9968 a1e9 b26b bacd baef aad0 a2b0 a2b0 a2d0 b311 b311 9a4e 710a 68ea 81cd 9ad1 8a70 71ad 824f 7a0e 79ce 71ad 590b 71ce 7a0f 71ee 7a50 9333 7a71 618d 8292 82b2 7a91 93b4 ac56 71ed 69ac 8a90 48a8 4887 5088 50a8 58c8 60e8 5887 5087 5067 5047 5088 58c9 692a 718b 798a 91eb 91ca 7928 9a4d b370 a2cd b2ac 9187 9208 cbef cc2f a30d 60a6 5866 68e8 58a7 4846 4846 4846 60c6 b32c c36d b2ab b2cc c3f0 edd6 ee36 e636 d533 6187 4886 5067 5087 5067 5046 5046 7128 920b 8127 8927 9147 a1a8 b1e9 ba29 c26a ca8a d2ab d2cb dacc dacc daec db0c db0c e32d e36e db4d e36e e38e e3ae e3ae e3af e3cf e3ef e3ef e3ef e3ef e3ef e40f ec50 ec50 e450 e42f e42f ec30 e42f e40f e3ee e3ae db8d db4d d30c d2eb d2eb d2cb d2cc daec daec d2cb d2ab d2ab d28a d28a dacc db0d db6e e410 e471 ed34 f637 fed9 f6d9 f657 dcb1 d40f dc0f dbef dbcf dbaf dbaf d34e db4e d30d d30d d2ec cacb ba6a aa0a 8128 60a7 5087 50a7 58c8 60c7 6908 7148 7928 8168 8189 68c7 5846 5026 5887 89ea c3d0 dc93 c3f0 c410 bbaf 9a8d 5886 5066 58a8 5066 5087 60c8 7149 9a8b c38e c38d cbad c38d cbcd d44e d46f d46e cc4e d44f cc4e cc4f cc0e cc2e cc2e cc0e d42e cc0e cc0f cc2f cc2f cc0f cc0f c40f c40f c40f c40e c40e c40f c3ee c3ce c3ef bbce c3ef c3ef bbce bbce bbce bbae bb8e b36e b36d bbad cc2e dccf e550 edb0 f5d0 f5d0 f5d0 f5d0 edaf edaf edd0 edd0 edd0 edd1 edf1 ee12 ee32 f653 f653 ee53 ee53 ee53 ee54 ee33 ee54 ee54 ee54 ee54 ee34 ee34 ee34 ee34 
9189 9189 8989 8969 8169 8169 8169 8169 8169 8149 7928 7908 70c7 68a7 60a7 6066 7085 9148 b229 cacb d34b e3cd e40e ec4f ec8f ec8f eccf eccf ecef eccf ecce eccf f4ef f4cf ecae ec4d ec0c e3ac db2b caaa b1e9 a188 9147 9148 9168 9988 99c9 99ca a20b aa6e b2d0 aad0 b331 b372 b351 b311 8a0e 690a 690a 820e 820e 79ee 7a0e 8a70 8230 8230 612c 71ae 8250 71ef 618d 8ad1 82d1 69ee 61ad 8291 7a50 7230 93d4 ac77 7a2e 612b 92f1 510a 4867 50a8 50a8 58a8 58a8 58c8 58a8 58c8 58a8 58c9 58a8 694a 8a2d 79aa 7989 8189 89c9 b2ed cb4d b269 aa2a 8147 7927 81ca 7989 6908 5087 5087 60c7 58a7 4845 5086 60e7 81a9 c32d baeb baec bb2d d4f2 edf5 e5d3 d532 8aec 4885 4846 5067 5067 5067 5067 5066 7969 9a2c 8128 8907 9148 a188 b1c8 ba09 ca6a ca6a caab d2cb d2cb daec daec daec e30c db0c e32d e32d e36e e38e e3ae e3ae e3ae e3ae e3ce e3ce e3cf e3ef e40f ec0f e410 ec50 ec50 ec30 ec30 e430 e40f e3ee dbce e3ae db8d db4d d30c caab d28b d2ab daec db0c db2c d2cb d2ab d2ab d28b d28b d2cc db0d db4e e3cf e451 e4f3 edf6 feda fef9 f657 dcd2 d40f dc0f dbef dbcf dbcf db8e d34d d32d db2d d2ec d2ec caec b26b 99ca 70c7 5867 5087 5888 58a8 60c7 7129 7948 7948 8148 7928 7108 5866 5026 5866 8189 bb2f d452 cc11 c3f0 c3d0 ab0e 60e7 5887 58a7 4866 5066 6907 81a9 aacc cbae cbad cbad c38d cbce d44f d46f d44f d44f d44f cc2f cc2f cc2e cc2e cc0e cc2e cc0e cc0e cc0e cc2f cc4f cc4f c40f cbef c3ee c40f c3ef c40f c40f c40f c40f c40e c3ee bbee bbcf bbce bbae bbae bb8e bb8e b38e b36d bbce cc8e dd0f edb0 edd0 f5f0 f5d0 f5d0 f5cf edaf edaf edd0 edb0 edd0 edf1 ee12 f633 f653 f653 ee53 ee53 ee53 ee53 ee53 ee33 ee53 ee54 ee54 ee54 ee54 ee54 ee54 ee34 
9189 9189 8989 8989 8989 8989 8989 8969 8169 8169 7908 78e8 70c7 68a7 68a7 6045 7085 8927 b209 cacb d34b dbad e40e ec4f ec6f ecaf eccf eccf eccf eccf f4cf f4ef f50f f4ef ecae ec6e ec0c e3ab db2b caaa b209 9968 9127 8928 9148 9989 a1eb aa2d b2ae bb10 b28e aa4d aa8d b2ce b2ef a28e 714a 714b 79cd 820e 798c 716c 92b1 92d1 822f 694c 71ce 7a0f 718d 616c 69ce 9b74 71ee 50ea 594c 8ab2 7a30 69ee 93d4 ac76 8270 612b 82b0 71ed 4887 5088 58e9 5087 50c8 692a 6109 58a8 5067 5066 5087 60e8 81cc 60c8 89cb 818a 9a6b d3f0 cb6e aa4a 91a9 8169 926c 9aee 718a 58a7 4866 5066 58a8 5067 4045 6948 926b a2ac bb0c aa8a b2ab c3ae e553 dd53 bc2f bbf0 79ca 5086 4846 4866 5087 5046 5067 5866 7989 9a4c 8148 8907 9127 a168 b1c8 ba09 c24a ca6a d28b d2ab d2cb dacb daec daec db0c db0c e32d e32d e36e e38e e38e e3af e3cf e3cf e3ce e3ce e3cf e3ef e40f e40f e42f e42f ec50 e42f ec30 ec30 e40f e3ef e3ce db8e db8d db2d d2ab ca6b ca6a d2ab db0c db0c db2d db0c d2ec d2ec d2ab d2ab d2eb db0c db4d e3cf e451 ecf3 edd6 fed9 fef9 f677 e513 d3cf d3ae dbae dbcf dbaf db8e db6d d32d d30c d2ec cacb c2ab b26b 9189 6086 5087 5087 58c8 60c8 5887 68e8 7928 8189 8168 7948 68e7 5866 5026 6087 7928 ab0e d473 cc31 c410 cc11 ab4f 7169 60c7 5067 4866 5066 6908 922b b32d cbce cbce cbad cbad cbee d48f d46f d46f cc4f cc2f cc2f cc2f d42f cc2f cc0e cc2e cc0e cc0e cbee cbee cc0f cc0f cc0f cc0f cc2f cc2f c40f c40f c40e c40e c3ee c40e c3ee c3ce c3ce c3cf bbae bbae bbae b38d b36d bb6d cc0e dccf ed70 edd0 f5f0 f5f0 edcf edcf f5d0 edd0 edd0 edb0 edb0 edf1 f612 f632 f633 f673 f653 ee53 ee53 ee53 ee32 ee33 ee33 ee54 ee54 ee54 ee54 ee54 ee54 ee54 ee54 
91a9 91a9 8989 8989 8989 8989 8989 8948 8148 8128 7907 78e7 70c7 70a7 6086 6046 7066 8928 b209 cacb d34b dbad e42d e44e ec8e ecaf eccf eccf eccf eccf eccf eccf f4f0 f4ef f4af ec6e ec0d e3ac db2b caca b209 9967 8927 8928 9189 a20b aaaf c331 bb0f b28d aa2c b24d b26d b28e b28e 99ec 792a 796c 798d 8a0f 798d 79ce 9af2 92d1 71ad 718d 79ce 696d 694c 590b 82d1 9353 614c 50aa 61ad 9354 7a51 61ae 9394 a436 92f2 592b 720e 8ab0 50a8 5088 50a8 58c9 694a 696a 58c8 5087 4866 4846 60e8 7149 79ab 81cb ab2f 9a6b 89a8 b2cb c3ad cbee b32d 8a0a 81c9 7989 60e7 5066 4846 5087 5068 4847 50e8 a350 bbd0 bb6e b30d a28b a28b ab2d c410 c430 c471 b3d0 79ca 58a7 5066 5046 5067 5066 60c8 5886 7969 a26c 8988 8927 9147 9988 a9c8 ba29 ca6a ca8a d2ab dacc d2cb dacb d2eb db0c db0c e32d e34d e34d e36e e36e e38d e3ae e3ae e3ce e3ae e3ae e3cf e3ef e3ef e3ef e3ef e3ef e410 e410 e40f e40f e40f e3cf e3ae db6d db4d d30c ca6a c229 d26a dacb db2d db4d db2d e32d db4d db2d d2ec d2cb d2ab d2ec db2d e3af e471 ed13 f5d6 feb8 fef9 fe77 e4f2 cbae d3ae dbae dbaf dbaf db6e d34d d30d d2ed d2ec cacc baac a22b 7908 6087 5887 5887 58a7 60c8 58a7 7128 7948 8169 7948 8169 68e7 5887 5026 5866 68e7 a2ee cc52 cc71 cc30 cc30 b38f 7168 6107 5087 4866 5087 7148 a2ac bb4d cbce cbcd cbcd cbad d40e d46f cc4f cc4f cc4f cc2f cc2f cc2e cc2e cc0e cc0f cc0e cc2f cc0e c40e cc0e cc2f cc0f cc0f c40f cc2f c40f cc0f c3ee c3ef c40f c40f bbef c430 c3ee c3ef bbce bbae bbae bb8e b36d b36d bbad d46f dd0f ed90 edd0 f5f0 f5f0 edd0 edcf edaf edd0 edd0 edd0 edd1 ee11 ee32 ee32 ee53 ee53 f653 ee53 ee53 ee32 ee32 ee33 ee33 ee54 ee54 ee54 ee74 ee54 ee54 ee54 ee54 
91c9 91c9 91a9 9189 8989 8989 8968 8968 8948 8128 8128 78e7 70c7 68a7 6066 6046 7066 9147 b22a caeb d34c dbad e40e e46f ecaf ecaf ecaf eccf eccf eccf f4ef f4ef f4ef f4ef f4ae ec6e ec2d e3ac db2b caaa b1e9 9968 8928 918b a22d bb10 c350 baee aa4b aa2b b24b b26c b26d b28e b28e 91ec 796b 714b 714b 820f 79ce 92d1 9b32 824f 71ad 79ee 698c 696c 696c 510a 9b94 7a90 594b 48a9 618d 9334 8a92 616d 8b53 ac56 9b33 592b 594b 92f1 590a 58c9 612a 718b 58e8 58a7 5887 60e8 58a7 4846 5887 60e8 79a9 a2ed b32c a28a 68c6 68e7 8189 9a4c a28d 7108 5887 5067 4866 4846 4866 5087 4846 4846 8a8c cc92 d491 d450 cc50 c3f0 b3af b38f c491 d513 dcd1 a2cb 68e6 5025 5045 5066 5887 5046 5066 5866 7989 a26c 99ea 8927 9127 a188 b1e9 c22a ca6a ca8a d2cc d2ab dacc dacc dacc daec daec db0c e32c e34d e36d e36d e36e e36e e38e e3ae e3ae e3ce e3ef e3ef e3ef e40f e40f e40f e40f e430 e40f e40f e40f e3cf dbae e38e db6d d30c ca6a c22a d28b daec db2d e34d db2d e34d db4d db4d db2c d2cb d28a d2ab db0c e3ae e450 ed13 f5b5 fe57 feb7 f656 dcb1 d3ae dbce dbae db8e db6e db4e db4e d30d d2ec d2cc cacc ba8b 91a9 60c7 5066 5087 5087 58a8 60c8 60c7 6928 7128 7949 7948 7949 68c7 60a7 5046 6087 6086 9a6d cc52 d472 cc30 c3d0 b36e 8a0a 60e7 5066 4847 5066 7168 b2ec c38d d3cd d3cd cbad c3cd d42f d44f d44f cc4f cc4f cc4f d44f d44f cc2e cc0e cc0e cc0e cc0e cc0e cc0e cc0e c40e c40e c40f c40f c40f c40f c40f c3ef c40f c40f c3ee c3ee c3ee bbee bbcf c3cf bbae bb8e bb8e b34d bb6d c3ee d48f e550 edb0 f5f0 f5f0 f5f0 f5d0 edcf f5cf edcf edd0 edd0 edf1 ee32 f652 ee53 ee53 ee53 ee53 ee53 ee33 ee32 ee33 ee53 ee33 ee53 ee54 ee54 ee54 ee54 ee55 ee55 ee35 
91c9 91c9 91a9 8968 91a9 8988 8968 8988 8948 8128 8128 8107 7907 70c7 6886 6066 70a6 9988 b24a cacb d34b dbad e42e ec6f ec8e ecaf eccf ecaf eccf eccf ecef f4ef ecef f4ef ecae ec6e e42d e3cc d32b caaa b22a a1ca 99ec aaae b2ce bace b26c aa0a aa0a aa2b aa2b b26d baae b2af aa8f 898c 798b 692b 716c 822f 8a50 92b1 92d1 820e 79cd 716c 610a 58ea 698d 71ef 9b53 720e 592b 50aa 510b 92f2 8a92 618d 726f ac15 a3d5 618c 512a 9b73 7a2f 50c9 6109 6109 58a7 58a7 60e7 718a 60e8 4846 4866 58c7 6949 6949 6907 60c7 5067 50a7 6129 928e 9aee 81eb 58a7 5046 4846 4846 5087 4846 4026 50a7 b3d1 cc92 d4b2 dcd1 dcd2 d4b1 dcf2 dd12 dd53 d4b1 b34d 7967 5886 5045 4866 5087 5887 5887 5887 5886 7989 9a6c 91c9 88e6 9127 a988 b1e9 c22a ca6a ca8b d2ab d2ab dacc dacc daac dacc e2ec db0c e32d e34d db4d e36e e36e e38e e38e e3ae e3ae e3ae e3ce e3ce e3ef e3ef e3ef e3ef e40f e40f e40f e3ef e3ef e3cf dbae db8e db6d db2d ca6a ca4a d2ab daec db2c db0c db0b db0b db2c db2c db2c d2cb d28b d26a daeb e36d e3ef ecd2 f594 f615 f656 f5f5 d44f d3ae dbae dbae db8e db6e db6e d34d d32d cb0c caeb c2cc a22b 7928 5887 5067 5088 5087 58c8 60c8 60c7 7108 7928 8169 7928 8149 60a6 60a7 5866 6087 5866 922c c432 d492 d451 c3d0 b34e 922b 60c7 5087 4846 5086 8189 bb2d cbae cbcd cbcd cbad cbee d470 d46f cc6f d44f cc4f cc2e cc2e cc2f cc2f cc0e cc0e cc2e cc2e cc0e cc0e c40e cc2f c40f c40f c40f c40f c40f c42f c40f c40f c40f c3ee c3ee c3ee c3ef bbae bbae bbae bb8e b36e b36e bb8e cc2f dcd0 e570 edb0 f5f0 f5f0 f5d0 edcf edaf edaf edcf edd0 f5f1 f611 ee32 f632 ee53 ee53 f653 ee53 ee53 ee33 ee53 ee53 ee33 ee54 ee54 ee54 ee55 ee55 ee54 ee54 ee55 ee34 
99ca 99aa 9189 9169 91a9 8989 8989 8968 8969 8948 8107 8107 78e7 78e7 68a7 6886 78c6 9989 b24a caeb db6c dbad e40d e44e ec8f ecaf ecaf ecaf eccf ecaf eccf f4ef f4f0 f4cf f48f ec4e ec0d e3ac db2b cacb b24b aa0b a1ea 99ca 99a9 99a9 a1c9 a1c9 a9ea b20b b20b b24c bace b2f0 a26e 89cc 796b 68ea 718d 822f 824f 8ab0 9b11 8a6f 79ad 694c 58a9 5089 722f a3d6 8ad1 71cd 696d 58eb 48ea 8291 8ad2 69ef 724f a3f6 bcb9 7270 512a 9312 9b73 50c9 50a8 50a8 58e9 6109 60e7 81cb 60e8 4845 4887 50c8 612a 694a 6109 5088 5087 694a 8a8e 8a8e 7169 60c7 5066 5066 5086 4887 4867 4826 4046 698a ccb3 ccd2 d4f2 dd33 d512 dd33 dd53 dd32 d4f2 a32c 79a8 5886 4845 4825 5046 5887 5887 5867 5867 5866 79aa 9a6c 99ea 9148 9967 a9a8 b1e8 ba29 c26a ca8a d2cb d2ab d2ab dacb dacb dacc daec db0c e34d e34d e34d e36d db6d e38e e3ae e38e e3ae e3af e3cf e3af e3ce e3cf e3ef e3ef e40f e40f e40f e40f e3ef e3ef e3ce db8e db4d db2d d28b ca4a daec db0c db0b d2aa b1e8 a187 b1e8 c249 d2ab d2ab d2ab d28b daab daec db6d ec70 f553 f5d5 f5f5 ed33 d3ef dbce d38e dbae dbae db8e d34d d32d d30d d2ec cacc ba8c 9189 68a7 5867 5087 50a8 50a8 58c8 60e8 60c7 7108 7928 7948 7907 8149 6086 60a7 5866 5866 5866 81ca c411 d4b3 d472 bbaf bb8f 9a8c 58c6 5887 5067 60a7 91ea c34e cbce cbce cbad cbad cc0f d44f d46f cc6f cc4f cc2f cc2f cc2f cc2f cc0f cbef cbef cc2f cc0f cc0f cc0f cc2f cc2f cc0f cc0f c3ee c3ef c3ee c3ee cc0f c3ee c3ee c3ef c3ee bbee c3ee bbae bbcf bbaf bb8e b36e b34d bbae d48f e510 ed90 f5b0 f5d0 f5d0 f5cf f5cf edcf edaf edd0 f5f0 f612 ee12 ee32 ee32 f652 ee32 f633 f634 ee33 ee33 ee54 ee54 ee54 ee54 ee54 ee55 ee54 ee74 ee54 ee54 ee54 ee54 
8988 89a8 89a8 8988 8989 8969 9168 8968 8968 8127 8127 8108 7907 78e8 78c7 70a6 80e6 a1c8 ba8a cb0b db8d dbad e40e e46f e46f e48f ecaf ecd0 ecd0 ecb0 f4cf f4f0 ecef ecee ecce ec8d ec0d e38c db6c caec b24b a1eb 8948 9149 9149 9989 a1c9 a9e9 aa09 aa29 b24a b24b b28d b28f 9a0d 818b 898c 792b 81cd 820f 820e a312 b373 8a2f 71ac 612a 4888 48c9 8311 a3f5 7a2e 694c 71ae 610c 50eb 8251 8ad3 7a31 7a50 9b95 bcd8 8b31 4929 7a6e a3b3 5109 50a8 58c8 60e8 798a 7128 7969 60c7 4846 5067 4867 4846 50a7 612a 696c 60e9 8a4e ccb6 92ce 5087 4846 5067 5087 50a7 5087 4847 4846 4065 8acd d4f3 d512 dd53 e574 dd73 e594 dd73 ccf2 ab6d 6106 5886 5046 5046 5046 5066 5086 60c8 5887 5867 5866 7969 a26c 9a0a 9127 a188 b1c8 b1e8 c229 ca6a d28a d289 d289 d2aa dacb daeb dacb daec e30c db0c db0c db2c e36d e36d e38e ebae e3ae e3ae dbae e3ef dbce e3cf e3cf e3ef e40f e3ef e3ef e40f e40f e40f e40f e3ae e3ae db6d d34c caeb caaa daeb db0b db0c b209 80c6 7086 88e6 a188 b1a9 b9a8 ca29 d26a d28a caaa d32c e42f ecf2 f594 f574 dc91 dc0f dbae dbae dbae e38e db6e db4e db2d d2ec caeb c2cb aa6b 7107 5887 58a8 58a8 5087 5087 60e8 60c8 68c7 7928 8169 7948 7107 7968 60c6 60a6 60a7 5887 5866 796a bb90 d492 d472 b36e bbb0 9a8c 6108 5087 58a7 6907 a28b c38d d3ee d3ee cbed cbcd cc0e d44f d44f cc4f cc2f cc30 d42f cc2f cc2e c40e cc2e cc2e cc0e cc0e cc0f cc0f c3ee c3ee cc0f c40f c3ee c3ef c40f c40f bbcd c3ee c3cd c3ce c3ee c3ee bbee c3cf bbae bb8e b38e b36e b38d c3ee dc8f ed50 ed8f edcf edef f5ef f5cf f5d0 f5d0 edd0 edd0 edf1 f632 f632 f633 f633 ee53 ee33 e632 ee32 ee53 ee53 ee74 ee74 ee54 ee54 ee54 ee55 ee55 ee75 ee75 ee55 ee55 ee55 
9189 9189 9168 8968 9168 9168 8948 9169 9168 8947 8127 8107 7907 8127 78e7 78e7 8947 a9e9 c2ab d32c dbad e3cd e40e e46f ec8f ecaf eccf eccf ecaf eccf eccf f4cf f4cf f4cf ecaf ec6e ec2d e3ac db4c cacc b22a a1a9 9147 8927 9168 99a8 a1c9 a1e9 aa09 b209 b22a b24c aa6d aa6e 91ec 816b 91ed 794b 81ee 820e 822e a332 a2f0 81ed 718c 5089 4069 594c 9bb4 9332 616b 612b 8a71 616c 596b 720e 8ad2 7a30 7a70 9353 ac97 9bd4 596b 720e abf5 512a 4887 50a7 58e8 79aa 7128 7128 6908 58c7 4846 4867 4867 4867 50a8 716b 79ac 9a8f c413 8a2b 60a6 58a7 58a7 58c8 58c8 5087 4047 4046 50e7 ab90 cc71 d4b1 dd12 e594 dd94 e5d5 ddb5 c492 6127 5045 5046 5066 5066 5066 5886 58a7 58a7 60a7 5867 5866 7989 a2ad a22b 9147 a187 b1e8 ba09 c229 ca49 d26a d28a d28a d2aa daab dacb dacb daeb db0c db0c db2d db4d e36e e36e e36e e38e e3ae e3ae e3ae e3ae e3ae e3cf e3ef e3ef e40f e40f e3ef e40f e40f e40f e3ef e3ce e3ce e3ae db6d d30c caab d2ab dacb d2cb c24a a9c9 a189 a9ea ba2b b20a a9c9 b1a8 b9e9 ca6a d2aa db0c db8e e491 f554 ecf2 dc91 e450 dbef dbae db8e db8e db4d d34d d32d d30c d30c c2ac 99c9 6086 58a8 50a8 58c8 50a8 50a7 60e8 60a7 68e7 7928 8169 7907 7927 8169 60a6 6086 68c7 6086 5826 7108 b38f dcb2 d492 ab4d c3d0 9acd 6108 5066 6908 8168 aaec cbae d3ee d3cd cbcd cbcd d42f d42f d44f cc2f cc2f cc2f cc0f cc0f cc0f cc0f cc0f cc0f c40e c40f c40f cc0f cc0f c40f c40e c3ee c40f c40f c3ee c3ee c3ee c3ce c3ce c3ee c3ee c3ee bbce bbce c3ce bb8e b38e bb8e bb6d cc2f dccf ed70 edb0 f5d0 f5f0 f5f0 f5d0 f5d0 edd0 f5f1 edf1 f612 f632 f633 ee53 ee53 ee53 ee54 ee34 ee54 ee54 ee54 ee74 ee74 ee74 ee54 ee74 ee55 ee75 ee75 ee74 ee54 ee54 ee54 
8988 91a9 9189 9168 9168 9168 9168 9168 8948 8948 8127 8148 8128 8127 8127 8127 9188 b22a c2ec d34d dbcd e40e e42e ec6f ec8f ec8f eccf ecaf ecaf eccf eccf f4f0 f4f0 f4f0 f4af ec6e ec2d e3ac db2b cacb b209 a188 9147 9148 9988 99a9 a1e9 a9e9 b209 b22a b24b b26c b28e aa8f 91cc 91ac 91ed 712a 81ee 81ed 798c 79ac 8a2f 716c 694c 4869 592b 9333 9b73 8290 614c 698d 8a91 69ae 50ca 720f 9313 7a91 7a50 8b12 9bb4 ac76 720e 720e b415 61ac 4046 4847 5067 58a8 58a7 89eb ab2e 8a4b 58c7 5087 4887 4047 4067 48a8 826f 9b32 822d 58a7 5066 60e9 6908 60e8 58c8 60e8 6108 7169 922b b32e c3ae d42f d46f dcb0 dd11 e552 ccb0 92ab 5066 5047 5047 58a8 58a7 58a7 58a7 5886 5887 5887 58a7 58a7 81aa a2ad a24b 9167 a188 b1e9 c229 ca49 ca49 d26a d2aa d28a da8a daab dacb daeb daec db0c db0c db2d e34d e36e e36e e36e e38e e3ae e3ae e38e e3ae e3ae e3ce e3cf e3ce e3ef e3ef e3ef e40f e40f e40f e40f e3ee dbce dbae db8e db6e d2ec d28b d28b d2cb dacb dacc dacc daec dacb d2cb ca6a c24a ba2a ca6b ca8c d2cc dbaf ecd3 ed33 e4d1 dc90 dc2f dbef dbcf db8e db6e db4e db4e d30d cb0c caed aa4b 7928 60a7 58a8 58e8 58e9 50a8 50a8 6109 60c8 7108 7948 8989 7907 7928 8169 68a7 6066 68c7 60a7 5046 60c7 ab2e d492 d492 bbaf bbcf a30e 7189 5066 68e7 920b bb4d cbcd cbed cbed cbcd cbee d44f d46f cc4f cc4f cc4f cc2e cc2f cc0e cc0e cc0f cc0e cbee cc0f cc0f c40f c40f cc0f c3ef c40f c3ee c40f cbef c40f c3ef c40e c3ee c3ce c3ee c3ce c3ce c3ce c3ce bbae bb8e bb8e b34d bbad d46f e50f ed70 f5cf f5d0 f5f0 edd0 f5d0 f5d0 f5d0 f611 f612 f633 f653 f633 ee53 f653 ee53 ee53 ee53 ee54 ee54 ee54 ee74 ee75 ee74 ee54 ee54 ee54 ee74 ee54 ee54 ee54 ee54 ee55 
9168 9189 9168 8948 9168 9148 8947 8948 8948 8948 8107 80e7 8128 8128 8948 8948 9988 b24b caec d34d dbae e3ee e42e ec4f e46f ec8f e48f ecaf ecaf ecaf eccf f4ef f510 f4f0 f4cf ec6e ec0d e3ac db6c caeb b24a a1a9 9127 9148 9188 99a9 a1c9 aa09 aa0a b20a b22b ba8d baae aa8e 99ec 91cc 792a 690a 81cd 81ee 718c 718c 79ac 58e9 5068 58ea 7a70 9b53 8270 69ac 71ce 71ee 7a0e 698d 590b 71ef 9b33 7a50 69ef 8af3 8b53 b457 8af2 7a50 a3d5 7a6e 4067 4846 5087 60e8 5886 9a4c d430 b32c 81a9 5886 4046 4047 4067 50c9 92f1 8ab0 694a 5087 4846 718b 796a 89cb 8a2c 8a2c 9a6c a28d aacc aaab bb0c c34d bb4d cc10 d534 d534 822a 58a6 5066 5067 5067 6929 698b 616a 6109 5886 6086 5866 60c8 58c7 7989 aacd aa8c 99a8 a187 b1c8 c229 ca4a ca6a ca6a d2ab d2ab daab d2aa dacb daec dacb daec e30c db0c e32d e36d e36e e36d db8e e38e e38e e36e e38e e3ae e3ae e3cf dbae e3cf e3ef e3ef e40f e40f e3ef e40f e3ef e3ce e3ae e3ae db8e db2d d30c dacc d2ab daab e2cb daeb daeb e30b dacb d28a ca8a ca8c d30e d370 dc32 e4f4 ed54 e532 e4d1 dc70 dc10 dbef dbce dbaf d36e d34d d32d d30d d30d c2cc 99ca 68a7 58a7 58a8 58e8 58c8 50c8 58c8 60e8 68e8 6908 8169 89ca 7927 8168 8169 68c7 6086 68c7 6067 5046 5887 a2cd d473 d492 bb8e bbaf ab0e 79ca 5886 68e7 a28c c36d d3ce d3ed cbcd cbcd cc0e d44f d44f cc4f d44f cc2f cc2f cc4f cc0e cc0e cc0e cc0e cc0f cc0f cc0f c40f c40f cc0f cc0f cc2f cc0f c40e c3ee c3ef c3ef c40f c40f c3ee c3ce c3ce c3ce c3ee bbce bbae bb8e bb8e b38d c3ce d48f e52f ed90 f5d0 f5cf edd0 edd0 f5cf f5d0 f5f0 f611 f612 f633 f653 f653 ee53 f653 f654 ee33 ee53 ee53 ee53 ee54 ee75 ee75 ee74 ee74 ee74 ee74 ee54 ee54 ee54 ee54 ee55 ee55 
8968 9189 9189 9168 9168 9147 9168 9188 8968 8948 8107 8107 8148 8968 8968 9188 a1c9 ba6b cb0d d36e dbce e40e e44f e46f ec8f e48f ec8f ec8f ecaf ecaf eccf eccf f510 f4ef f4cf ec6e ec0d e3ac db6c caeb b229 a188 9148 9148 9188 99a8 a1e9 a1e9 a9e9 b20a ba6b c2ad ba8c ba8d 9a0d 710a 5888 60a9 79ad 820e 79cd 698b 692b 50a9 4889 7a0e 9b32 826f 612b 610b 79ee 79ef 696c 71ce 698d 71ee 8ad2 724f 7230 9334 82b1 a395 abb5 82d1 9b93 9332 50e9 4826 58a8 60e8 5887 924c d450 d44f b32e 5886 4026 3827 4067 71ec 8a4d 694a 79cc 58a8 58c7 81eb 924c 9a6c aace ab2f b3f1 c452 aaeb aa8a aa6a aa8b ab2d d4f3 ee36 b450 48a6 5067 5067 5067 5887 60e8 6969 6949 60c7 6086 5886 5846 5867 5887 81aa b2ee a24b 99c9 a187 b1e9 c24a ca4a ca6a d26a d28a d28a daab dacb dacb dacb dacb daec db0c e32d db0c e34d e36d e36d e36d e36d e38e e38e e3ae e3cf e3ae ebef e3cf e3cf e3ef e3ef e3ef e40f e42f e3ef e3ef e3ef e3cf e3cf dbae db8e db6e db6e db0d daec dacc dacb daeb e32c e32d d2ec caed d3b0 dcb3 ed75 e595 ed95 ed74 e513 e491 e450 dbef dbef dbcf db8e db8e d34d d32d d32d caec b2ac 7928 58a7 58a7 58a8 58c8 5088 50a8 58c8 6108 60c8 7108 8169 91ea 8188 8168 7928 70e7 68a6 68e7 6087 5867 5866 926b d472 dcb2 b38e bb8f a2cd 89eb 60c6 6907 aaed c38d d3ce d3cd d3cd cbcd d42e d46f d44f cc4f cc4f cc4f cc2f cc2f cc0e cc2f cc0e cc2e cc0e c40e c40f c40f c40f c40f c40f c3ee c40f c3ee c40f c3ee c40f c3ef c3ef c3ee c3ce bbce bbce bbce bbae bb8e b38e b36d b36d c3ed dcaf e54f edb0 f5d0 f5d0 f5d0 f5d0 edf0 edf0 ee11 f632 ee32 f633 f653 f653 ee33 ee53 f654 ee54 ee53 ee53 ee53 ee54 ee54 ee74 ee74 ee74 f674 ee54 ee54 ee54 ee54 ee54 ee55 ee75 
9168 9188 8988 8948 8947 8968 9168 9188 9188 8948 8128 8128 8148 8148 8968 99a9 a1ea ba8b cb0d db8e dbee e3ee e44f e44f ec8f ec8f ec8f ec8e ecae ecaf eccf f4ef f4cf f4ef f4cf ec8e ec2d e3cc db4b d2cb ba29 a1a8 9168 9148 9989 99a9 a1c9 a1e9 a9e9 aa0a b24b ba6c ba8c c2ef b2f0 712a 5888 5068 71ad 79ce 716c 694c 610b 58aa 69cd 9b73 826e 612a 50a9 60ea 71ad 79ce 612c 7a30 7a50 82b1 8af2 7a90 82b1 9333 720f 8291 ac16 8b12 9bf4 9b93 69ac 4887 5087 60e8 6087 89aa c3ae cbcd bb6e 60e6 4866 4067 5109 7a0d 58e8 6908 796a 81cb 922c 9a4c 9a6d a2ce b3b0 cc92 dd13 bbad 9a6a a24b a24b ab0d bc30 edf6 d513 69c8 4886 5088 50a8 58a8 58a8 60c8 60e8 6949 60e8 68c8 60c7 60a7 5887 5887 81ca ab0e 9a4b 99c9 a1a8 a9c9 c22a ca6a ca8a ca8b d2ab d2ab d2ab d2ab d2cb daeb dacb dacb daec db0c e30c e32c e34d e38e e36d e36e e36e e36e e38e e38e e3ae ebcf e3cf ebef e3ef e3ef e40f e410 e3ef e40f e3ef e3ef e40f e3ef dbae e3ae db8e e36e e34d db0d db0d db2d db6d e3cf ec51 dc10 d3af dc10 ed13 edb5 edb5 ed94 ed94 e533 e4b1 e450 dbef dbcf dbaf db8e d36e d32d cb2d cb0d c2ec a22a 60c7 58c8 58a8 5087 58c8 50a8 50c8 58c8 6109 6928 7128 89ea 81a9 7948 81a9 7928 70e7 68c7 7129 6087 5867 5867 8a0a c411 dc92 bb8e bb8f a2ac 920b 70c7 8188 b30d cbae d3ce d3cd d3ed cbed d42e d44f d44f cc2e cc2f cc2f cc4f cc2f cc2f cc0f cc0f cc2f cbee cc0e cc0f cc0f c3ef c40e c40f c40f c40f cc0f c3ee c3ee c40f c3ee c3ef bbef c3ef bbee bbce bbce bbce b38d b38e b36d bbad c40e dccf ed70 f5b0 f5d0 f5d0 f5cf f5cf edf0 f5f0 f611 f632 f632 f653 f653 f633 ee33 f654 ee53 ee53 ee53 ee53 f653 f653 ee74 ee74 ee74 ee54 ee74 ee74 ee54 ee54 ee55 ee55 ee55 ee75 
9189 9189 8989 8989 8968 9189 9189 9189 9168 8948 8948 8148 8107 8128 8968 99a9 a22a baac cb0c dbae dbee e40e e44e e46f ec8f e46e ec8e ecaf eccf eccf ecaf eccf f4cf f4f0 f4cf ec8e ec2d e3cd db4c d2eb b24a a1a8 9148 9168 9988 99a9 a1c9 a1c9 a9e9 aa0a b22a b24c c2ce d391 cb72 794a 5888 5889 718c 81ee 692b 716c 694d 698d 9b73 8af1 69ac 58ea 50a9 590a 698d 71ad 614c 71ef 7a50 8af2 82b1 82d1 8af2 8af2 69ce 720f b437 8b32 a3d4 a3b4 8ab0 58ea 5087 68e9 60c8 798a b2ee b2ed 99ea 68c7 5087 58e9 616a 50e8 4887 6129 8a6d a2ef a2ce a2ef ab30 bbd1 c492 dd34 cc51 926a a28b a24b b30e bbd0 d554 e5f7 8aac 58e7 50c7 58c8 58e9 58c8 58c8 60e8 60e8 6908 60c8 68e8 60c7 58a7 5887 58a7 79aa aaee a24c a1ea a1a8 b1e9 ba2a c24a ca6a d2ab d2ab d2ab d2ab daab d2aa dacb daeb daec e32d e30d db2d e32d e34d e36d e36d db4d e36e db6d e36e e38e e3ce e3ce e3cf e3ce e3ef e40f e410 e410 e3ef e40f e40f e3ef e3ef e3ef e3cf dbae e3ae db8e db8e db4d db4d db8d dbce e471 ed13 ecf2 dc0f dc30 ed13 f5b5 edb5 e594 ed94 e532 e4b1 dc30 dbef dbaf db8f db6e d34e cb0d cb0d caed bacd 8989 58c8 58e9 58c8 58a8 58a8 5088 50c8 58c8 6929 7128 68e7 89ea 89c9 7927 89aa 7928 70e7 68e7 7108 60a7 5867 5046 79aa c3d1 dcb3 bb8e b36e a2ac 89ea 7948 9a0a bb0d cbce d3cd d3cd cbcd cbed d44f d44e d42e cc2f cc2f cc2f d44f d44f cc0e cc0f cc2f cc2f cc0f c3ee cc0e cc0f c40f c40f c40f c40f c3ee c3ef c3ee c3ee c3ee c3ee c3ef bbee bbcf bbce c3cf bbce bbce b38e b38e bb6d bbad d44e dcef ed4f f5b0 f5cf f5cf f5cf f5cf f5f0 f5f1 f611 f632 f652 f653 f653 f653 f653 ee53 ee33 ee33 ee53 f653 f653 f653 ee74 f674 ee74 ee74 ee74 ee74 ee54 ee54 ee55 ee75 ee75 ee75 
9189 9188 8948 8948 8948 8968 8988 8968 8948 8948 8148 8127 78c6 8107 8948 99e9 aa2a baac cb2d db8e dbce e40e e42f e44f ec6e ec8e ec8e ec8e ecaf eccf eccf f4cf f510 f4f0 f4cf ec8e ec2d e3cc db6b d30b b24a a1a8 9148 8948 9188 99c9 99e9 a1ea aa0a b22b b24c c2ce cb71 cbb2 aacf 816b 60c9 60ea 71ad 7a0f 696d 79ce 8250 9312 9b52 69ac 612b 50c9 50ca 590a 696c 69ac 698c 618c 69ee 8270 7a6f 7a4f 8b12 9313 7a51 69cf abf6 8312 8b11 a3f5 9b32 79ee 694b 694a 79ac 798a 9a4c 9a6d 81cb 6929 692a 718b 58e8 4867 50a8 614a 9aef b390 b370 bbd1 cc72 ccd3 d533 dd54 9aab 9a09 99ea 9a2b bb8f dd13 e5d5 a3ae 5907 50c8 58c8 5909 6129 5909 60e8 6109 6108 6929 6909 68e9 60a8 60a8 5888 60c8 79aa a2ad a26c a22b a1c9 b1e9 ba2a c26a ca8b d2ab d2cc d2ac d2ab dacc d2cb daeb daec daec e32d e32d e34d e34d e34d db2d e34d e36e e34e e36f e38f e3af e3cf e3cf e3cf e3cf e3ef e3ef e3ef e40f e40f e3ef e3ef e3cf e3cf e3ef e3cf dbaf dbae e3ae db8e db6d db8d e3ce e430 ecf2 edb4 ed94 dc91 dc91 ed33 f5b5 edb5 ed95 ed94 e513 e491 dc30 dbaf db8f db8f db8f d34d d32d d34d c30d 9a2b 68c7 58a8 58c9 58e9 50c8 58c8 58c8 58c8 58e8 718a 7128 7127 91ea 89a9 7907 8989 7928 70e7 7128 6908 68e8 5867 5866 7148 bbb0 dcd3 bbef bbaf a2cd 8a0a 81a9 aaac c36d d3ce d3cd cbcd cbcd cbee d42f d46f d44f cc4f cc2f cc4f cc2e c40e cc0f cc0f cc0f cc0f c40e c40f c40f c42f c40f c42f c40f c3ef c3ef c3ef c3ef c3ee c3ee c3ef c3ef c3ee c3ee c3ae c3ae bbae bbae bb8e b36e bb6d c3cd d46e e4ef ed8f f5d0 f5cf f5d0 f5d0 edd0 f5f0 f611 ee32 f652 f673 f673 f653 f653 ee33 ee33 ee32 ee33 f653 f654 ee53 ee53 ee54 ee54 ee74 ee74 ee75 ee74 ee75 ee75 ee75 ee75 ee75 ee75 
8167 8988 8167 8147 8947 8947 8948 9168 8948 8948 8127 7907 78c7 78e7 8948 99c9 a22a bacc cb4d d3ae dbee e42f ec4f ec6f ec6e e46e ec8e ecaf ecaf ecaf f4cf f4ef ecef ecef eccf ec8e ec2d e3cc db6c caeb b229 a1a8 9168 8948 9169 99a9 a1a9 a9ca a9e9 a9ea b28c cb70 cbb1 b2ef 9a6e 818c 60c9 60ea 718c 718d 71ae 92b1 9b32 92d0 69ab 5909 50e8 50c9 50a9 58ca 696c 696c 696c 614c 698d 7a0f 71ad 71ce 8ad2 82d1 7a70 69cd 82f1 8b52 7ad0 abf5 9b32 8a70 694b 718c 8a0e 89cd 8a0d 89ec 81cc 6909 58c7 6149 50a7 4867 6129 92af c474 b3f1 bc11 cc72 ccb3 d4f3 dd54 c450 91e8 a22a 91c9 9229 ab6d e595 bc50 6146 58a6 5887 5887 5888 60a8 60c8 60a8 60c8 68e8 7128 6907 6928 60c7 60c7 5887 5887 7148 a2ce a26c a22b a1c9 b20a ba2a c24a ca6a d2ab caaa d2ab d2ca dacb dacb dacb daec db0c daec db2c db4d e34d e34d e34d e34d db4d db2c db4d e36d e36d e3ae ebce e3cf e3cf e3ae e3ae e3cf e3ef e3cf e3ef e3ef dbcf dbce dbcd dbee dbae dbae dbae e3ae db8e dbae dbce e470 ed54 f5d5 f5b5 e4f2 e4b1 e533 edd4 edd4 edb4 edb4 e533 e491 dc30 d3af d38e dbaf db8f db4e d32e d34e baed 7968 58a6 58e7 50c8 50c8 50a8 50a8 58a8 50a8 60c8 796a 7128 7928 91ea 8989 7928 8168 7107 70e6 7928 68c7 60a7 5867 5866 68e7 ab0e d4b2 c430 bbaf aacd 920b 9a2a aaca c38c d3ed d3cc cbac d3ed d42e d44f cc2f cc2e cc2e cc2f cc2f cc2f cc0f cc0f c40e c3ee c40e cc0e c3ee c40e c40f c40f c3ee bbce c3ee c3ef c3ef c3ef c3ef c3ce bbee bbee c40e bbed bbce bbae c3ce bbce bb8d b36d bb6d c3ce d46f e510 ed90 f5d0 edcf edcf edef f5f0 f611 f632 f652 f653 ee53 ee53 ee53 ee53 ee53 f633 f653 f653 ee32 ee53 ee73 ee73 ee73 ee54 ee74 ee75 ee74 ee74 ee75 ee75 ee75 ee76 f676 f676 
8168 8968 8947 8947 8948 8927 8927 8968 8948 8948 8107 80e7 78e6 8107 8968 91c9 a24a bacc cb2d d38e dbce e40f e44e ec6f ec8f ec8f ec8e ec8e ec8f ecaf eccf f4ef f510 f4ef f4ae ec8e ec2d e3cc db6b caeb ba49 a1a8 9147 9147 9168 9968 99a9 a9ca a9ea b22b c330 cb91 b2ce b2af a28f 714b 692b 692b 718d 71ad 92f2 a393 822e 6129 5909 696b 58e9 58e9 58e9 58c9 718c 612b 71ad 692b 696c 71ce 718d 71ce 8ab1 8ad1 71ce 71ce 720e 9b73 82d1 ac15 9b73 92d0 692a 716b 9acf 926e 79ab 714a 796a 5066 4846 60e8 60c8 6908 81eb b3b1 d493 bc10 c451 d4d3 d554 dd95 dd33 a2eb 9a4a 99e9 99e9 a28b c470 ccf2 69a8 4866 5086 58a8 60c8 5887 5886 60a7 6087 6086 68c7 7128 7148 7107 60c7 60c7 5887 5886 7128 a2ad a26c aa4b a1c8 b1e9 c229 c26a ca6a d2ab d28a d2cb daab dacb d2cb daeb dacb e30c e32c db2c db0c e34d e34d e34d e34d e34d db4d e34d e36d db4d e36e e38e e3ae e3ae e3ae e3ce e3ae e3ce e3ae e3ce e3ef e3cf dbae db8e dbae dbcf e3cf dbae dbce dbcf dbef dc30 e4b1 f594 f616 edd5 e533 dcd2 e553 f5f5 edf5 edb5 ed94 e512 e470 dc0f dbaf d38f d38e d36e d32d cb2d cb0d a24b 68c7 58a7 58c8 58e8 58c8 58c8 58c8 58a8 58c8 6108 7149 7108 7948 89ca 8989 7907 8989 7927 7907 7907 68a6 6086 5046 5046 60c7 a2ee cc72 c430 b38e a2ec 89e9 a28b b30b cb8d d3cc d3cc cbac d3ed d42e d44f cc2f cc2f cc4f cc2f cc2f cc2f cc2f cc2f c40f c40f c40f c3ee c40e c40f c3ee c40f c40f c3ef c3ce c3ee c3ef c3ee c3ee c3ee c3ee c3ee c3ee bbce bbce bbce bbce bbae bb8d bb6d bb6d c3ee d48e e550 edb0 edcf f5f0 f5d0 edd0 f611 f612 f632 f653 ee53 f653 f653 f652 f652 ee52 ee53 ee53 ee53 ee53 f653 ee53 ee53 ee54 ee74 ee74 ee75 ee75 ee55 ee74 ee75 ee75 ee55 ee76 ee76 
8948 8948 8948 8948 8948 8948 8127 8927 8927 8107 80e7 8108 80e7 8107 8948 99a9 a22a bacc cb4e d38e dbef dc0f e44f e46e ec6e ec8f ec8e ec8f ecaf ecaf eccf f4ef f4ef f4ef f4cf ec8e e44d e3cc db6b caea ba29 a1c8 8927 8927 9147 9989 9989 a1ca aa0b bace d3b1 b2ce aa6c baee a24e 70ea 710a 690b 79ae 822f 9b52 9b11 610a 50a8 50c8 79ed 616b 614b 610a 58ea 696c 610b 71ad 696c 614b 71ad 696d 71ae 7a2f 92f2 592b 698d 7a70 9b94 9353 9b93 9b73 9b52 71ac 716a bbb1 928c 6928 58a7 60a7 68e8 5887 60c7 798a 920b a26c b30e bbb0 c411 cc72 d513 dd95 e594 bbce 9a28 a22a 99e9 9a4a bb8f dd14 7a49 50a6 5067 58a7 5887 6908 68c7 60a7 60a7 6086 6086 68e7 7108 7928 70e8 6087 60a7 6086 5866 6907 9a6c 9a6c aa6c 99c9 a9c9 ba2a c24a ca6a d28a d28a d2ab dacb dacb daeb daeb dacb e30c e30c e30c e30c e34d db2d e34d e32d e32c e36d db4d e34d e36d e34d e36d e38e e38e e3ae e3ae e3ae e3ae e3ae e3ce e3ef e3cf dbae dbae dbae dbae dbcf dbcf dbef dbef dbef e471 e4d2 f5d5 f616 f5f6 ed54 dcd2 e533 f5f5 f5f5 edb5 ed94 e512 e470 dc10 d38e db8f db8f d36e d34d cb4e baed 8189 58a7 58a8 58a8 58a8 58c8 58c8 58c8 50a7 58c8 6909 7149 6908 8189 91c9 8168 7927 8968 7907 7907 7107 68c7 60a7 5867 5066 60e7 9acd cc31 cc30 b32d aaed 91e9 b2ec bb2c cb8d d3ac d3cc d3cc d3ed d42e d44e cc2e cc2e cc2f cc4f cc2f cc0f cc0e cc0e cbee cc0e cbee cc0f c3ef c3ef c40f c40f c40f c3ee c3ee c3ce c3ee c40f bbce c3ce c3ee c3ee c3ee c3ef c3ee bbad c3ae bb8d b38d b36d b36d cc0e dcae ed4f edaf f5f0 f5cf f5f0 edf0 f611 f632 f652 f673 f653 f653 f653 f633 f633 ee53 f653 ee53 ee53 f653 f654 ee53 ee54 ee54 ee54 ee75 f675 ee75 ee74 ee55 ee75 ee75 ee75 ee75 ee76 
8948 8128 8948 8128 8948 8128 8127 8107 8148 8128 8128 8108 7907 8128 8968 9189 a20a baac c30d cb6e dbef dc0f e44e e44e e46e ec8e ecae ecaf eccf eccf eccf eccf f4ef f4ef f4ef ec8e ec4d e3ec db6c cacb ba29 a1a8 9127 8928 9168 9989 9989 a1ca b28d c371 b2ce aa6d b28d bb0f a24e 68e9 710b 716c 8a70 92b1 9b52 8ab0 50c9 58a9 590a 612a 698c 69ac 614b 614b 698c 58ea 696b 79ed 696b 694b 718d 694c 71ee 92d2 614c 614d 720e 9333 9b53 9312 9311 9b32 928f 928d d432 89e8 58a6 60c8 5046 68e8 796a 89ab 922b a26c 9a4c aacd bbd0 c451 c4b2 d554 ddb5 ccb1 9a6a a22a 99e9 91e9 a32d d4d3 a34e 58c6 5086 5067 60c8 60a7 68e7 68e8 60a7 60c7 68c7 6086 68e7 7108 7969 7949 60c7 60a7 6087 5866 68e7 9a4c 9a4b aa8c a1ea a1a9 ba0a c24a ca8a ca8b d2ab daab dacb dacb dacb dacb dacb daec db0c e32d db0c e32d e34d e32d e32d e32d e34d e32c e32c e34d e34d e34d e36d e38e e3ae db8e e38e db8e db8d e3ae e3ce db8e dbae dbae dbae dbcf dbcf dbcf dbef dc0f e42f e470 e4d2 f5d6 f637 f5f6 ed54 dcb2 e513 f5d5 f5f6 edd5 ed93 ed12 e450 dbcf d36e db6e d36e d36e d36e c32e aaad 68e7 58a7 58a8 58c8 50c8 58c8 58c8 50a8 58c8 60e8 6909 6929 7128 8189 91a9 8989 8148 8169 70c7 7108 70c7 70e8 60a7 5887 5066 60c7 a2cd c410 d471 ab2d ab0d 9209 bb2d c34c d3ac d38c d3cd cbce d40e d44f cc2e cc2f cc4f cc2f cc2f c40f cc2f cc2e cc2e cc0f c40f cc0f cc0f c3ef c3ef c40f c40f c40f c3ef c40e c3ee c3ee c3ee c3ee c3ee c3ef c3ee c3ee bbce bbce bbae bbae b36d b36d b36d bb6d cc0e dcce ed6f edaf f5cf f5cf f5d0 f5f0 f632 f632 f652 f653 f673 f653 f653 f653 f653 ee53 ee53 f653 ee53 ee33 f653 ee53 ee54 ee74 ee75 ee75 ee75 ee75 f675 ee74 ee75 ee75 ee75 ee75 ee76 
8148 8148 8128 8128 8128 8128 8128 8127 8128 8128 7907 78e7 7907 8148 8968 91a9 9a0a b2ac c30d d36e dbcf dc0f e42e e46f ec8e ecae ec8e ecaf ecaf eccf eccf eccf f510 f4ef f4ef f48e ec4d e3cc db6c d2eb ba49 a1a8 8927 9127 9168 9989 99aa aa4c c370 bb2f aa2b aa2b bacd baef 9a2d 68ea 796c 81ee 820e 8a90 92f1 79ed 58c9 60ea 58e9 60ea 71ac 614b 696c 698c 614b 694b 614b 79ed 71ac 614b 696c 696c 69ac 824f 7a0f 612c 50ca 69ad 9312 a3b4 8b12 9312 abb3 b3d2 b34f 68e6 4845 58c8 5066 7149 a2ae aaee a2ad 9a4c 9a6c b32f bbf1 c472 ccf3 e595 dd13 9a8a 9a4a 91c9 99ea a2ac d4b2 abcf 50c6 5086 5066 5887 7149 7949 60c7 60c7 60a7 60a7 68c7 68a7 68c7 7108 8189 7949 68e7 6087 5866 5866 68c7 9a6c 9a4b a24b a20a a1a8 b1c8 c209 ca6a d26a daab daaa dacb dacb dacb dacb dacb daeb db0c e32c db0c e32d e34d e34d e34c e34d e32d db0d db0c e34d db2d e34e db4d db4d db6d e36e db8e db8e db6d db6e e3ae db6d db8e e38e db8e dbaf dbae dbaf dbef e3f0 e410 e451 e4f3 f5d6 ee17 f637 ed75 e534 edb6 f637 ee16 edd5 ed94 ed33 dc51 d38f d34e db6e d36e d34e d34e c2ee 89aa 5887 58a8 58a8 58a8 6109 5909 58c8 50c8 58a7 6108 6108 6908 7949 8189 8189 8168 7928 8149 70e7 7128 7108 68c7 6087 5867 5066 5887 9a8d c3f0 d472 ab2d bb6e 91e9 bb0d cb6c d38c d3ac d3cd cbed cc2e cc4e cc4f cc2f cc2f cc4f cc2f cc2f cc0f cc2e cc0e cc0e cbee c3ee c3ef c40f c3ef c40f c40f c3ef c3ef c3ef c3ef c3ef c3ef c3ef c3ef c3cf c3ef c3ce c3ee c3ae c3ae bbad b38d b36e b36e b36c cc2e dccf ed6f f5d0 f5d0 f5f0 f5f0 f612 f632 f653 f653 f653 f673 f653 f653 ee52 f653 f673 f673 f653 f653 ee33 ee53 ee53 ee54 ee74 ee75 ee95 ee75 ee75 f675 ee75 ee75 ee75 ee75 ee75 ee75 
8148 8127 78e7 7907 8108 8108 8128 8128 8148 8128 7907 8107 8107 8128 8127 91a9 9a0a b28c c32d cb6e dbef dc0f e44e e46f e46e ec8f ecaf ecaf eccf eccf eccf ecef ed0f ecef ecef ecaf ec4e e3cc db6c caeb ba4a 9988 9127 8928 9149 9189 a20b c330 c34f a24b aa0a b22a bacd b2ce 91ed 712a 79ad 692b 694b 92b0 826f 696b 58c8 610a 58e9 698c 696b 590a 616c 69ad 614b 71cd 79ee 71cd 71cd 698c 614b 698c 69ad 71ed 7a2f 7a0e 58eb 590b 71ed a3b4 9b74 8b32 a3f4 ac14 71cb 4846 4846 5087 7149 9aad bb4f cbf2 c433 b3b2 ab70 b3b1 ccd4 d534 dd95 dd74 b34d 9a49 a22a 9a0a aaac bbaf ccb3 69c8 48a7 50a8 5067 60c7 89ca 81a9 68e7 60c7 58a7 60a7 68c7 60a7 60c7 7108 7969 81aa 7128 6087 5866 6066 68a6 9a2b 9a2b a24b a22a 99a9 a9c8 b9e9 ca6a ca4a d28a daab dacb dacb dacb daeb daeb daeb db0c e32c e32d e32d db2d e34d e32c e32d db2c db0c db2c db2c e34d db4d db4d db4d db4d db6d db6d db4d db6e db4d db8d db8e db6e db6e db6e db6e dbaf dbcf e40f e42f e42f e44f e490 ecf1 ed52 ed73 edf5 edf5 ed94 ed53 e4f2 e4d2 ed12 ed13 e430 d34e d32d d32e d34e d36f cb4e aa8c 7129 5887 58a8 5087 58c8 5909 612a 50c8 58a7 58c8 60e8 68e8 7149 7969 81a9 89a9 8189 7928 8169 7948 7948 7928 7107 6086 5046 5046 5066 8a4c bbd0 d492 b36e bb4e 9a29 bb2d cb8c cbac d3ac d3cc cbcd cc0e d44e cc4f cc2e cc2f cc2f cc2f cc0e cc0e cc0e cc0e cc0f c3ee c3ee c3ee c40f c42f c40f c40f c3ef c3ee cbef c3ee c3ee c3ef c3ee c3ef c3ee c3ee c3ce c3ce c3ce bbae bbad bb8d b36d b34d b38d cc2e dcef ed70 f5b0 f5d0 f5f0 f611 f632 f652 f653 f673 f653 f653 f653 f653 f653 f653 f673 f673 f653 ee53 ee53 ee53 ee53 ee54 ee75 ee75 ee95 ee75 ee95 ee75 ee75 ee75 ee75 ee75 ee75 ee75 
8148 7908 78e7 78e8 7907 8128 8128 8148 8128 8107 8107 8107 8107 8128 8148 91a9 9a0a b28c c32d d38e dbef dc0f e44f e46f ecaf ecaf ecaf ec8f eccf eccf ecef f50f f50f f4ef ecef ecae e44d e3ed db6b caea ba49 a188 9128 9129 9149 99aa b2ce cb90 aa4b a1ea a9ea b22b bacd b2cf 89ec 692a 690b 5088 616c 92f2 92b0 698c 58e9 612a 590a 696c 614b 590a 614b 69ad 614b 71ad 8ab1 79ee 822f 7a0e 71cd 69ad 71cd 698c 69ac 8290 71ee 592b 612b 7a0e 828f 82d0 9bb3 a3d4 7ab0 48e9 4888 58a8 920b aaad b30e cc11 d535 ddb7 cd35 d535 e5f6 e5b4 e594 b3ad 9228 a24a 99c9 a26b b38f d4f4 8a8c 50a6 50a7 4867 5087 60c7 922a 91ea 60a6 60a7 5887 5887 68c7 68a7 68e7 7128 7968 8189 7128 6086 6087 6046 68c7 920b 91ea 9a0a a22a 9967 a9c8 b1e9 c24a ca6a d28a da8b d2aa daeb daeb daeb dacb daeb daec e30c db0c e32c e32c e34d e34d e34d e32d db0c db0c e32d db2d db2d db2d db2c daec db0c db2c db2c db4d db4d db6d db6d db6d db6d db6d db8d e3cd dbcd e3cd e3ad e38d e38d db4d e38d e3cf e3ef ec70 ecb1 ec30 e3f0 e3af e3af e410 e450 dbaf c2ec caed cb0e d36e d36e cb4e 91ca 60c7 58a8 58c8 50a8 58e8 58e8 58e8 58c8 58c8 58e8 60e8 6928 7169 7128 8169 8989 89a9 7948 8189 8189 7928 7928 7928 60a6 5046 5046 5866 81cb bbd0 d492 b34e b32d aa8a c34c cb8c d3ac d3cc d3ac cbcd d40e d44e d44f cc2f cc2e cc2e cc2e cc2e cc0e cc0e cc2f cc0f c3ef c3ef cbef c40f cc0f c40f c3ef c40f c40f c40f c3ee c3ef c3ef c3ef c3ef c3ee c3ee c3ce c3ce bbce bbae bbae bbae b36d b34d bb8d d42f dccf ed70 f5af f5d0 f610 f611 f632 f653 f673 f674 f653 f653 f653 f653 f653 f653 f673 f653 ee54 ee54 ee54 f654 ee74 ee74 ee75 ee75 ee95 ee95 ee95 f675 ee75 ee75 ee95 ee75 ee75 ee75 
8129 7908 70e8 70c7 7907 7907 7907 7907 8128 8128 8108 78c7 78e7 8107 8968 8968 99e9 baac cb2d d38e dbef dc2f e44f e46f ec8f ecaf ecaf ecaf eccf eccf ecef f4ef f510 f4ef f4cf ec8f ec4e e3ed db6b caca ba29 a188 8928 8928 9169 aa4c c370 b2cd a1ea a1ca a9ea b24b bb0f bb10 81cc 60c9 58a9 5089 79ed 7a2e 9af1 718c 58c9 612a 610a 694b 692b 58ea 58ea 592b 614c 616c 8ad2 8270 7a2e 8a90 824f 7a0e 71ed 69ac 616c 7a0e 92b1 71ad 590a 614c 7a2f 7a50 9353 9374 9353 7a4f 590a 79ab b330 a26d a2af bbf3 d535 e5d6 ee37 e616 e616 e594 cc2f 9228 a24a a209 9a09 aaec d4d2 abcf 50a6 5067 5067 5887 5887 6087 8189 89a9 6086 5887 5887 5886 68c7 68c7 68e7 7928 8169 8149 7929 6087 6087 5866 60c7 9a4c 91ea 9a0a 99ea 9167 a188 b1c8 c249 c249 d28a daab daab dacb daeb dacb daca dacb daeb e30b db0c e30c e32c e32d e34d e34d e34d e32d db2d e34d e34d db0c d2ea d2aa d2aa d2ca d2eb d30b d32c d32c db6c d32c db4c db4c db2c e32c db0b db0c db0c daeb daeb d2cb d2ab dacc e32d db2d e36e e3ae e34e db0d dacc daed db2d d30c ba6a b22a cacc d34e d38e cb6e b2ce 68c7 58a7 58a8 58a8 58a8 58c8 58a8 58c8 58c8 58c8 60e8 60c8 7129 7969 7128 8189 8188 89a9 8168 91ca 7928 7907 70e7 7928 60a7 5045 5066 58a7 79aa bbd0 d472 b34e b2ed aaab cb6d d3cd d3cc d3cd d3cd cbcd d42f cc2f cc2f d44f d44f cc2e cc0e cc2f cc0e c40e c40f c40f cc0f cbef c3ce c3ee c40f c40f c3ee c40e cc0f c40f c3ef c3ef c3ef bbef bbcf c3ef c3ce c3cf c3ce c3ae bbae bb8e b36e b36d b34d bb8d d44e e50f ed70 f5d0 f5f1 f632 f632 f653 f653 f673 f673 f653 f653 f653 f654 f653 f653 ee53 f653 ee73 ee54 f654 f654 f675 f675 ee75 ee95 ee95 ee75 f696 f696 ee95 ee75 ee95 ee95 ee95 ee95 
68c7 68e7 70e7 70e7 70e7 70e7 78e7 7908 8108 8107 78e7 78e7 80e7 8107 8968 91a9 91e9 aa8b c34d cbae dc0f e42f e46f ec8f ec8f ecaf ecaf ecd0 eccf ecd0 f4f0 f510 ecef ecee ecef ecae ec4d e3ec db6b d2ea b229 9988 8908 8929 99eb c310 c30f a20b 99a9 a1c9 aa4b baee cbb1 b310 818b 60a9 5868 60ca 79cd 58c9 79ed 71ac 610a 612b 592a 616b 698b 592a 590a 50ea 592b 698d 8af2 8af3 7a4f 8a90 8a70 8250 71ce 71ad 616c 594b 722e 8ad1 720f 69ae 8291 7230 82b1 9313 8270 8270 92f1 ab94 d476 b392 9b0f b433 d576 ddd6 ee57 ee16 e616 ccd1 9a49 aa6a aa4b 99e9 a2ab c411 d514 69c9 48a6 4887 50a6 58c7 5887 5866 7128 89aa 5886 5866 60a7 6087 60a7 68c7 7108 7108 7147 7947 8188 60a6 5866 5886 60a6 9a4c 89ca 91c9 a20b 9148 9968 b1c9 c209 ca4a ca6a ca8a daeb daeb daec dacb dacb dacb dacb dacb e30b daec db0c e32d e34d e36d db4c db6c db6c e36c e36c d2ea ba09 a966 a9a7 ba08 c269 caaa d2cb d2eb daeb daeb cac9 caa9 d2a9 d289 d269 d269 d269 d269 ca49 ca49 ca49 d24a daab daab e32c db2c c249 a9a6 a9a7 ba09 ba4a ba4a b209 ba4a caec d36e d38f c34e 9a0b 60a7 58a8 58a8 50a7 58a7 6108 58c7 58a7 58c8 58a7 6108 60c7 7148 7949 70e7 8169 8148 8168 8188 89a9 7127 68e6 70e6 7928 68c7 5866 5846 5846 7129 b34f d452 bb6f b32e bb2d cb8d d3ac cbcc d40c cbec c3cd d42f d44f cc4f cc4e cc2e cc0e cc2f cc0e cc0e cc0f cc2f c40e c40e c42f c40e c40f c40f c40f c40f c3ee c40f c40f c40f c3ef bbcf c3ef c3ee bbee bbed c3ee c3ee c3ce bbce bbae bb8e b34d b32c bbac d46e e50e ed6f f5d0 f611 f631 f652 f673 f674 f654 f674 f674 f674 ee53 f653 f673 ee53 ee53 f653 f653 f674 ee53 ee73 ee74 ee95 ee95 ee95 ee95 f696 ee75 ee75 ee75 ee95 ee95 ee75 ee95 f696 
70e7 70c7 70c7 70e7 7108 70e8 7908 8128 7907 7907 78e7 78c7 80e7 8948 8969 91ca a22a b2cc c32d d3ae dbee dc2f e44e e48f eccf eccf eccf ecef ecf0 ecf0 ecef ecef ecef f50f eccf ec8f ec4d e3ed db4b caca b249 9989 8908 91ab c371 bb50 a24c 9989 a1a9 a1ea c30e cbb1 d3f2 aacf 798b 60e9 610a 79cd 718c 5088 58e9 610a 610a 696b 592a 698c 71ad 590a 612b 58ca 590b 698d 9374 9394 8af2 8ab1 8250 8a91 8a90 79ee 71ce 616c 614c 7a2f 9312 92f2 92f2 618c 61ac 7a6f 71cd 694b 9a8e bb91 bb91 a30e b3d0 d514 ddb6 ddd7 e657 ee37 dd53 9aeb 9209 aa6b a20a 9a6b b3ef dd76 92ed 50a6 50a7 58a8 58c8 60c8 5867 5866 68e7 7969 68e7 5886 6086 6086 60a6 60c7 68e7 68e7 7128 7969 8189 68a7 5866 5866 60a6 920b 8188 89a9 9a2b 8988 9147 a9a8 ba29 c249 ca8a d28a d2cb daeb daeb daca daca daca daeb daeb daeb e32c e32c e32c db2c e34d db6d e36d e36d e36c e36c caca b209 a9a9 a9a8 a167 a147 a967 b1a7 b9c8 c1e8 c1e8 c208 ca28 ca29 b9e8 b9c8 b9c8 b1a8 a987 b167 b987 c1c8 ca09 d24a da6a da8b ca6a b9e9 b1c9 b1a9 ba0a c26c c28c c28b cacc d34e d38f d38e b2ed 7128 5087 58a8 5087 58a7 58c8 60e8 58a7 58a8 58a7 60c8 68c8 6908 7969 7148 7108 81a9 7948 8168 8989 89a9 7907 6886 68c7 8189 7148 5887 5867 5887 6929 a30e cc52 bbaf bb6e c38d cb8d d3cd d3ac d3cd d3ed cbed d44f cc4f d46f d46f cc2e cc2e cc2e cc2e cc2e cc2e cc0e c40f c40f c3ef c3ef c3ee c40f c40f c3ef c3ef c3ef c40f c40f c3ef c3ef bbce bbcf c3ee c3ee c3ee c3ce bbce bbae bb8e b36d b34d b34c c3cd dc8e e52f ed8f edd0 f611 f632 f653 f674 f674 f674 f673 f673 f673 f673 f653 f653 ee53 ee53 f653 ee74 ee74 ee74 ee74 ee74 ee75 ee75 ee75 ee75 ee95 ee95 ee95 ee95 ee95 ee95 ee95 ee95 ee95 
70e8 70c8 68c7 70c7 70c7 70e8 7907 7908 7908 78e7 80e8 80e8 7907 8948 89a9 91c9 a22b bacc c34d d3ae dbee dc2f e44e ec8f eccf eccf ecef ecf0 ecf0 ecef ecef f4ef f50f f50f f4ef ec8e ec4d e3cc db4b caab b22a 9989 9169 bacf cbb1 aa6c a1a9 9969 a1aa aa4c cb71 d3b2 c350 aa8e 794b 60a9 716b 718c 610a 58a8 5087 58e9 614a 69ac 614b 698c 698c 58ca 698d 612c 590b 616d 9b94 9374 9332 8270 8250 8a71 8a70 8a71 8270 79ef 69ad 71ce 82b0 a3d4 9312 614b 614b 69ad 58ea 716b 926e b330 bb2e c32d cb6d e492 f638 ee79 ee78 e5f6 cc71 9229 a22a 99e9 9a2a b36e d513 bc91 5927 50a7 5087 60c8 58a7 58a7 5886 5886 60c6 7128 7108 6086 60a7 60a7 68c7 68c7 68e8 7108 70e7 7948 89a9 7107 5866 5886 60a6 920b 8189 89a9 91ea 91a9 9168 a1a8 b1e8 c229 ca8a d2aa d2ca d2ca daea daca daca daaa dacb daeb daec db0c e32c db0c db2d db4d e36d e38e e38d e36d e34c d2eb ca8a ca8b ca6b c24a b9e9 b1a8 b9a8 b988 c1e9 c1e9 ca29 ca4a ca4a ca2a c22a c22a c22a ba0a ba0a c22a ca2a ca4b d28c daad dacd d2ce d2ce caae ca6d caad d30e d32d caec d34d db8e db8e cb6e 91c9 58a7 58a8 50a8 5087 58a8 60c8 58c8 5087 50a7 58a7 60c8 68c7 7148 7149 68e7 70e7 89ca 8168 8168 8168 89a9 7907 6886 68a7 81aa 7949 58a7 5067 5887 6908 9aac d431 c3cf bb6e cbce cbad dbed d3cc d3ed d3ed cbed d44f cc4e cc4f d44e cc2e cc2e cc2e cc2e cc0e cc2f cc2f c40e cc0e c40f c40f c40e c40f c40f c3ef c40f c40f c40f c40f bbef c3ef bbce c3ee c3ef c3ef c3ee c3ce bbce bbae bb8e b36d b36d b34c c3cd dc8e e52f f5b0 f5f1 f632 f652 f673 f674 f674 f674 f673 f653 f674 f653 f673 f653 f653 ee53 f674 f674 ee54 f674 f674 ee74 ee75 ee75 f675 ee75 ee95 ee95 ee95 ee95 ee95 ee95 ee95 ee75 ee75 
60c7 68e8 68e7 70e8 70e7 70e8 70e7 7908 7927 7907 78e7 78e7 8107 8969 91eb 91ea a22b bacc cb4d d3ae dbee e42f e46f ec8f eccf eccf eccf ecef eccf ecef ecef f50f f50f f50f eccf ec6e ec2d e3cd db4c cacb aa2b a1eb b2ef cbd2 b2ad 99a9 9168 9989 a1eb c2cf cb91 c330 b2ef 9a6e 796b 60e9 716b 610a 692a 58c9 50a8 6109 60e9 6109 5909 698c 698c 58ea 71ce 698d 590b 616c a416 a3f6 9333 7a0f 8250 8271 7a30 7a30 8ab1 8ab1 8a70 822f 8270 8ab0 8a70 7a2f 616c 71ce 698d 8a2e bb2f d3af db6d db0b d30c d3ae f637 f6d9 ee37 d533 ab0c a24a a22a 9a0a b34d dcd3 d4f3 69e8 50a6 58a8 58c8 60c7 60c7 58a7 58a7 5086 60c7 7108 7108 60a6 5887 5887 68e7 68e7 68e7 7108 68e7 7128 8189 7128 5866 5887 60a6 8a0b 8189 89a9 89c9 8988 9168 a1a8 b1e9 ba09 ca69 ca8a ca8a d2aa dacb d2aa d2aa daaa dacb dacb dacb e30c e30c db0c db0c db2c e38d e38e e3ae e38d e36d db2c db0b dacb dacb daab da8b d26b d24a d24a da4a da4a da6b daac daac e2cd dacd e2ee e30f daee daee db0f e310 e351 e3b2 ebf3 e413 ec33 ebf2 db4f daee d2ee d34e db6e db8d db6d dbae d36e b2ac 68e6 5887 58a8 50c8 58a8 58c8 6109 58a8 58a8 58a8 58a8 60e8 6908 7949 7108 68e7 7928 89ca 8148 8188 8189 89aa 7948 68a7 68e7 89ca 7989 58a7 5887 5887 68e8 926b cc31 cbf0 bb4d d40e cbad dbee d3cd d3cd d40e cc0e d44f cc2f cc2f cc2e cc4f cc0e cc2f cc2f cc2f c40f cc2f cc0f cc2f cc2f c40f c40f c3ef bbef bbef c3ef c40f c40f c3ef c40f bbef c3ef c3ef c3ee c3ee c3ee c3ee bbce bbae bb8e b36d ab4d b34c c3ed dcaf ed50 f5d1 f612 f632 f673 f673 f673 f674 f674 f673 f674 f673 ee73 f674 ee73 ee73 ee74 ee74 ee74 ee74 ee74 f675 ee75 ee75 f675 f695 ee95 ee95 ee95 ee95 f675 ee75 ee75 ee75 f675 ee75 
68e8 68e8 6908 70e8 70e7 70e7 70e7 7908 7907 78e7 78e7 78e7 8148 8989 89ca 9a0b a24b bacd cb4e d3ae dbee e42e e46e e48e eccf eccf eccf ecef ecef ecef ed10 ed0f f510 f510 eccf ec6e e42e e3ee d34d c2ac b26c c30f d3f2 b2ee 99ca 9149 9169 998a b28d cb50 cb70 b2ce b2ae 9a2d 81ac 692a 694a 694a 79ac 58c9 60e9 58a8 50a8 50a9 50a9 71ad 718d 60ea 698c 71ce 50ea 598c ac77 a436 9312 696d 69ad 722f 8291 8291 8a90 824f 7a2e 7a2e 7a2e 614b 616c 8ab0 720f 7a0f 8a91 a311 c390 e3f0 e36d db0b d2ec c2cb e533 fe78 e574 b3ce 9a49 a26a a26b b34d d4d1 dd34 92ed 50e7 50c8 58c8 60e8 60e8 60c8 58a7 58a7 5066 60c7 68e7 68e7 68c7 5886 6087 68c7 7128 7108 7108 68e7 70e8 7969 7148 60a7 5887 60c7 89eb 8189 8168 89a9 89a9 9189 9988 aa09 ba09 ca6a ca6a ca8a d2aa d2aa d28a d2aa d2cb d2ab d2cb dacb daec daeb db0c db2c db4d e38e e38e e38e e36e e36d e38e e34c db0b daeb dacb daaa daaa daab e2ab e26a e24a e26b eaac e2cd e2ee e2ee e370 ebf2 ec53 ec94 ec94 ecd5 e4b4 f556 ed76 ed96 f555 ec73 db70 db0e db2e d36e d3ae dbae d36d d36d c30d 8189 60a6 5887 58a8 58c8 58c7 60c7 60c8 58c8 58a8 58a7 58a7 68e8 68c7 7108 68c7 68e7 7948 89ea 7968 8168 8989 898a 78e8 70c7 70e7 81a9 81a9 5886 5867 5887 68e8 8a2b cc32 d451 bb6d dc0e cbac dc0d d3cd d3ed d40e cc0e d44f cc4f cc4f cc2f cc2e cc0e cc0e cc4f cc2f cc2f cc2f cc2f cc2f cc2f c40f c40f c40f c40f c3ee c40f c40f c3ee c3ee c3ee bbee c40f c40f c3ee c3ce c3ee bbce bbce bbae b38e b36d b34d b34c c3ed dcaf ed70 f5f1 f632 f673 f673 f674 f673 f673 f673 f673 f673 f673 f674 f674 f674 f674 ee74 f674 ee74 f675 ee75 f695 f675 ee75 ee95 ee95 ee95 ee95 f695 ee75 f675 ee74 f674 f675 f674 ee74 
60c7 68e7 68e7 68c7 7108 70e7 78e8 7908 7908 8108 78e7 78c7 8128 8989 89c9 9a0a a22b b2ac c32d d38e dbee dc0e e44e e46e ecaf eccf ecef ecef ecef ed0f ed0f f50f f50f ecef eccf ec8f e44f e3ef d32e c2cd c350 cbb1 bb0f 91a9 8948 9168 9989 99ca baee d3b2 b2ae aa6d b28e 9a2d 81ac 712a 6109 79cd 8a6f 614a 6109 5087 5088 5089 50a9 79ee 79cd 610b 614c 8250 50ca 618d b4b7 a456 8b12 616c 590b 69ce 7a71 82b2 8af2 8291 71ee 820f 79ee 612b 612b 7a0e 8a91 8a91 9b33 a352 bb51 dbd0 e38d db0b caab bacc dcf3 f617 c40f a28a a26a aaab c36d dcb1 e552 b40f 6148 50e8 5909 58e8 60e8 58c8 60c8 58a7 5887 5887 5886 68c7 68e7 68e7 60a7 5886 60a7 68e7 68c7 7108 70e7 7108 7949 7949 60a7 6087 68c7 81aa 8169 8168 89a9 89a9 8127 8947 a1a8 b1e8 c229 ca69 ca6a ca6a d2aa ca8a d2aa d2ab d2ab d2ab dacb dacb dacb daec db0c db2d e36d e36d e36d e36d e36d e38d e36d db0c db0c dacb daaa daab daaa e2ab e2ab e26b da6a e28b e2ac e2cd e32e ebb0 ec10 ec51 f4d2 ecd2 f4f3 e491 f513 ed34 f574 f534 ec32 d34f d32f d34f d38e dbcf dbae d36d cb4d a24b 60a6 58a7 5087 5087 58a8 60c8 60c7 68e8 5887 5087 5086 60c8 68e7 68e7 68c7 68a7 68e7 8169 920b 7927 8968 8989 8969 78c7 68a6 7928 7968 89cb 60a7 5867 5887 68e8 8a2b d452 d451 c3ae d40e d3cd dc0e d3cd d3ee d40e cc2e cc6f cc4f cc4f cc4e cc4f cc2f cc2f cc2f cc0e cc2e cc2e cc4f c40f cc2f c40f c42f c42f c40e c42f c3ee c40f c3ee c3ee c40e bbee c40f c40f c3ee c3ce c3ef bbce bbcf bbae b38e b36d ab2d b34c cc0e dccf ed70 f5f1 f652 f673 f674 f674 f673 f673 f673 f673 f673 f674 ee74 ee74 f674 ee74 ee74 ee74 ee74 ee74 f675 f695 f695 f695 f695 f695 f695 ee75 ee74 ee74 ee74 f674 ee74 f674 f673 f653 
60c8 68e8 68c7 68c7 70e8 70e7 70e7 7907 7907 7907 78c7 70c7 7908 89a9 91ea 99ea a20a b2ac c30d d38e dbee e40e e44e e46f e48f eccf eccf ecef ecef ecef f50f ed0f f510 eccf eccf ec90 e471 dc53 c391 c351 c391 b2ce 8969 8908 8928 9149 918a aa6d c370 cb91 aa4c aa4c a24d 91ed 714b 718c 696b 9af1 9af0 696a 5087 5067 58a9 5089 614b 8270 718c 694c 592b 8250 612c 69ce b4b8 a436 9333 69ad 50ea 698d 71ef 71ef 7a90 8b13 8ad1 8270 79ee 698c 696c 71cd 822f 826f a3b4 a393 b392 d3f2 db4e cacc bacc d451 e5b6 dd54 9229 aa6b b2eb cbad e4b0 dcb0 bbee 7187 50c7 58c8 58a8 58c8 58e8 60e8 60e8 60c7 58a7 5887 5887 60a7 68e7 68c7 60c7 5887 60a7 68e8 68e8 70e8 7107 7128 7968 7949 68c7 6086 68c7 7949 7969 8168 89a9 89a9 7907 9168 a1a9 b1e9 ba09 c249 ca6a ca6a ca8a ca8a ca8a d2aa d2aa d2aa d2aa dacb daeb d2cb daec db0c db4d db4c e36d e36d e38d e38d e36c e34c e32c db0c d2cb daab d28a da8b daab daab e2cc e28c e28b e28c eacd eb4f eb6f eb8f ebd0 ebf0 f3f0 ebb0 eb6f eb90 ebf1 ebf1 e370 d30e db6f d36f dbaf dbaf d38e d36e baed 7927 5886 5087 50a7 5087 58a7 60e8 60a7 60a7 5887 5887 5866 60a6 60c7 7149 60a7 5866 68e7 8169 9a2b 8148 89a9 91ea 8189 7928 70e7 7128 7988 89ea 60a7 60a7 60a8 6908 8a0b cc32 cc51 c3ef d3ee d3ed dc2e d3cd d40d cbed cc0e cc4f d46e cc4e cc4e cc4f cc4f cc6f cc4f cc2e cc2f cc2f cc2f cc2f c42e cc4f c42e c40f c40f c40f c42f c40f c3ee c3ee c3ee c3ef c40f c3ef c3ee c3ee c3ee bbce bbce bbae b38d b34d b34d b32c cc0e e4ef edb0 f632 f653 fe93 f693 f694 f694 ee73 f674 f674 f673 f674 f674 f674 f674 f694 f694 f674 f674 f674 f674 f695 f695 f675 f694 f694 f674 ee74 ee73 ee73 f673 f653 ee53 ee53 f633 f653 
68e8 68e8 68a8 68c8 70c7 70c7 70c6 78e7 78e7 78e7 70c7 70c7 7928 8989 91c9 99ea a20a ba8c c30d d38e dbce dc0e e42e e48f ecaf eccf ecef ecef ecef ed0f ed0f ed0f f510 f510 ecd0 e490 e491 e4b3 dc72 c3b0 b2cd 99ea 8107 8107 8928 9169 99cb bb0f d3b2 baef aa2c aa4c a26d 818b 690a 716c 71cc ab93 8a6f 612a 58c8 58a8 50a9 4889 696c 8a70 694c 79ce 696c 71ee 69ce 7a70 b4d9 93d5 8b32 8ad2 614c 616c 71ee 720e 616c 7a4f 9b54 8ab2 8270 8270 720f 7a0f 8270 8290 abf5 b415 b3b2 d3f2 db70 c2ac bb2d f555 f5f7 b3af 9a4a bb0c d3ee dc6f f573 bbee 79e9 58c7 58e8 58e8 58c8 58c8 60e8 6909 60e8 60c8 58a7 5887 58a7 60c7 60e8 68e8 60e7 60c7 58a7 60c7 7128 6908 68e7 7108 7949 7949 68e8 6087 60c7 796a 81aa 7948 89a9 8189 7107 8968 9988 a9e9 ba0a ba2a c24a c26a ca6a ca6a ca6a ca8a caaa d2ab d2cb d2cb d2ec d2ec d2cc d2ec db2d e34d e34d db4d e36d e36d e36d e32c e34c db0c db0b db0c d2aa d2aa d2aa d2aa dacb e2cc e2ab e28b e2ac eb0e eb0e eb2f eb4f eb70 eb70 eb50 eb2f eb2f e34f e34f db0f db2f db6f dbaf dbcf dbae d36d cb2e 9a0b 68c7 58a7 50c8 50c8 50a7 50a7 60e8 60a8 60c8 58a8 58a7 58a7 60c7 68c7 7128 60a7 6087 70e8 8169 920b 7927 8168 91ea 8989 7928 7928 7928 7928 8a0b 60c7 60a7 60c8 6908 8a0b cc32 cc51 cc0f d40e d3cd dc2e d3ed d3ee cc0e cc2e cc4f cc4f cc4f cc6f cc4f cc4f cc4f cc4e cc2e cc2e cc2f cc2f cc2f cc2f cc2f c42f c42f c40e c42f cc2f c40f c40f c3ee bbee c40e bc0f bbef c3ef c3ef c3ef c3ef bbce bbae b38d b34d ab2d b34d cc0e e4d0 edd1 f632 f673 fe94 fe94 fe74 f674 f674 f693 f673 f673 f674 f674 f675 f674 f675 ee95 ee95 f695 f695 f695 f6b5 f695 f674 ee74 ee74 ee74 ee73 ee53 ee53 ee53 ee52 f652 ee32 ee32 f652 
60e7 60c7 60c7 68e7 70e7 70c7 70c7 70e7 70c7 68c7 70c7 70c7 7928 8989 91c9 9a0a 9a09 aa6a c32c d38d dbee e42e e44e ec8f e48f ecaf ecef ecef f4ef f4ef f510 f510 ed0f ed0f ecf0 e490 e450 e410 dbae cb0d aa2a 9168 8908 8908 9149 91ab b2cf d3f3 bb2f 9a2b a22b aa8d a26e 714b 690a 58ea 722d abf4 7a0c 58a8 5088 58c9 50a9 58ea 69ed 7a4f 592a 71cd 79ce 71ce 71ef 9353 b498 8312 7ab0 a395 7a10 696e 7a30 8a91 594b 596b 7a8f 9352 9312 92d2 8af2 9354 9313 7a6f a393 c475 cc55 c3b2 d371 b28b bb4c ed33 e554 a30c b30c d3ce e4cf f571 dcf1 92aa 5907 58e9 5909 58e9 5909 60e9 58e8 6108 6108 6108 58c8 58a7 60e8 60e8 60c8 58a7 60c7 60c8 60c8 68c8 68c7 7128 68e7 6927 7168 7168 68e7 60a7 60c7 798a 89a9 7948 89a9 8168 78e7 8128 9168 a1a8 aa08 b228 ba49 ba69 c249 ca69 ca6a ca8a ca8a caaa d2cb d2ab d2ec d2ec db0c db0c db2c db2c db4c db4d db4d db4d e36d e34d db2c db0c db0c daec daeb dacb d2ab dacb d2aa d2aa daaa daab daab e2ac eb0d e30d e2ed eb2f eb2f eb0f eb0e e2ce e2ed daed d30d d38e dbcf d3ae dbae d38e cb4d bacc 8169 5887 58a8 58a8 58c8 58a8 58c8 6109 58c7 58c7 6108 58c7 60e8 60c7 68c7 7128 60a7 6086 70e7 8989 91ea 7907 8168 91ea 8168 7968 7927 7107 7927 920b 60a7 60c8 58a8 60c8 8a2b cc11 d471 cc2f d40f d3ee d42e cc0d cc2d cc2e cc4e cc4f cc6f cc4f cc2e cc4f c40e cc2f cc4f cc2f cc2f cc4f c42e c42e c44e c42e c42f c42f c42f c42f c40e c40e c40f c40f c3ef c3ef c3f0 bbef bbce bbee bbcd c3ce bbce b38e b3ae b36e ab2c ab2c cc0e e510 f5d1 f632 fe94 feb4 f693 f693 f694 f694 f673 f674 f674 f674 ee74 f674 f694 f695 f695 f695 f695 f695 ee94 ee94 ee94 f694 ee53 f653 f653 f653 ee32 ee32 ee32 ee32 f632 f632 ee32 ee33 
60c8 60c7 60a7 68a7 68a7 68a7 70c7 70c7 70c7 70c7 68a7 70c7 7907 91a9 99ea 99ea 99e9 b26a c30c d36d dbcd dbee e42e e46f ecaf eccf ecef ed0f ecef ecef ed0f ecf0 f510 f4f0 ecd0 ec90 e42f e3ee d34c c2cb aa09 9968 8928 8108 8929 99eb c370 c391 aa6d a22c aa4c b2ce 922d 712a 60c9 58ea 82cf b435 71cb 5087 58c8 58c9 4888 592b 8270 7a2f 58ea 590a 71ce 71ef 6a0e a3f5 ac77 8312 69ee 9333 9334 7a30 82b1 9333 71ce 614c 594b 722f 9b74 82f2 9373 9373 9b52 92f1 8a8f b3d3 d4b5 bb70 cb91 b2ae bb6f e515 e535 bbce d42f e48f ed71 e532 9acc 6928 58e8 5909 5909 5909 58e9 58e9 6109 6109 6108 694a 58e8 58e8 6108 60e8 60e9 60c8 58e8 6109 6108 6908 60e7 7128 7128 6908 7169 7969 7149 68e8 60c7 7148 8189 7127 81c9 81a9 7927 8128 8968 9968 a9c9 b1e9 ba09 c229 c229 c249 c26a c26a caab ca8a caaa d2cb d2eb d2ec d2eb d2ec db2c db2c db2d db4d db4d db2d e36d e34d e34d db2c db0c db0c daeb daeb d2cb daec d2cb d2ab d28a d26a d28a da8a dacb daab dacb e2ec e2cc daab daab da8b d2cc db2e dbaf dbcf dbae d38e d3ae cb6d bacc 91a9 7128 5886 50a7 58a8 5087 58a8 58a7 60c8 5886 60c8 60e8 60c7 68e8 60c7 68e7 68e8 68c7 6086 7107 89a9 89a9 7927 8168 91ea 8148 8989 7908 70e7 7947 922b 68e7 6087 60a8 60c8 89ea c3f0 d471 cc0e d40e d3ed dc2e d3ed d42e cc2e cc2e cc4e cc4e cc4e cc4e cc4f cc2f cc2f cc4f cc4f cc4f cc4f cc2e c40e c42e c42e c42e cc2f c42f c40f c42f c42f c40f bc0e bbef c3ef bbef bbef bbcf bbcf bbae bbce b3ae b38d b38d ab4d ab0c ab4c cc0e e510 edf1 f653 f694 f694 f6b4 f694 f694 f694 f694 f694 f694 f694 f694 f694 f6b5 f6b5 f695 f695 f695 f674 f674 f694 ee73 f673 ee52 ee52 f652 ee32 ee32 ee32 ee32 ee52 ee53 ee53 ee53 ee53 
6129 60e8 60a7 68a7 68a7 68a7 70c7 70e7 70e7 68c7 70c7 70c6 8128 91c9 9a0a 99c9 99a8 b24a c2eb d34d d3ad dbce e42e e44e e4af ecef ed0f ed0f ecef ecef ed0f ed0f f50f f4ef eccf ec8f e42e e3cd db4b cacb b209 9988 8108 8109 8129 a26d cbf3 b2ef a20b a22c aa6c aa8d 81ab 60c9 60e9 612b 8af0 b414 698b 5067 58c8 58c9 4868 616c 826f 698c 58ea 50aa 614c 720f 724f b478 b498 9353 618d 7a30 9b95 8af2 8b12 9b53 7a0e 614c 696d 592c 7290 9bf5 9bd5 8af1 8aaf ab72 7a2d 92d0 bbb3 a2f0 cbb2 aaef bbf1 e596 ed54 cc2e e4af e4af fe14 ab8c 6948 58e8 58e9 58c8 58e9 6109 6109 6108 60c8 68e8 6908 60c7 58a7 58a7 60e8 6108 60c7 60c8 58a7 60e8 6908 7108 68e7 6908 7128 7107 7128 7128 7108 60c7 60c7 6908 7989 7128 81a9 81a9 7107 7908 8128 9148 9988 a9c9 b209 ba29 ba09 ba29 c249 c24a ca8a ca8a ca8a d28a d2ab daeb d2eb d2cb db0c db0c db2d db2d db2d db4d e36d db4d db4d db4d db0d db0c db0c daec daec daec dacb dacb d2ab d2aa d28a d26a d26a d26a d28a ca6a d26a d26b d28b d2cc d34e dbd0 dbcf dbaf db8e db8e d38e c34d 91a8 8968 68e8 5887 50a7 5087 5087 5887 58a7 58a7 58a7 68e8 68e8 6909 60c7 60c7 60c7 68c7 68c7 6086 7127 9a2b 89a9 8168 8168 91ea 8988 8168 7927 7107 7947 91ea 70e7 68a7 60c8 60e8 820b c3f1 d492 cc0f d40e d40e dc0e d3ee cbee cc2f cc2e cc4f cc4e cc2e cc4f cc4f cc2f cc4f cc4f c42f c44e cc4f cc2f cc4f cc4e cc4f cc4f c42f c42f c42f c40f c40f c40f c40f c40e c40f bbee bbee bbcf bbcf bbcf bbce b3ae b3ae b36d ab2d ab0c ab2c c3ed e510 f5f2 f653 f694 f6b5 f694 f694 f694 f694 f694 f674 f674 f694 f694 f695 f6b5 f6b5 f695 f6b5 f695 ee74 ee73 f653 ee53 ee52 ee32 ee52 ee53 ee53 f653 ee53 ee53 ee53 ee53 f653 ee54 ee54 
60c7 60a7 60a7 68c8 68e8 60a7 68a7 6086 68a7 6086 6887 70c7 8989 99ea 9a0a 99e9 99e9 b24a c2eb d34c dbae dbce e40e e42e ecaf eccf ecef ecef ecef ecef f50f f50f f50f f50f eccf ec8e ec2d e3cd db4c cacb b229 9988 8108 8108 8949 aa8e cbf3 a28e 9a0b aa4c a28d 8a2c 6109 58c9 60e9 698b 92f0 a372 694a 58a8 50c9 50a8 48a8 71ad 824f 612b 610a 50aa 50aa 596c 8312 bcf9 a456 9bd5 722f 618d 9374 9bb5 8b32 9354 8270 71cf 71ef 61ae 82f2 9374 9bb4 9b73 92d0 926f 79ed 926f ab32 922e bb31 aace c452 f5f7 dc71 d40e dccf f572 c3ee 6946 58c7 50c9 58c8 58e8 58c8 58c8 58c8 60c8 60e8 6908 6908 60e8 58a7 5087 60c7 68e8 58a7 60c8 6108 60e8 60e8 6908 7108 68a7 7108 68e7 6908 7108 7108 60c7 60c7 68e8 7149 7148 7969 81ca 7108 70e7 8148 9168 9968 a988 a9c8 ba09 ba09 ba09 ba49 ba29 c24a ca6a ca8a caaa d2cb d2cb d2eb d2eb d30c d30c db2d db2d db2d db4d db4d db4d db4d db2d d30c db0d db0c daec daec db0c d2ec db0c d30c db2c d30c d2cc cacc cacc cacc d2ec d2ed d30d db6e dbaf dbcf dbcf e3cf d36e d34d d36e cb4d b28b 70c6 816a 60c8 58a7 50a7 50a8 50a7 50a7 58a7 60e8 60e8 60c8 6948 7169 60e7 6908 60e7 68e8 68e8 6086 7107 9a4c 89a9 8148 8168 920a 89c9 7948 7907 7928 7948 91ea 70e7 68e8 6908 60e8 81ea c3f1 dcb2 cc2f d40e d42e d40e d3ee cbed cc4f cc2e cc4f cc6f c44e cc4f cc4f cc4f cc4f cc4f cc4f cc4f cc4f cc4f cc4f cc4f cc4f cc4f c44f c42f c42f c42f c42f c40f c40f bbef bbef bbee bbee bbee bbef bbce bbce b3ae ab6d ab6d ab2d a2ec ab0c c3ed e530 f5f2 fe74 f6b4 f6b5 f6b4 f694 f694 f694 f694 f694 f694 f694 f6b5 f6b5 f695 f6b5 f695 f695 f694 ee73 ee73 ee53 ee53 ee53 ee52 ee53 ee53 ee53 ee74 ee73 ee53 ee73 ee74 ee74 f674 ee74 
60c8 60a7 60a7 68c8 60c7 60a7 68a7 68a7 68a7 68a7 6886 70e7 920b 9a4b a22a a20a a22a b26b c2ec d32c d36d dbad dbed e44e ec8e eccf eccf ecef ecef ed0f ecef f50f ed0f f50f eccf ec6f e42e e3ed db6c caeb b22a 9968 80e7 80e8 8949 aa8e cbd3 a26d 9a0b a22c 920c 81ab 694a 60e9 58e9 71ab 92f0 826e 6109 58c9 50c8 4888 48a8 71cd 79ed 610a 612b 590b 4889 48eb 8b94 bd1a 93b4 a3f5 9333 69ce 7ab1 a416 9394 9374 8ad1 7a70 82b1 8af2 82d1 7a6f 8b12 9b52 9b32 822e 71ad 8ab1 a394 8a90 a2f1 9aaf bc32 f5d7 dcd1 dcf1 ed92 d4d0 71a8 58e8 58e8 50e9 58e9 58e9 58e8 58e8 58c8 60e8 6908 60e8 6908 60e8 58c8 58c8 60e8 6908 60c8 60e8 60e8 60c8 60c8 6908 6908 68e8 6908 6908 6908 7108 7128 7128 60c7 68c7 7128 7108 7148 81aa 7148 68e7 7927 8988 9168 a1a9 a1a8 a9c8 b209 b209 ba4a ba4a c24a c26a ca8a d2ab d2cb d2cc d2cb daec db0d db0d db0d db2d db2d db2d db4d db2d db4d db2d db2d db2c d30c db2c db2d d32d d30c db2c db4d db6d db4d db6e db6e db6f db6e db6e db8e dbae e3cf e3ef dbcf e3ef db8f d34e db6e d36e c32d 8967 68a5 7969 60c8 58a8 50a7 50a7 50c8 50a7 58c7 6109 60e8 60c8 6908 7149 60c7 60c7 60c7 60a7 68e8 6066 70e7 9a2b 89a9 8968 8167 9a0a 89a9 8148 7907 7907 7927 91ea 7928 68a7 60a7 60a7 79a9 c3f1 d4b2 d450 d40e dc2e d3ee cbee cc0e cc2f cc2e cc4f cc6f cc2f cc4f cc2f cc2f cc2f cc4f cc4f cc4f cc4f cc4f cc4f cc4f cc4f c42f c42f c42f c40f c44f c42f bc0f bc0f bc0f bc0f bbef bbef bbef b3cf bbce bbcf b3ae b36d b36d ab2d ab0c ab2c c3ed e530 f5f2 fe73 f6b5 f6b5 feb5 f6b4 f694 f694 f694 f694 f694 f695 f695 f695 f695 f694 f694 f694 f674 f653 f673 f653 ee53 f653 ee53 ee53 ee53 f654 f674 ee74 ee74 ee74 f674 f674 f674 ee74 
60e9 60c8 58a7 60c7 60c7 60a7 60a7 60a7 60a7 60a7 6086 7928 9a0a a24a a24a a22a aa2a ba8b c2ec cb2c d36d dbad dbee e42e ec8f ecaf eccf ecef ecef ecef ecef f50f f510 ecf0 eccf ec8f e44e e3ed db6c caeb b229 9988 8107 8108 8929 aa4d c372 aaaf 99ec a20c 91ec 89ec 796b 690a 716b 718b 826e 698b 60e9 58c9 50c8 4888 48c9 71ed 7a0d 58e9 612b 612b 58eb 594c 93b4 bd19 93b4 9394 9353 8b12 6a2f 9bf5 a416 9374 82b1 82b1 9373 82d1 69ce 71ee 8b12 9332 b372 81ec 5909 824f a373 92d0 a352 a351 bc74 f638 edd4 f5b2 ed51 9aca 58e7 50a8 50c8 50c8 58e9 58c8 58c8 58c8 58a7 60c8 68e8 60c7 60e7 60e8 58a7 58a7 60e8 6908 60a7 60a7 60c8 60c7 60c8 60c8 60e8 68e8 6908 68e8 68e7 7108 7108 7108 60a7 6087 68e7 7128 7108 7949 7949 68e7 70e7 8148 8927 9168 9988 a1a8 a9c8 b209 b209 ba29 c24a c24a ca6a ca8b d2cb daec d2ab daec db0c db0c d30c db2d db2d db0c db2d db2d db2d db2d db4d db2d db2d db2d db4e d34d db4d db8e dbae dbae e3af e3cf e3f0 e430 e40f e3ef e3ef e3ef e3ef e3f0 dbef dbcf db8f d36e d38e cb6e aa6b 6885 68c6 7969 58c8 50a7 5087 5087 50c8 58a7 58c8 60e8 60e8 6128 6107 6908 60e7 60c7 68e7 60a7 68e8 6086 7107 9a4c 89ca 8168 8167 91ea 89a9 8168 7927 7947 8147 89a9 7948 68a7 68c8 60c7 7168 c3f0 dcb1 d470 d40d dc4e d3ed cbcd cc2e cc4f c42e cc6f cc4f cc6f cc4f cc4f c44f c42f cc4f c44f c42f cc4f c42f cc4f c42f c42f c42f c42f c42f bc0f c42f c40f bc0f c40f c40f bbef bbef bbef b3ef bbef b3cf b3ae b38e ab6e ab4d ab4d a30c a32c c3ed e551 f612 fe94 f6b4 f6b5 f6b5 f6b5 f6b4 f694 f694 f695 f695 f6b5 f695 f695 f694 f694 f674 f674 f674 f673 f673 f674 ee74 f674 f674 f674 f653 f674 f674 ee74 ee74 f674 f674 f674 f653 f654 
60c8 60c8 60c7 60c8 60c7 60a7 6087 6087 6087 6087 68c7 8148 a22a aa4a aa4a aa4a aa4a ba8b caec d34c d38d db8d dbed e44e ec8f ecaf eccf ecef ecef ecef ecef ecef f510 f4f0 ecaf ec6f e44e e3ed db6c caeb b249 a1a8 8908 8108 8129 9a0c b2f0 aaf0 a26e a24e 89ec 81cc 714a 716b 8a0d 798b 820d 6129 6109 58c9 5088 4888 50e9 7a0d 71cd 50a9 610a 612b 58eb 50ea 7ad0 b4b7 8b53 8b12 7a91 9333 82f2 8b12 a457 9394 82d1 8af2 8af2 7a2f 69ad 7a2f 7a6f 92f1 bb72 9a4d 81ab 926f 9b31 7a0d ab31 a30f cd14 fe98 f635 f5d4 a2ec 6927 58c8 58a8 50c8 58e8 58e9 58e8 58c8 58a8 58c8 60c8 68e8 68e8 6908 60e8 58a8 5087 60c7 6108 60a7 60c8 68e8 60a7 58a7 60c8 60c7 6908 6908 68e8 70e8 70e8 7128 7108 60a7 60a7 68c7 7127 7107 7107 7969 68e7 68c7 7928 8128 8107 9967 a1a8 a1a8 b209 b209 ba09 ba29 c249 c24a ca8a d2ab d2cb d2cb daec db0c db0c d32c db2d d32d db4d db4d db2d db6e db4e db4d db4d db6e db6e e3ae db6e db8e dbae e3af e3f0 e430 e450 e470 ec70 ec50 e40f e40f e3ef e40f e3ef dbef dbcf dbaf db8e d3ae c34e 8148 6066 70e7 7149 58a7 50a7 50a7 50a7 58c8 50c7 58c8 58e8 6108 6929 6908 6928 68e8 60c7 68e7 60a7 60c8 6086 7128 a26c 91c9 8168 8168 91e9 8988 8968 8148 8148 8988 89a9 7948 68c7 68c8 68e8 7148 c3f0 dcb2 d490 d42e dc6f cbcd cbcd cc4e cc4f cc6f cc6f cc4f cc6f cc6f cc4f c44f c42f c450 c44f c42f c42f c42f c40f c42f c42f c42f c450 c42f bc0f c42f c40f c42f bc0f bbef bbef bbef bbef b3cf b3cf b3ce b3ae b3ae ab6e a34d a32d a30d a30c bc0d e571 f613 fe94 f6b5 f6d5 f6b5 f6b5 f6b4 f694 f694 f694 f6b4 f694 f694 f674 f674 f674 f694 ee74 f674 f674 f674 f674 f674 f694 f674 f674 f674 f674 f673 f673 f653 f653 f653 f633 f653 f653 
60a8 60c8 5887 58a7 60a7 60a7 60a7 60a7 60c7 60c7 70e7 8989 a22a aa4a a24a aa4a b22a c28b cb0c d32c d36c dbad dbee e42e ecaf eccf eccf ecef ecef eccf ecef f4f0 f4f0 f4d0 ecaf ec6f ec2e e3cd db6c caca ba29 a1a9 8928 8108 8949 91cb a28d aacf a26d a26d 81ac 714b 716b 79cc 8a4e 81ec 822d 610a 58e8 50a8 4888 4888 590a 7a2e 71cd 50a9 50a9 612b 610b 50ea 726f ac36 82d0 82b1 82b1 8af3 8af2 7a91 9bd5 9bd5 8b12 9313 8291 7a50 71ef 71ce 69ee 92d1 b331 b2af b26e b2d0 a2f0 698b 9acf 926d b3ae ed94 edd5 abae 6128 58e8 50c8 50c8 58e9 58e9 58e9 6109 58e8 58c8 58c8 60c8 6908 68e8 6908 60c8 58c8 58a7 60e7 6908 60c7 60c7 68e8 60c8 5887 5887 5887 60c7 6908 68e8 68c7 70e7 7148 6907 68a7 6086 68c7 7128 7128 68e7 7948 70e7 68a6 7908 8148 80e7 80e6 9147 9988 a1c8 a9e8 b208 ba29 c24a c24a ca6a d2aa d2cb d2cc d2ec d30c db2d d30d db2d db4d db4d db2d db2d db6e db6e db6d db6e db8e e3af e3cf e3cf dbaf e3af e3cf ec30 e451 e451 ec91 ec91 ec91 e450 e430 e40f e40f e410 dbef dbaf db8e dbaf d3ae b2cc 68a6 5866 68e8 6908 58a8 58a8 50a7 50c8 50c8 50c8 58e8 60e8 6949 6908 7149 6908 60c7 60c7 60c7 60a7 68c8 60c7 7968 a2ac 91ea 8988 8188 920a 8989 8169 8128 8169 8989 89a9 7928 7108 68e8 68e8 6928 c3f1 dcd2 d490 d42e dc6f cbcd cbee cc2f cc2f cc6f cc6f cc4f c44f cc6f cc70 c44f c42f cc70 c44f c42f c40f cc50 c40f c42f c42f c450 c450 c42f c40e c42f c42f bc2f bc0f bbef bc0f bbee bbce bbcf bbcf b3cf b3cf b3ae ab6d a34d a32d a30d a32c c42e e572 f633 f694 f6d5 f6b4 f6b4 feb5 f6b4 f694 f674 f674 f694 f694 f694 f674 f674 f674 f694 f674 ee74 f674 f694 f674 f674 f674 f674 f674 ee53 ee53 f653 f653 f653 f653 f653 f633 f633 f632 
5086 58a6 58c6 58a7 60c7 60c8 60c8 58a7 58a8 60a7 70e7 8969 a20a aa2a aa4a aa2a aa29 baaa cb2c cb2c d36c dbad e40e e44e e46e ecaf eccf eccf eccf ecef ecef ecef ecef ecf0 ecef ec8e ec4e e3cd db6c caeb b209 a188 8927 8907 9149 99aa a22c a28e 922c 9a6d 81ec 718a 718b 79cc 81ec 8a2d 79ec 58e9 612a 50c9 4888 4868 592a 824f 698c 4888 50c8 58e9 614b 614c 724e ac16 7a4f 7a70 722f 82d2 8b13 8b13 8b13 9bb4 8b53 8b32 9353 82f2 8291 69ce 69ad 8a90 b393 aa8f ba8e c310 a311 614b 8a8f 928f a34e c4b3 cd15 61c9 50e7 6109 58c8 58c8 58a8 58c8 58a8 58c8 58c8 58c8 58a7 60e8 6948 6107 6907 60e7 58a7 5887 68e8 6908 5887 60a7 60c7 68e8 5887 5887 60a7 60c7 60e7 60e7 68e7 68e7 7107 70e7 68e8 60c7 60a7 68e8 7108 70e8 70e8 70c7 68a7 7108 8168 7906 70a5 78c6 8907 a188 a1a7 a9c8 b1e8 b1e9 ba09 c24a ca6a d2ab dacb db0c d30b d30b d32c d32c db2d db2d db4d db6e db6e db4e db6e e3af db8e e3cf e3f0 e430 dc0f dc0f e410 e430 e470 ec91 ec91 ec91 e470 e471 e450 e451 e450 e430 e410 dbcf d3ce d3ce cbae 89c9 5886 5867 7949 7108 5087 5087 50a7 58c8 50a8 60e9 6109 6929 60e7 6107 6928 60c7 60c7 7149 7108 60a7 6087 68a7 8169 a26c 91ea 8969 8989 9a2b 89c9 7947 7947 8167 8988 8989 7107 8149 68c8 68c7 7149 c3f1 dcb2 d470 d44f dc90 c3ac c3ed cc4e cc4e cc8f cc6f cc6f cc4f c42f cc4f c42f cc4f cc50 c42f c42f c42f c42f bc2e c42e c44f c42f c42f c44f c44f c42f bc0f bc2f bc0f bbef b3cf bbef bbef b3ce b3ee b3ce b3ae b3ae ab6e ab4d a32d 9b0c a32c cc6f edb2 f654 fe95 feb5 f6b5 f6b4 f6b4 f6b4 f694 f694 f674 f674 f694 f653 f674 f674 f674 f695 f695 f695 f694 ee73 ee73 ee73 f673 f673 f653 f654 f654 ee32 ee33 f653 f633 f633 f633 f613 f613 
58a7 58a7 58a7 58a7 60a7 60a7 58a7 60a8 58a8 60a7 70e7 89a9 9a09 aa6b aa6a aa4a aa29 ba6a cb0c cb2c d36c dbad dbee e44f e48f eccf eccf eccf ecef ecef ecef eccf ecef f4ef eccf ec8e ec4e e3ed db4b caca b229 9988 8928 8108 8969 91aa 9a2b a28d 9a2c a26e 798b 6909 798c 694a 696a 928f 822d 58e9 612a 58ea 50c9 4888 5909 7a2e 698c 5089 50c9 590a 612b 71ad 7a2f a3b4 7a70 8270 614c 698d 69ee 82d1 9354 8b13 9bb5 9394 9353 9353 8b13 7a70 69ad 8250 b3f6 9ab0 aa6d cb71 b372 6149 79ec 8a8e a34e cc92 c494 6168 6169 694a 50c8 50c8 58c8 58e8 58e8 58e8 50c8 58e8 60c8 6908 79aa 6928 68e8 60c7 5887 5887 60e8 6908 58a7 58a7 60c7 68e8 60c7 5887 58a8 60a8 60a7 60c7 68c7 6907 68e7 70e8 68e7 68c7 68c7 68e7 7108 68e7 7128 7108 68a7 70e7 8168 7948 70c7 7086 78c6 8907 9127 9988 a9c8 a9e8 b1e8 c229 c249 ca8a d2ab d2eb d2ec d2ec d2ec d30d db2d db2d db4d db4e db8f db8f db8e e3af dbae e3ef e430 e471 e451 e430 e430 e430 e450 ec91 ec71 e450 e450 ec71 e471 e471 e450 e430 dbef d3ae d3ef d3cf c34e 7906 5886 58a7 798a 68e8 58a7 58c8 58e8 58e8 50a8 58e8 58e8 6949 6908 6108 6928 60a7 60c7 798a 60a7 60a7 60c7 68e8 81a9 a2ad 920a 89a9 8168 9a2b 89a9 8147 8148 8148 8168 8148 7107 89aa 68c8 60a7 6928 c412 dcb3 d470 d44f dc70 c3cd cc0e cc2e cc4f cc6f cc4f cc6f cc4f cc50 cc2f c40f c42f c42f c42f c42f c430 c42f bc2f c42f c42f c42f c42f c42f c42f c42f c42f bc0f bbef bbef b3cf b3ce b3ce b3ce b3ce b3ae b3ae b3ae ab6d ab6e a34d 9b0c a34d ccb0 edf3 f654 f6b5 f6d5 f6b4 f6b5 f6b4 f693 f693 f673 f673 f674 f694 f674 f694 f694 f694 f694 f694 f694 f694 f693 ee73 ee73 f673 f653 f653 f653 f653 ee53 ee53 f633 f633 f633 f633 f632 f612 
5887 60a7 58a7 60e8 60a7 5887 5887 5888 60a8 60a7 70e8 89a9 91c9 a20a a22a a20a aa2a ba8b cb0b d34b d36c dbad e3ed e44e e48f ecef ecef ecee ecef ecef ecef ecef f4ef f4ef eccf ec8e ec4e e3ed db6c caeb b249 99a8 8928 8108 8949 91aa 9a0b 9a4c 920c 89ec 714a 690a 716c 58e9 614a 9b11 7a2e 50c8 5909 612a 50e9 50c9 5909 7a0d 71ac 50a8 58ea 592a 58ea 698d 8290 a3b4 7a4e 7a2e 590a 58ea 592b 618d 82b1 9374 9bd5 9c16 8b54 8b33 9374 8b13 8291 7a50 b416 ab52 aaaf cb72 c392 924c 79aa 8a4c 928c 926c 92cd 6148 822c 6128 50e8 58e9 58e8 6109 58e8 58c8 58c8 60e8 58a7 68e8 7129 6908 6908 60e7 58a7 58a7 60e8 6909 58a7 58a8 58a7 68e8 68e8 58a7 5887 60a7 60a7 60c7 68e7 68e7 7108 68e7 68c7 68e7 68e7 68e8 68e7 68e7 7107 7128 68e8 68e7 7948 8168 7907 6886 6886 7086 80e6 8927 9967 a1c8 a9c8 b1c8 c229 ca8a caab cacb d2cc d2cc d30d d30d d30d db2d db4d db6e db8e db8e dbae dbcf e3ef e410 dc10 ec71 e492 e471 e471 e451 e471 ec91 e471 e471 e451 e492 e4b2 ecb2 e491 dc30 dbcf d3ae d3ef d3af b28c 6885 5866 60a7 7149 60c7 50c7 50e8 58e8 50e8 50c8 5909 60e8 6128 6949 6928 60e7 58a6 60c7 6928 60a6 60a7 60a7 68c7 8188 aaad 9a2b 8189 8189 9a4b 81a9 8168 8188 8989 89a9 8168 70e6 89aa 68e8 68e8 68e7 c3f1 dcd3 d491 d42f dc70 c3ce c3ee c42e cc6f cc6f cc6f c46f c44f c44f c42f c42f c42f c430 c430 bc0f c42f c42f c42f c42f c42f c430 c430 c42f bc0f c40f c3ef bc0f bbef bbcf bbef bbef b3cf b3cf b3cf b3cf b3ae ab8e ab6e ab6d a32d a30d ab6d d4f0 edf3 f694 f6b4 f6d5 f6b5 f6b4 f694 f673 f673 f673 f673 f673 f674 f694 f694 f694 f695 f694 f695 f694 f674 f673 f673 f633 f633 f632 f652 f632 f632 f632 f632 f632 f632 f612 edf2 edf1 edd1 
60a8 5887 58a7 60e8 60e8 58a7 5887 58a7 58c8 60c8 7128 8169 91c9 9a09 a229 a22a b229 c2ab cb0c d34c d36c dbad e40e e44e ec8f eccf eccf eccf eccf eccf ecef ecef ed0f f50f eccf ec8e ec4d ebed db6c caca b229 9988 8927 8108 8969 89aa 9a2b a28d 9a6d 7129 60e8 60e9 610a 58e9 616b 9b31 822d 50c8 58e9 612a 590a 50c9 58e9 71ac 696c 50a9 58c9 610b 50a9 616c 8ad1 a3d5 82d1 8af1 612b 58ea 612b 612b 71ee 7a91 8b53 9394 8b33 8b13 93b5 9bd5 8b13 82d1 9b53 a332 b393 c3b3 b2ef 920c 926e 820c 92ae 6949 6128 696a 696a 58e8 58e9 58c8 60e8 6929 60e8 58a8 58c8 58e8 60c8 68e8 7128 7128 7128 60c7 58a7 58c8 6908 7129 58c7 58c8 60e8 60c8 6908 60a7 5887 6087 60a7 60a7 68e8 68e7 7108 68c7 68c7 68e8 60e7 68e8 7128 68e7 6907 7148 6908 68c7 7948 7948 7908 68a6 6086 6086 68a6 78c6 8927 9147 a187 a9a8 b208 c249 ca6a caab caab d2cc d2ec d30c db0d db2d db2d db4d db6e db8e db8e db8e dbaf e3cf dbef e450 ec91 e471 e451 e471 ec91 ec91 e471 e450 e471 ec92 e491 ecb2 e471 dc10 d3af d3af d3ce cb6e a20a 6866 5886 6909 6929 58c8 5909 5929 5909 5909 5909 58e9 60e8 6909 7129 7128 60a7 60a7 60c7 68e7 60a7 60c7 60a7 70e7 81a8 a2ac 91ea 8988 8988 9a2b 89a9 8168 8988 89a8 8968 8168 7107 89ca 7108 6908 6927 c3f1 dcf2 d470 d44f dc70 cbce c3ee cc0e cc2f c42f cc4f cc6f c46f c44f c42f c40f c40f c430 c430 c430 c42f c430 c430 bc0f bc0f c42f bc2f bc2f bc0f c42f bc0f bc0f bbef b3ef b3ee b3ef b3ce b3cf b3ce b3ae abae abae a36e a34d a30d a32d b3ae dd30 f613 f694 fed5 f6f5 f6d5 f6b4 f693 f673 f673 f673 f673 f673 f694 f694 f694 f694 f694 f694 f694 f674 f673 f653 f653 f632 f632 f632 f632 ee12 ee12 f632 f612 f611 f5f1 f5b1 ed90 ed50 e4ee 
58c8 5887 58a8 60c8 58e8 58c8 58a8 58a7 58a7 5887 68e7 7928 89a9 99e9 9a09 aa2a b26a c2cb d32c d34c d36c dbcd e40e e44e ec8f eccf eccf eccf eccf ecef ecef ecef ecef f4ef f4cf ec8e ec4e e3ed db6b caeb b209 9968 8108 8108 8949 91a9 9a0a aaad 81cb 60e8 58c8 60e9 60ea 58c9 698b 9b10 824e 6109 58e9 612a 694b 58c9 58e9 71ac 694b 50a9 50a9 58ca 4889 50ea 8ad1 a3d5 9352 9352 698c 58ea 694c 614c 7a2f 7a50 82d2 8af2 8b33 9374 9bd5 9bd5 8b13 82d2 9313 9b32 ab94 b3b4 b393 822d 8a2c 820b 92ae 71aa 6129 696a 5929 5909 58e9 50c8 58c8 58c8 58e9 58c8 50a8 58c8 58c7 68e8 7108 7108 7128 60c7 58a7 58c7 6907 7128 58a7 60c7 60c8 60c7 6908 60e8 58a7 60a8 60c8 5887 60c7 68e8 6928 68e7 68e7 6908 60c7 60c7 6908 6928 6907 7148 6908 68c7 7128 7948 8168 7908 60a7 6087 6066 6886 78c6 80e7 9127 9988 a9a8 ba29 c26a c28a ca8b caab cacb d2ec d30c d30c d30d d32d db6d db8e db8e db8e dbaf dbaf dbcf e410 e430 e451 e471 e471 e492 ec92 e471 e471 e470 ec71 e471 e471 dc30 dc10 d3af d3ae d3ae bb0c 99ea 6065 5866 60e8 6109 58c8 5909 5929 5909 5909 5909 58e9 60e8 6108 7149 7149 60a7 60c7 68c8 60a7 68c8 68a7 68a7 7108 89c9 aaac 920a 8988 81a8 9a0b 8168 8148 8988 91a9 8988 8988 70e7 89aa 70e8 68c7 6907 c3f1 dcd2 d46f d44f dc70 c3ee c3ee c40e c42f c42e c44f c44f c42f c42f c42f c40f c42f c430 c430 c42f c42f c42f c42f bc0f c42f c42f c430 bc2f bc0f bc0f bbef bbef bbef b3cf b3ef b3cf b3cf b3cf b3ae b3af ab8e ab8e a34e a34d a30d a30d b3ce dd51 f633 f694 f6d5 f6f5 f6d5 f6b4 f694 f673 f673 f673 f673 f673 f674 f694 f694 f695 f695 f694 f674 f673 f653 f653 f633 f632 f632 f632 f612 f612 f5f1 edd1 edb1 ed90 ed4f e50f dc6d cbab bae8 
60c8 60c8 58a7 58a8 58a7 5887 5887 5867 58c8 60c7 60c7 70e7 8168 91c9 a20a aa4a b26a c2ec cb0c d32c d38c e3cd e40e ec4f ec8f ecaf ecaf ecae eccf eccf eccf ecef ecef f4ef f4ef ecae ec4e e3ed db6c caeb aa29 9188 7908 7908 7928 8189 9a8d 9a8d 7169 60e8 58a8 58a8 610a 614a 7a0c 820d 81ec 6109 58c9 612a 694a 692a 614a 696b 694b 50c9 50a9 50ea 50aa 4889 7270 a416 9373 9b94 824f 58eb 696d 71ce 71ce 7a2f 82b1 8291 82d2 8b13 8b53 a436 9c16 9c16 9394 8b12 a394 abf4 c475 ab71 71ab 79cc 8a4d 8a6d 71cb 5909 50e8 5109 50e9 50c9 58e9 58e9 58e9 58e9 50e8 58e8 6108 6908 7128 7969 7169 60c7 58a7 58a7 6908 7128 60a7 60c8 60e8 60e8 60c8 60e8 58c7 58a7 60c8 60c8 60c7 60c7 68e8 6907 68e7 7128 7128 68e7 68e7 6908 6908 7129 68e8 60c7 7128 8189 8168 8148 70e7 68a7 60a7 6086 6086 70c7 78c6 9148 9988 a188 a9e9 b1e9 b209 ba4a c2ab caab c2cb caec cacc d32d d32d db4d db6d db8e db8e db8e dbaf e3f0 dbef dc10 e471 e471 e450 ec71 e471 e430 e42f e450 e450 e410 dc10 dbef d3af d38e cb6e baec 9a0b 6086 58a7 6109 6109 5909 5909 5929 5929 5929 5929 6109 6108 60e8 7989 7128 60e8 60e8 6908 60c7 68e8 68e8 68c7 7108 89ea a28c 920a 89c9 89a9 920a 89a9 8188 89a9 89ca 91c9 8989 7948 89eb 7149 60e8 6928 c3f1 dcb2 d44f d42f d42f c3ce bbce bbad bbce bbce c3ef c3ef c3ef c40f c40f c40f c42f bc30 bc0f c430 c42f bc2f c42f bc0f bc0f c40f c42f c40f c40f bc0f bc10 bbef b3ef b3ef b3cf b3cf b3cf b3cf b3af b3af abae a36e a36e a34d 9b2d a32c bc0e e591 f653 f694 fed4 fed5 feb5 f694 f694 f673 f673 f673 f673 f673 f673 f693 f694 f694 f694 f673 f673 f653 f653 f653 f632 f633 f632 f612 f612 f5f1 edb0 e52f e4ce dc4c c36a b2a9 99e8 7947 68e6 
5887 5888 58a8 58a8 58c8 58a8 58a8 5887 5087 58c8 60a7 68c7 8128 91c9 9a0a aa4a b26a c2ab cb0c d34c db8d dbee e42e e44e ec8f ecaf eccf ecaf eccf eccf eccf ecef f4ef f4cf ecaf ec8e ec4e e3cc db6c caeb aa29 9188 78e7 70e8 7949 9a6d ab10 8a2d 79ab 820d 58c8 50a8 6109 71ac 8a6e 718a 718a 694a 58e9 612a 614a 612a 718b 694a 614a 50a8 48a8 58ea 50ca 4069 61ed ac56 9393 9bb4 8a90 612b 614b 71ed 698c 698d 824f 8af2 8af2 82d2 7a70 8b32 a416 9394 8b33 9354 9b94 b416 bc76 b414 8ad1 9312 9b30 a330 8a6e 5929 50c8 48c9 50c8 50e9 5909 58e9 58e8 58e8 58e8 58e8 60e8 6908 7148 8189 7149 60c7 58a7 58c7 7148 7148 60e8 58c8 60c8 60c8 60e8 68e8 60c8 58c8 60c8 60c8 5887 60a8 60c7 68e7 68e7 6908 6908 68e7 68e7 7108 7128 7129 6908 60e7 68e7 7949 8168 8148 8108 70e7 68c7 68a7 68a6 68c7 70e7 7907 8107 8927 8947 8947 9147 9988 a1e9 aa09 aa4a ba8b baab c2cc c2cb caec d32d d34d d36e db8e dbaf e3cf dbaf dbcf e410 ec51 e450 e450 e450 e410 dbef e3ef e3ef e3ef dbcf db8e d36e d34d d34c baab 91a9 6086 5887 60e9 58e9 5909 5909 5909 5909 5909 5909 6109 58e8 60e8 796a 6908 60c8 60e8 60e8 60c8 60c7 60e8 68e8 7128 89ca a28c 920b 89ca 89c9 920a 89ca 8168 89a9 91ea 91ea 8989 7927 89ca 7129 68e8 7169 cc32 dcb2 d42f d42f d40f bbad bb8d b34c b36d bb8d bbad bbce c3ce bbae c3ef c3ef c40f bbef bc0f c430 c410 c430 c430 c42f c40f c430 c40f c40f bc0f c40f bbef bbef b3f0 b3ef b3ef b3cf b3cf b3af b3af b3af b3af a36e a34e a32d 9b0d ab4d cc90 edb2 f653 f694 fed5 f6b5 fe94 f694 f693 f673 f673 f673 f673 f673 f674 f673 f674 f674 f654 f653 f653 f653 f653 f632 f632 f612 f5f1 edd1 ed91 e54f e4ce dc2d bb2b a248 8147 68e7 60c7 58a8 5887 
5888 5888 5887 58a8 58a7 5887 5887 5887 50a7 58a8 5887 68e8 7928 91c9 9a2a a209 a209 ba6b caec d32c db8d dbcd e42e e44e ec8f ecaf ecaf ecaf eccf eccf ecef ecef ecef f4ef f4af ec6e ec2e e3cd db4b c2ca aa09 8968 70e8 714a 92ae cc75 c3f3 8a2d 9acf a352 50a8 5088 58a8 718b 820d 696a 692a 694a 6909 610a 60e9 692a 694a 58c9 610a 58c9 50a9 50a9 50ca 4889 59ac a436 9c15 a415 9353 69cd 69ac 7a2f 69ad 612c 71ce 92f2 9333 9353 722f 7a4f 9374 7a91 82f2 9b95 9bf5 b477 ac36 a3d5 9bb4 b436 b476 abf4 abd3 7a0c 50e9 48c9 48a8 50a9 50e9 58e9 58c8 5909 58e8 58e8 68e8 7949 8168 8189 7128 5887 5087 58a7 7148 7168 60c7 58c7 60e8 60c7 60e7 68e8 60c7 5887 60a8 60c8 5887 60a8 60c8 60c8 60c7 6908 6928 7129 6908 7149 7128 7128 7128 68e7 7108 7928 8148 8168 8989 8127 78e7 70e7 7108 7107 7907 70e6 7907 7907 8107 8948 91a9 99a9 99c9 a1e9 a1ea aa2b b26b c2cc c2ab caec cb0c d32d d34e d34e db8e dbaf db8f e3af e3ef e410 e430 e430 e430 dbef e3cf dbaf dbcf dbaf d38e cb4d cb6d cb4c d34c b26a 8189 60e7 58c7 58e9 58c8 5909 592a 5909 5909 5929 5929 5909 5908 60e8 716a 68e8 68e8 68e8 60a7 60c8 60a7 60c7 7128 7148 89ca a28c 9a4c 89ca 89c9 91ea 89ca 8189 89a9 89c9 91ea 89a9 7927 8189 7969 7128 7988 cc31 e4d2 cc0e d44f cbee bb8d b32d aacb aaec b32c b34d b36d b36d bbae bbae bbcf bbcf bbce bbef bbef c40f c40f c410 c410 c410 c42f c410 bc10 bc10 bc0f bc10 bbef bbef b3ef b3ef b3ef abaf abae ab8e abaf ab6e a36e a32e 9b0d a30d b38d d4f1 edf2 f673 f6b4 fed4 feb4 fe74 fe94 fe74 f673 f673 f673 f673 f673 f673 f673 f673 f673 f653 f653 f652 f653 f632 f612 f5f2 edb1 ed50 e50f e4ae cbcc b2ea 9a09 7927 60a6 5866 5066 5087 5087 5087 
50a7 50a7 58a7 58c8 58c7 5887 5887 58a7 5067 5066 5887 68c7 7928 8989 9a0a 9a0a 99e8 aa49 c2eb cb2b d38c e3ed e42e e44e e48e ecaf eccf ecaf ecae eccf eccf eccf ecef ecef eccf e48e e42d dbcc d32b c28a a1c9 8148 818a ab50 d515 d4f5 9a8d 920c b370 a32f 50c7 5087 50a8 614a 79cc 79cc 60c8 60e9 694a 612a 60e9 714b 692a 58c8 58c8 50a8 50c8 50c9 50a9 4889 598c 9bd5 93b4 9bf5 a416 8af2 8250 8250 71ae 612c 616b 8290 93b3 9bd4 724f 61ad 7ab1 8313 7ab1 8312 a436 ac77 ac36 9b94 9b32 9b52 ac54 ac74 b4b5 93b2 61cb 512a 50e9 50e9 48c8 50c8 58e8 58e9 58c9 58c8 6908 818a 7968 81a9 6948 58c7 50a7 58a7 7128 7128 58a7 58a7 60e8 58a7 58a7 68e8 60e8 58a7 58a6 58c7 58c7 58a7 60c8 60c8 60e8 6908 6908 6908 6908 6908 6928 6908 7128 68e7 60c6 68e7 7947 8167 91c9 8968 8127 8128 8107 8969 99ea 9a0b 9a0b a22b aa2c b26c b28c b2ac baed baed bacd baad baee c2ee cb0e c2ed cb0e db6f d34f db70 e3f1 dbf0 dc10 dc0f dc30 e430 e451 e471 e471 dc51 dc31 dc52 e452 dc11 cbb0 cb90 cb8f cbaf c36d aaab 79c9 5907 58e7 5909 5909 5929 592a 592a 592a 5909 6129 6109 58e9 6109 7169 6107 6108 60e8 58c7 6108 60e8 60c7 6908 6907 81a9 a28c 9a2b 89c9 920a 920a 81c9 7988 81a9 89c9 91e9 8968 7928 818a 7949 7148 79a9 cc31 e4d2 d40e d42f c3ae ab0b ab0b a2eb aacb aacb b2ec b32d b32d b34d b34d b38e bb8e bb8e b36e bb8f bbcf bbce bbee bbee bbef bbef c410 c430 bc10 bbef bbef bbef bbef bbcf b3cf b3ae b3ae abae abad a3ae a38d a36e a32d 9b0d 9b0c b3cd dd11 f613 fe74 feb4 feb4 fe94 fe73 f652 f672 f672 f672 f673 f673 f653 f653 f653 f632 f652 f653 f652 f632 f632 f5f2 edb1 e570 e52f dc8e cbcc b2ea 89e8 7948 60a6 58a7 58a7 5067 5067 5888 60a8 60a8 
58a7 58a7 58a7 60c8 58a7 58a7 5087 5087 5087 5086 5886 60c7 7927 8988 91e9 99e9 99c8 a9e9 c2aa cb0b db8c dbcd e40e e44f e48f ecaf eccf eccf ecae eccf eccf eccf eccf ecaf eccf ec6e e40d e3ad d30b ba6a a1ca 91eb ab90 e597 e575 8a6a 7149 794a b392 92af 50c8 48a8 4867 5909 7a0d 71ac 6129 60e9 694a 694a 6109 716b 60e9 58c9 58e9 50a8 50a8 50a8 50a9 4889 596b 9b94 9b94 9373 ac56 9b73 720d 71cd 71ad 612b 590a 69cd 8b11 9372 71ee 61ad 82f2 a416 8b13 69ef 9394 a436 ac76 9b93 8290 696b 820c 92ef b495 b496 9352 720d 50e9 4887 4887 50a8 50a8 58c9 58c8 5888 68c8 8169 7948 89ca 7128 5886 5067 5087 7128 7108 58c7 58c8 58c7 58c7 58c7 60c8 60c8 5887 60c7 60c8 60a7 5887 60e8 60c7 58a7 60e8 6908 6908 6908 60e7 6908 68e7 6928 6908 60a7 68a7 7107 8147 8947 8968 9168 9188 a1c9 aa2a b26b ba6b ba8b c2cc caec cb0c d30d d32d cb4d d38f d38e cb4d cb4d cb4d cb6e d38e cb6e d3ae d3ae dbef dc30 dc2f dc2f dc2f e42f dc2f dc30 dc50 dc70 dc71 e491 e4b1 dcb1 dc91 dc91 dcd3 dcf3 dd14 d4d3 c452 a32f 822c 69aa 5949 5108 5949 594a 5109 5929 5909 5909 5909 5909 6109 6929 60e8 60e8 60e8 58a7 60e8 60c8 60a7 7149 68e7 81c9 9a6b 9a4b 89c9 89e9 922b 89ca 8189 8189 89ca 91ea 8989 7927 7969 7969 7149 81e9 d472 dcb1 cc0e cc0e bb6c a2ca aaeb aacb a28a aaab aacb aaec b30c b30c ab0c ab2c b36d b34d b34d b36e b38e b38e b3ae b3ae b3ae bbcf c40f c40f bc0f bc0f bbef bbef b3ef b3cf b3cf b3cf abae abaf ab8e a38e a36e a34d a32d 9b0d 9b0c c44e e591 f633 fe93 feb4 feb4 f693 f672 f652 f673 f673 f673 f673 f673 f653 f653 f652 f652 f632 f632 f632 f612 f5f1 ed91 ed50 e4ef d46e c36c a249 8147 60a6 5887 5087 5087 5087 5087 58a7 68c7 68e7 68e7 
60e8 60e8 68e8 68e8 68e8 58a7 5887 5087 5087 5087 5887 60a7 7927 8147 89a8 8968 8988 a1e9 c2cb cb2c d36c dbcd dc0e e44e e4af e4af eccf eccf eccf eccf ecaf ecaf eccf f4cf eccf ec6e e40d db8c cb0c b28c aa8d c3f1 edd6 d533 824a 924c 798a 798a b3d1 824c 5928 592a 48a8 58c9 79ed 79cc 716b 692a 692a 692a 716b 610a 58c8 610a 698b 50c8 50a9 58c9 50ca 50aa 69cd 9b94 9333 8b32 9373 a3f5 8ad1 71cd 71ed 614b 58ca 610b 698c 8270 71ef 7ab1 9bf5 ac77 8b12 6a0f 7270 9bf5 acb7 a436 9b94 71ee 616b 5909 8aef bcd6 bcf7 b476 82af 50e9 4888 48a8 50c8 50c8 50c8 58c8 68e7 7949 8188 89aa 68e8 5887 5067 58a7 798a 7108 58a7 58a8 58a7 58a7 60c7 60c8 60e8 60c7 58c7 60c7 60a7 60a7 60a7 60c8 58a7 60c8 68e8 68e8 6908 68c7 7108 6908 68e7 60c7 60a7 60a6 68c7 7968 8968 91a9 91a9 99c9 aa4a b26b ba6b c2cc c2cc caec d30c d2ec d30c d32c d34c d36c d34c d34c d34d cb4d cb6d d38e d36d d36e d36e dbcf dbce dbef dc0f dbef dbef dbce dbef dc0f dc0f dc30 dc10 dc30 dc30 e471 e4b1 e4f2 e533 ed74 edb4 e5d4 ddb5 cd54 b493 9370 724c 618a 5129 5129 5108 5909 5909 58e8 58e8 60e8 6108 6108 58c8 58c8 5087 58c8 6109 60a7 7129 7128 8189 9a6c 9a4b 89c9 89e9 920b 89ea 8189 89a9 8989 9a0a 89a9 8168 8989 7949 7108 8a0a d472 d44f d42e cbee bb2c aa8a aacb b2ec aa8b a28b aa8b aa8b aaac b2cc aacb aaec ab0c aaec aaec ab0d ab0d ab2d b34d b36d b36d b38e b3ae b3ae bbcf bbef bbce b3ce b3cf b3cf b3cf b3cf b3cf b3cf ab8e a36e a34e a32d a32d 9aec a32c ccaf edb2 f653 fe94 fe94 fe93 f673 f652 f652 f653 f652 f653 f673 f673 f652 f652 f632 f632 f632 f632 f612 f5f2 edb1 e550 dccf d46e c3ac 9a6a 7968 60a6 5887 5087 50a7 50a7 58a7 60a6 68e7 7948 8168 8148 
68e8 60e8 60e8 6929 6108 60c8 58a8 5887 5087 5067 5866 60a7 7107 8127 8968 8968 8968 99e9 baab cb2c d36c dbad dbee e44f ec8f ecaf e4af ecaf e4af eccf e4af eccf eccf eccf ecaf ec6e e40d db8d cb2d bb0d cc72 edb6 dd13 8a49 79a9 81cb 714a 716a 92af 696a 4887 50a8 4887 50c9 7a0d 820d 718b 610a 6109 716b 718b 60e9 60e9 612a 7a0d 58e9 50a8 58c9 58ca 50c9 69cd 9353 9b74 9353 82d1 a3d5 a3d4 8ad1 69ac 614b 5089 50ca 616d 8ad2 82d1 9353 a456 93b4 7a90 720f 7a90 9353 a415 a414 9330 9b31 822f 612a 698a abb2 c4f5 c4f6 ac35 7a8f 5109 50c9 50c9 50c8 58c8 60e8 6908 7949 81a9 81a9 68e8 58c7 50a7 58e8 81aa 7128 58a7 58a8 60c8 60c8 58c7 60c8 60e8 60c8 58a8 58a8 60a8 60a8 60c7 58c7 58c7 60e8 6908 68e8 6908 68c7 68e7 7128 68c7 68c7 60a7 68a7 68a6 8148 8968 9188 99a8 aa0a b26a ba8b c2ac cb0d d2ec caec cb0c cacb cb0c d2ec d32c d32c d32c cb2c cb2d cb4d d34d d36d d36e d36d dbae dbcf dbce dbef dbef dbef dbce dbce dbce dbce dbce dbce dbef dc0f dc2f dc70 dcb0 e4f1 e532 ed73 edb4 edd4 edd4 edf5 e5d5 ddb5 bcf4 a3f1 726d 618a 5129 5929 5909 58e8 58c8 60c8 60e8 60c8 58c8 58a8 5087 58c8 60c8 60c7 68e8 7969 81a9 9a2b 9a6c 81a9 89ea 89ea 8a0a 8189 8189 8168 91ea 8989 8188 8189 7949 7949 8a2a dc92 d44f d42f cbae b30c aaab aacc b2ec b2cc aa8b aa8b aaab aaab aaab aacc aacc aacc aacc aacc aaec a2cc aaec ab0d ab0c ab0c ab2d b36e b36e b36e b38e b38e b3ae b3ae abaf b3cf abaf b3cf b3ae ab8e ab6e a34e a34d a30d 9aec ab4c d4d0 edd2 f653 fe93 fe93 fe73 f652 f632 f652 f652 f652 f653 f653 f653 f653 f653 f652 f632 f632 f632 edf2 edb1 e591 dd10 dcaf cbce aaeb 89c9 68e7 58a7 5087 5067 5066 60a7 60e7 7108 8148 8989 8989 8168 
6908 6929 7149 6949 6908 60c8 60a7 60c8 58c8 5087 5066 5887 70c7 7928 8168 8168 8167 99c8 b28a caeb d34c db8d dbed e42e e46f ecaf e4af ecaf ecaf ecaf ecaf ecaf ecef f4cf ecaf ec4f e40e dbae cb8f dc51 f594 c44f 81c8 7927 81ab 6909 58e8 8a6e 92cf 58e8 4887 4888 4888 50a8 79ac 820d 798b 714a 6109 6129 692a 60e9 60e9 612a 8a4e 718b 6109 58e9 58ca 58a9 614b 7a2f 9353 9373 9352 8af1 9bd4 9b94 7a4f 510a 50a9 592b 722f 9333 9393 9c15 ac76 72b0 722f 7a70 722f 7a90 8af1 9b73 8ad0 824e 92d0 71cc 6129 8a6e b413 ac33 ac75 ac55 7a8f 48c8 48c8 50c8 58e8 60e8 7149 7948 89ca 8189 68e8 58a7 58a7 60e8 7169 7128 60c8 58a8 60e8 60e8 58a8 58a8 60c8 60c8 60c8 60c7 60a8 60c8 58a7 60e8 60e8 60e8 60e7 6928 7128 7128 6908 6908 60c7 60e8 68e8 68c8 68c7 7928 89a9 9188 99c9 aa0a ba8b c2ab cacc d2ec d30c d2ec cacc cacc caec cb0c cb0c cb2c d30c d30c cb2d d34d d34d d34d d34d db6e db8e db8e dbae dbce dbae d3ae d3ae d3ae d3ae d3ae d3ae d38e d3ce dc0f dc50 dc90 e4d1 e4f1 e552 ed93 edb4 edd4 edd4 edf5 edf5 ee16 ee15 e5f6 cd35 ac32 82ce 69cb 596a 5129 5909 5909 60e9 6109 60e9 58c9 50e9 58e9 58e8 6108 6929 81ca 89ea 924b 9a6c 81a9 81a9 89ca 920b 8189 89a9 8189 920a 89a9 8189 81aa 798b 7149 924b dcb3 d40f d40e c3ae b30c b30c b32d b30c bb4d b30d aacc aaec aaab aacb b2cc aaab aaac aacc aaab a2ac a2ab a2ac a2cc a2cc a2cc a2ec ab0d ab0c ab4d ab2d ab4d ab4d ab6e ab6e ab6e ab8e ab8e ab8e ab8e a36e a34e a34e 9b0d 9b0e a34d d510 edd2 f653 fe93 fe93 f652 f632 f632 f632 f632 f632 f653 f653 f653 f653 f653 f652 f612 f611 f5d1 edb1 ed91 e551 dcf0 d44f b32c 91e9 7107 5887 5887 5087 58a7 60c7 68e8 7108 8168 89a9 89a9 81a9 8168 
81a9 7969 7168 7148 6928 6908 60c7 60c8 60e8 58a8 58a7 60c7 7108 7928 7927 7907 7927 9188 aa29 c2ab d32b db6c e3ed ec4f e48f ecaf ec8f ec8f ec8f ec8f ecaf ecaf ecaf eccf ec8f ec4f e430 dc10 dd13 ed95 c3ae 91c8 7107 818a 798b 6109 71aa bc13 8a6d 50a7 50a8 48a8 4868 5088 694a 8a2d 79ab 60e9 58c8 694a 612a 60e9 60ea 610a 824e 822e 694b 610a 610a 58ea 612b 616c 720e 9353 9b95 82d2 7a90 9393 9b95 7271 7210 7210 7a71 8b33 9c15 ac97 9373 69ed 61ad 722f 8291 7230 7a70 9333 9bb4 826f 69ac 71ed 826f 8aaf b434 9b90 932f ac33 b476 61cc 48e8 50c8 58c8 6908 7129 7928 81a9 7969 60e8 50a8 50a7 58c8 798a 796a 6108 58a8 6108 58e8 58a7 58a8 58c8 60e8 6908 60c8 58a7 60c8 60e8 60c8 60c8 60a7 60a7 68e8 6928 6908 68e8 6908 6908 60e7 68e7 60a6 68c7 7907 8988 91c9 a1c9 b22a ba8b c2ab cacb caec caec caec cacb cacc caec cb0c cb0c d30d cb2c d32d d32d d34d d34e d34e d32d db4d db6e dbae dbae dbae d38e d36e db8e d36d d38e d38e d38e dbae dbce dc0f dc50 e4b1 e4f1 e511 e552 e593 e5d4 e5d4 edd4 edf4 edf4 edf5 edf4 ee15 ee15 e5d5 cd75 ac52 8b0f 69cb 5949 50e8 58e8 58c8 58e8 50a7 58c8 50a7 50c7 60e8 6928 79aa 89ea 922b 9a8c 81a9 81ca 89eb 89ca 8169 8189 8189 91ea 89a9 7948 818a 81ab 7148 9aac e4d3 d40e d3ee c36d b30c b32c bb6d bb4d bb4d bb6d b30c b30c b2ec b2ec b2cc aacb aaab aaab a28b aa8b a28b a28b a28b 9a8b a2ab 9a8b a28b a2ab a2cc a2cc a2ec a2ed a2ed a30c ab0d a32d a32d a32d a32d a32d a30d 9b0d 9aec 9aed a32c d4f0 edd1 f652 fe73 f672 f652 f631 f611 f632 f632 f652 f653 f673 f653 f653 f653 f653 f632 edf1 edb1 e570 e530 dcaf cc0e bb4c 9209 68e7 6086 5866 5887 60a7 68e8 70e8 7928 8968 91a9 91c9 91c9 89a9 91c9 
9a8c 922b 8a0a 81a9 7948 7128 6907 60c7 60c8 60a7 60a7 68c7 7948 7908 7907 70c6 78e7 8947 a1c9 ba6a cb0b db6c e3ed e44e e46f ecaf ecaf ecaf ec8f ecaf ecaf ecaf ecae eccf ec8f e470 e491 ecf2 f552 cc0e a22a 8948 7908 794a 798b 714a a32e c433 698a 4887 4867 4888 4888 4867 58e8 79cc 79cc 6109 58c8 612a 58e9 58a9 58c9 6109 824e 92af 79ac 610a 696b 612a 612a 50c9 50e9 7a6f a3b4 9333 7a4f 8290 9333 8b33 9b95 9bb5 9bb5 9c16 a497 a435 720e 69ad 7a0f 69cf 82b1 8291 7a70 82b1 9b73 8af1 71ce 71ee a3d5 a3d4 c4b6 a392 8aae 722c bcb6 9bd3 598b 48a8 58a8 60c8 68e8 7108 8989 7949 58a7 50a7 50a8 58c8 79aa 7969 60c8 58a8 60e8 58c8 58a7 58a7 58a7 60e8 60e8 60e8 60c8 60c8 58c7 58a7 60c7 60c8 60a7 60c7 6928 6908 68e8 68e8 6908 68c7 68e8 68c7 68a7 7108 8168 91a9 a1e9 b22a c28b c28b caab caab cacb caec caec cacb cacc cacc caec d30d d32d d32d d32d d34d d34d d34d db4d d34d db6d db8e db8e db8e d36d d36d d36e d34d db8e db8e db8e dbae dbee dc0f e470 e4b1 e4d1 e511 e552 ed93 e5b4 e5d4 edf4 edf4 edf4 ee14 edf4 ee14 edf4 ee15 ee15 e5f5 d5b6 ac52 82ad 6189 50e7 50c7 50c7 5087 4887 4887 5067 58a8 68e8 7969 89ca 89ca a28d 81a9 81a9 89ea 89ca 8169 8189 8189 91ea 89a9 7928 8149 816a 6907 a2cc e4b2 d40e d3ee bb6d b32c b34c bbae bb6d bb6d c38d c36d bb4c b32c b32c b30c b2ec aacc b2cc aaab aaac a28b a26b a28b a26b a26b 9a4a 9a6b 9a6b a28b a2ab a2ac a2ec 9aac 9aac 9aab 9acb a2cc 9acc 9acc 9aec 9aed 9acc 92ac 9aac a32c dcf0 edd1 f632 fe72 f672 f631 f631 f632 f632 f652 f653 f653 f653 f653 f653 f653 f653 f633 edf2 ed91 e550 dcd0 cbcd aaaa 89c8 70e7 60a6 5866 5886 68c7 68e8 7108 7928 8168 8988 91c9 91c9 91a9 91c9 91e9 
a34f a32f 9acd 9a6c 8a0a 81a9 7989 7128 7108 68c8 68c7 70e8 7908 70c6 70e7 68a6 70a6 78e7 9167 b229 caca d32b dbcd e42e e46f ec8f ecaf ecaf eccf ecae ecaf ecaf ecb0 ecd1 ed13 f554 ed31 e4af dbcd c2cb a20a 8969 8129 898b 924d a32f bbd1 8a6c 58c8 5088 5088 5088 4887 5088 50a8 690a 79ac 79ac 694a 79ec 4867 5087 58a8 58c9 71ac 9290 81ee 714b 716b 610a 71ed 50e9 4067 596b 9352 9bb3 9331 826f 616a 614a 7a0d 82af 82af a3f4 ac76 728f 61ad 69ae 8270 8270 71ee 82b1 9333 82d1 82d1 8af2 8291 8ad2 9b52 bc95 ccf6 9b0f 8a6e 698a 7a8d b495 8ad0 50a8 58a8 60c8 68e7 7108 89aa 7949 60a7 50a7 58a7 60e8 81ca 7969 60a7 58a8 60c8 58a7 58a7 58c7 5887 60c7 68e8 68c8 60a8 58a7 60c7 58c7 58a7 58c8 60e8 6908 6929 7128 68e7 6908 6908 68e7 6908 68e8 60a7 68c7 8169 91a9 99e9 b24a baab c2cc c2cb c2ab cacb cacb cacb cacb d2cc d2ec cacc caec d30d d34e d32d d32d d34d db4d db2d db4d db4d db6e d36e d34d d36e d36e d36e d36e d36d d38d db8e dbae dbce dc2f e470 e4b0 e4f1 ed32 e573 e593 edb4 edb4 edd4 edd4 edf4 edf4 edf4 edf4 ee15 ee15 edf4 f615 f635 ee16 d5b5 b493 82ce 6169 50c7 4887 4887 4867 4846 5887 60c7 7969 8189 89a9 9a8c 7988 8188 89ea 89ca 8169 8189 8148 91a9 8168 8148 7948 7949 7128 aaed dc91 d40e cbee bb6d bb6d bb8e c3ae bb8d bb8d c38d cbce bb4c bb4c bb4d bb4d b32d ab0c b30c aaec aacc aaac a28c a28c a24b a24a 9a4a 9a4a 9a4a 9a4a 9a2a 9a4b 9a6b 9a8b 924b 924b 926b 9a6b 9a8b a2ac a2cc 9a8b 924b 924b 8a2a a2cb d48f ed91 f611 fe52 f651 f631 f611 f611 f632 fe53 f632 f633 f633 f653 f653 f652 f653 f613 edd1 e550 dccf cbed 9a49 7106 6087 6087 6087 68a7 70e8 7928 7128 7928 8148 8968 91c9 91a9 9189 91a9 91c9 99e9 
a36e a36e a36e 9b2d 9aac 8a0a 89ea 89ca 7128 7107 70e8 7929 8128 78c7 70c7 70a7 68a5 7906 9187 aa29 c2aa d32b e3cd e42e e44f e48f ec8f ecaf ecaf ecaf ecb0 ecb0 dcb0 e511 ed72 ed51 e48f e40e d36c caeb aa0a 8969 8169 9a8e 9aed d4d5 a2ee 6928 4886 4866 48a7 4887 4887 5067 58a8 58a8 690a 820d 8a6e 820d 4027 4847 58a9 60ea 616a 92d0 826e 71cc 718b 718c 822e 50c9 4047 48a9 69cc 9b73 9b94 9333 8270 69ad 69cc 722d 69ec 9b72 9b73 596b 722f 8291 7a50 7a50 8270 8291 8af2 9333 8b12 8af2 82d1 8ad0 8b0f a3b1 bc75 828e 79eb 71ab 698a 826e a372 698b 58a8 68e8 68c8 7929 81aa 7128 58c7 50a7 5087 60c7 81aa 7969 5887 5887 60c8 60a8 5887 58a8 58a8 60c8 6107 60e7 6107 58e7 58c8 58a7 58a8 60c8 60e8 60e8 6108 6908 68e8 7129 7149 6908 68e7 60c7 58a6 60c7 7948 8988 a1e9 b22a ba4a c28a c28b caab cacb caab cacc cacc cacb caec caec d30c d30d d32d d32d db4c d30c d30c db4d db4d db4d db4e d34d db8e d36d cb4c d36d d36d db8d db8d dbae dbae dbee dc2f e490 e4d0 e531 ed52 ed73 ed93 e592 e5b3 e5d2 e5d3 edd3 edf4 edf4 edf5 edf4 edf4 edf4 ee15 f615 f635 f635 ee36 c554 9c10 620a 5108 48a7 4887 4887 5887 60c7 7949 81a9 89ea 9a6d 7989 81a9 89ca 81a9 7988 8188 8168 8989 8948 8148 8149 7929 7108 b32d dc92 d3ef cbce c38e c3af bbad bbad bbad bbad c3ad c3ae c3ae bb8e bb6e b34d b34d b34d b34d b30d b30d b30d a2cb a2ab a28b a2ab a28b a24a a24a a24a 920a 920a 924a 922b 922b 920a 9a4b 924a 9a8a a2aa a2cb 9a8a 922a 89c9 81a9 9a6a cc2e ed70 f612 fe52 fe31 fe11 f611 fe32 f632 f652 f673 f653 f653 f633 f633 f632 ee11 edf1 ed91 dcf0 cc0e aacb 7927 6086 5886 60c7 7107 7927 7927 7948 7948 8168 8988 8988 91a9 91a9 91a9 91c9 91c9 91c9 
abd0 abb0 a38f a36f a34f 9acd 926c 8a0a 81c9 7989 7948 8169 8149 7108 68c7 68a7 68a7 70e7 8968 a1e9 c2aa d32c dbcd e42e e44e ec6f ec8f ec8e ecaf ecaf ecaf ecaf eccf ecf0 eccf ecaf ec4e e3ed db6c c2cb aa0a 91aa 9a4d ab0f b3af dd35 79aa 58a7 4887 48a8 4887 48a7 4887 50a8 5088 5088 58e8 71cc 9b11 7a2d 4046 4847 5068 58a9 612a 9b12 92b0 71ac 71ac 824e 826e 50c9 4888 4868 50c9 71ed 9b73 a3d4 9bb4 9312 8270 7a2f 722f 9b93 8ad1 594b 61ad 8b12 8af2 8291 8ad1 8af2 6a0e 9353 9bb5 82f2 8b12 9312 a352 9b51 b434 abf3 8a4e 610a 692b 824f 9350 a3d2 6129 60c8 68c7 7928 8189 7108 58c7 5087 5067 60c7 81aa 7128 60c7 58a7 60e8 58a7 58a7 58a8 5087 58a8 60e8 6908 60e8 60e8 58e8 58c8 58c7 60c8 60e8 6908 60e7 6908 7128 7969 7949 70e7 68e8 68c7 60c7 60c7 7128 8989 a22a aa4a b26a ba8a c28a c2ab caab cacb cacb cacb d2ec d2ec d30c caec caec d32d d32d d32c db4d db4d db4d db4d db6d db4d db4d db6e d34d d34d d36d db8e d38d dbae dbce dbef dc0f e450 dc90 e4d1 e511 e531 e572 ed93 e592 e592 ed92 e5b3 e5b3 edd4 edd4 edf4 edf4 edf4 ee15 ee15 f614 f614 f635 f655 f676 e616 b4d3 830f 5148 48a7 4066 50a7 6908 7989 7968 89ca 9a6c 8189 7968 81a9 81a9 7969 7969 7948 8189 8148 8169 7969 7129 7148 b34e dc71 cbee cbce bb8d c3ef bbcf c3cf bbce c3ae c3ae c3ce c3ce bb8e bb8d b36e bb6e bb6e bb6d bb4d b34d b32d ab0c ab0d aaec aacc a2ac a28b a28b 9a4a 9a2a 9a4a 922a 924a 8a0a 8a0a 922a 922a a2cb aaec a2eb a2ab 922a 81a8 8168 922a cc2e ed91 f632 f652 f631 f631 f631 f632 f653 f673 f673 f653 f652 f632 f632 edf2 edb1 ed70 e4ef cc0d aaeb 81a8 60a6 5886 68e7 7948 81a9 8188 8188 8168 8188 8168 89a9 91a9 91c9 91c9 91c9 91ea 91e9 91c9 
abd1 abb0 abd1 abb0 a390 a34f a30e 9a6c 922b 89c9 81a9 89a9 8169 7928 70e8 60a7 68a7 70e7 8968 aa09 c28a d32b e3cd e42e e44e ec6f ec8f ec8f ec8e ecaf ecaf ec8f ecaf ecaf ec8f ec6e ec4e e3cd d36c c2ec aa4b a22c bb70 9a8c cc51 c411 60e7 58a8 4887 4888 50a8 50a8 5088 5088 4888 612a 696b 71ac 92f0 71ec 4067 4047 4067 50c9 69ac ab93 92d0 698b 79ed 92b0 71cc 58c8 58c9 4868 58c9 79cd 822e 79ed 82d0 9b73 8ad1 82b1 9bd4 9393 720e 618c 618d 61ad 8b12 8b12 8af1 8af2 7a4f 7a70 a3f5 9bd5 8b52 9b93 a393 92cf 92ee abd2 a372 614b 50c8 822e 8acf bc34 822d 60c8 60e8 7149 7969 68e7 58a7 50a7 5066 60c7 8a0b 7168 60c7 58c8 6108 60e8 58c7 58c8 50a7 58a8 6108 60e8 6949 716a 60c7 60c8 58c8 60c8 60c8 60c8 60e8 6908 6908 7128 7969 7128 68e7 68e8 60c7 60c7 7948 89a9 9a0a a22a b26b ba8b c26a c28b caab caab cacc cacb cacc d2ec d2ec cacc caec cb0c d32d db2c db4d db6d db6d db6d db6d db4d db4d db4d d36d d34d db8e db8e d36d dbae dbce dbef dc2f e470 e4b0 e4f1 e511 e532 e552 e572 e592 e592 e592 e593 edb3 edd3 edb3 edb3 edf4 edf4 edf4 ee14 f614 f615 f635 f656 f656 ee56 e656 cd75 9bb0 61aa 48a7 5087 60c7 7108 68e7 89ca 924b 7968 7948 8189 81a9 7948 8168 8168 89a9 8148 8168 7928 7108 7989 c3cf d450 d3ef c38d bb8d c3ef c3ef c3ef c3cf c3cf c3ce c3ce c3ce bbae bbae bbaf b38e b38e bb8e bb8e bb8e bb6e b32d b32d ab0c ab0d aaec aaec a2ac a28c a28c 9a4b 9a4b 922b 89ea 89ea 9a2a 9a6b b30c bb2c b30b aacb a26b 89c9 8188 9209 cc4e ed91 f612 fe52 f631 f631 f632 f652 fe73 f673 f653 f652 f652 f632 f632 edb0 e52f dc8e cbac a269 7947 68c6 60a6 68c7 7948 8169 8189 89a9 8188 81a9 89a9 89c9 91c9 91c9 99e9 99e9 91c8 91c9 91c9 91a9 
abd1 a3b0 a3d1 abf1 abd1 a390 a36f a30e 9acc 926b 8a2a 8a0a 89c9 8168 7908 6887 6066 70c7 8968 aa09 c2aa d32b dbad e42e e46f ec8f e48f ecaf ec8e ec8e ec8f ecaf ecaf ecaf ecaf ec6e ec2e e3ed d34c bacc bb2f bb30 d433 9a8c c3f1 926c 50c7 5088 5087 5088 5087 4867 4887 4868 4888 71ad 92d1 92b1 9af1 7a0e 50c9 4868 4889 616c 8b11 a394 820d 694b 820d 7a0e 612a 58e9 50c9 5088 71ad 8a70 79cd 612b 616b 7a4f 8af1 9b73 9331 69cc 592b 696d 71ae 616d 69ee 9332 9332 9312 8ab1 8291 93b4 ac77 9394 9b73 a393 92cf 8a4c 92ee abf3 8b11 50c9 58e9 79eb a351 ab92 696a 60e8 7129 7129 60e8 58a8 50a8 5087 60e8 81ca 7969 60c7 60c8 60e8 58e8 60e8 60e8 58c8 58c8 60c8 60e8 6128 696a 6108 58e8 58e8 60e8 60e8 6908 68e8 6908 6908 7128 8189 8169 6908 60e8 60e8 60c8 7128 89a9 9a0a a22a b26a c28b c26a ca8b c2ab cacb cacb caec cacc d2ec c2ec c2cc cb0d d32d db2d db4d db4d db6e db6d db6e db4d db4d d32d db4d db2d db4d db8e db8e d38e dbae dbef dc0f dc4f e490 e4d1 e4f1 e512 e532 e552 e573 ed93 e592 e572 ed93 edb3 edd3 edb3 edb3 edf4 edf4 edf4 ee14 f614 f615 f635 f635 f635 f656 f656 ee56 ddd6 a411 69eb 50c7 58c8 60e8 60c7 79aa 924c 79a9 7168 7989 7989 7148 8169 8189 89a9 7928 7949 70e8 7109 8189 cbf0 d42f cbee c38d c3ad cc0f cbef cbef c3ef c3ef c3ee c3ee c3ce bbae bbaf bbae bbae bbae bb8e bb8e bb8e bb6e b36e b34e ab2d ab0d ab2d ab0c a2ec a2cc a2ac a2ac a2ac 924b 922a 920a a26b aaab bb0b c34c bb2b b2aa a24a 89a8 8167 9a6a d48f edb1 f612 fe53 f652 f652 f652 f673 fe73 fe74 f653 f653 f652 f632 f612 ed70 dc6e c34c 9a09 70e6 6066 6066 68c7 7948 8188 91a9 89a9 8968 8988 89a9 89ea 91e9 99e9 9a09 9a09 99e9 91c9 91a8 91a9 99c9 
abb0 a390 abd1 abf1 ac11 ac12 abd0 a38f a32e 9aed 924b 9a4b 91e9 8188 7928 68a6 6066 68c7 8127 a9e9 c2ab d32c dbad e42e ec6f ec8f ec8f ecaf ecaf ecaf ecaf ecaf eccf eccf ecaf ec6e ec2d dbad d34c c2ec d431 dc93 c3d0 926c aaef 798a 5087 50a8 50a7 50a7 50a7 4867 4867 4847 4847 50a9 71ed 9b11 9b53 a374 9313 8ab2 8ad2 a373 a332 79ed 696b 694b 698b 696b 71cd 58ea 50a9 71cd 92f1 824f 612a 610b 618c 8af1 9352 828f 69ac 698c 592b 698d 69ce 720f 69ad 722f 9312 9333 9332 9373 a436 9bf5 9bf5 9bb4 9bb3 a393 694a 6109 69cb a3d3 828f 48c9 5909 826e b434 92cf 58c8 6909 6929 60e9 58e9 50c8 50a8 6108 81eb 7969 68e8 60e8 6109 60e8 58c8 58c8 58a7 58e9 60e8 6108 6129 6949 6129 60e8 60e8 60c8 58a7 68e8 6929 6928 7128 70e7 8189 8189 7108 68c8 68e8 60c7 7128 89c9 99ea aa2a ba8b c28b c28a ca8b ca8b caab d2ec d2ec caec cacc c2cc cb0d d30d d32d db2d db4d db6d db6e db6d db6d db4d db4d d32c db2d db2d db4d db6d dbae dbad dbee dc0f dc2f e44f e470 e490 dcb0 dcf1 e512 e552 e572 e572 e552 e572 ed93 ed92 ed92 ed92 ed92 edd3 edd4 edf4 edf4 ee14 ee14 f614 f614 f635 f635 f656 f656 ee76 e616 bcd3 6a0b 58e7 58a7 5887 7129 8a0b 7168 6927 7149 7969 7108 7948 8168 8989 8148 7949 68c7 7108 81aa d431 cc0f cbce c38d c3ad cc2f cbef cbef c3ef c3ce c3ef c3ee bbcf bbcf bbcf bbaf bbcf bbaf bbcf bbae b38e bb8e bb8e b36e b36e b34e b34d ab2d ab0c aaec a30d a2cc 9aac 9a8c 9a8b 922a 9a6a aacb c32b cb6b c34b b2ca a249 91c8 91c8 b30c dcf0 f5f2 f632 f673 f653 f653 f673 f673 f673 fe73 f673 f652 f632 f632 f5f1 dcef c3ac 9208 6907 60a7 5866 68c7 7968 91e9 91c9 91c9 8988 8988 8968 8989 91c9 99ea 9a0a a22a a22a 99e9 91a9 9189 91a9 99c9 
a390 9b90 a3d1 ac12 ac32 b452 b431 abf0 abaf a34e 9acc 9a8b 920a 89a9 7948 68c7 6086 68a6 8147 a1e9 c2cb d34c dbad e42e ec8f ec8f ecaf eccf ecaf ecaf ecaf ecce ecce ecce ecae ec6e ec2e dbad d34d cbaf ed75 ed96 a2ed 9a4c 9a8d 79ab 6109 58c9 5087 5087 50a7 4887 5087 5087 4887 50a8 6129 718b 71ab 7a2d 8a8f 9af0 a331 9af0 81ec 718b 71cc 718c 612a 614b 698c 612b 71ed 9b11 92f0 612a 58c9 590a 720e a3b4 7a0e 614b 614b 616c 592b 592b 69ad 8250 7a0f 69ce 82d1 8b12 9353 9b74 a3f5 9bd4 93d5 a416 9bd4 ac15 7a0e 50a9 48e8 9b92 b456 61cc 50c8 71cc 932f bc53 6128 68e8 60e8 58c8 50a8 50a8 50a8 58c8 81ca 7968 6908 60c8 6109 60c8 60e8 58c8 50a8 58c8 58c7 6908 6929 6929 6108 60e8 60c8 60c8 60c8 60e8 7129 7108 7969 7107 89a9 91ca 8169 68e7 60c7 60c7 7928 89a9 91c9 aa4b ba6b c28b c28a caab cacb cacb caeb caec c2cb c2ab cb0c d32d d34d db2d d32c db4d db6d db6d db4d db4d db6e db6d db2d db4d d34d db4d db8d dbad dbae e3ef e40f dc2f e450 dc70 e490 dc90 e4d0 e511 e511 e532 e552 e552 e572 ed92 ed92 ed92 ed92 ed92 edb3 edd3 edf3 edf3 ee14 ee14 ee14 f615 f635 f636 f656 f656 f656 ee57 e637 b492 7a2b 58e8 5086 6908 81eb 7148 68e7 7128 7128 7108 7948 8989 8148 8148 7908 68a7 68a7 81ca d431 cc0f cbef bb6d c3ce cc0f c3ef c40f c3ef c3ee c3ee c3ee bbce c3ee bbce bbce bbcf bbcf bbcf bbae bbae bbae b38e bb8e b36e b36e b34d b34d ab2d ab2d ab0d a2ec a30d a2ed 9aac 9a8b a2ab b2eb c34b cb6b c34b b2ca aa4a 99c8 a229 c38c e550 f612 f653 f673 f673 f673 f673 f673 f673 f673 f672 f632 f632 f612 ed91 d46e b30b 7967 58a6 5887 68e7 7969 91e9 99e9 91e9 91c9 91a9 8989 89a8 91c9 9a2a a22a a22a a22a 9a29 9a09 91c9 91a9 91a9 99e9 
9b70 a3b0 a3d1 ac12 ac32 b453 ac52 ac11 b411 ab90 a34e a2cd 9a6b 89a9 7947 70e7 6086 6066 8148 a209 c2ab d32c dbcd e42e e48f eccf eccf eccf ecaf eccf ecaf ecaf eccf f4ef ecae ec6e ec2e dbad d36e e492 fe57 e533 8a2a 920b 81aa 7149 692a 60e9 58a8 5088 50a8 5067 5087 5067 50a8 58e9 696b 696a 4887 5087 6129 79cb 718a 716a 694a 610a 612a 612b 614c 71ad 8230 8ab0 92d0 8a8f 718b 5088 4868 590b 8b32 9bb4 590a 58ea 592b 696c 614c 592b 614c 7a2f 8290 720f 722f 7a70 8af2 9373 9b94 9bd5 93b4 a436 a435 ac76 9b52 50e9 4066 7a6d c4d6 ac13 614a 698b 7a6d c494 820c 60c8 60e8 58c8 5087 50a8 50a7 58c7 81aa 7949 68e7 60c8 60e8 58c8 60e8 60e8 50e8 5909 58e8 60e8 6929 6929 6908 58a7 58c8 58e8 60e8 60e8 7169 7128 7108 7928 91c9 99ea 91ca 70e7 60a7 6087 70e7 89aa 91c9 aa6b ba8a c26a c28a caab d30c d2ec c2ab c28b c28b caec d32c d34d db4d db2d db2c d30c db4d db4d db4d db4d db6d db4c db4d db2d db4d db4d db8d dbae dbee dbef e40f dc2f dc4f dc6f dc90 dc90 e4d1 e4f1 e511 e532 e532 e532 e552 ed72 e572 e572 e592 edb3 edd3 edd3 edb3 edd3 edf4 f5f4 ee14 f635 f615 f635 f656 f636 f656 f656 f697 ee37 bcb3 722b 58e7 6929 81cb 7169 6928 6929 7128 7128 7989 81a9 8169 8169 7129 60a7 60c8 920b d451 d40f cc0f bb8d c3ee c40f c40f c40f c3ef c3ef c40f bbef bbef bbef bbef bbcf bbef bbcf bbcf bbaf b3ae b38e b38e b3ae bbae b36d b34d ab4d ab6e ab4e ab2d ab2d a32d a30d a2ed a2ac aacb b30b c34b c34b c34b baca aa8a a228 aaa9 d44e edb1 f612 f673 f673 f673 fe73 f673 fe73 f673 fe73 f652 f632 f5f1 f5b1 e52f c3ec 9a4a 68c6 5866 60a7 7928 8989 9a0a 99e9 99c9 91a9 91c9 91a9 91a9 99ea a24a a24a a24a a24a 9a0a 99e9 91e9 91c9 99e9 a22a 
a370 a390 a390 abf1 ac32 b453 ac52 ac52 b432 abf1 a38f a34e 9aec 8a2a 79a9 6907 60a7 68a7 8948 a1e9 baaa d34b dbcd e42e e46f eccf eccf eccf eccf eccf eccf eccf f4ef f4cf f4af ec6e e40d dbcd d3ae ecf3 fe38 cc92 a30e ab30 924d 5887 58a8 58c8 58a8 60c9 60e9 60e9 60e9 60e9 60e9 692a 718b 696a 50a8 5088 694a 79ec 718a 694a 692a 610a 60e9 60e9 612a 694a 698b 696a 6149 694a 58e9 4868 4888 69ad 9bb3 9b93 592b 50ca 614c 696c 71cd 616c 614b 698c 8290 82b1 7a0f 71ee 8250 8af2 9bb4 9bd4 9393 a415 ac35 9bb3 ac15 722e 48a9 592a abd2 d537 9b30 7a2d 7a0b a351 a371 6109 58c8 58a8 50a8 50c8 50a8 58e8 79aa 7149 60e8 60c8 60e8 60e8 6108 6109 58e9 58e8 6109 6109 6949 7149 6129 58e8 58c8 60e8 60e8 6108 79aa 7148 7108 8148 91c9 a22a a22a 8148 68a7 6087 60a7 8169 8988 aa4b baab c28b ca8a caab caeb caeb ba6a ba6b cacc db0d db0d db2d db4d db4d db2d db2d db4d db6e db4d db4d db6d db4d db4d db4d db6e db8e db8e e3ae e3ce dbee e42f e42f e46f e470 e490 dc90 e4b1 e4d1 e4f1 e4f1 e511 ed32 e511 e532 e572 ed92 ed92 ed72 edb3 edb3 edb3 edd3 edf3 edf4 edf4 f614 f635 fe36 f636 f656 f656 f656 f676 f677 ee57 b492 71ca 60e7 7968 7148 60c7 68e7 68e8 7108 8169 8989 8148 8169 796a 60a7 68e7 9a8c dc71 cbee cbee bb8d c3ee c40f c40f cc30 c3ef c3ef bbcf bbef bbef bbef c3ef bbce bbee bbcf bbcf bbcf bbcf bbaf bbaf bbaf bbaf b38e b38e ab6e ab6d ab6e ab6e ab6e ab6e a32d a30d a2ec aaeb b32b bb2b c34b c34a bb0a b2aa aa69 bb4b e4af f5d1 f632 fe73 f673 f673 f673 f673 f673 fe73 fe53 f652 f611 edd0 e56f dcae bb6c 89c9 68a7 6086 70e8 89a9 91e9 91e9 9a0a 99ea 99ea 99c9 91a9 99c9 a22a a24a aa6a aa6a aa4a 9a09 99e9 99e9 91c9 99ea 9a0a 
9b4f 932e 9b8f a3d1 ac12 ac52 ac72 ac73 ac52 abf1 abd0 b3b0 ab2e 926b 89ea 7108 5885 68a6 8147 a1c8 baaa d32c dbee e44f e46e ecaf ecef eccf ecaf ecaf f4cf eccf ecce ecce ecae ec6e e42e dbcd d3ce f513 fe18 b3af a2ed c3f2 b391 4866 4867 5088 4886 58c7 6108 6108 6109 6109 692a 694a 716b 714a 58e9 5087 696a 79ac 694a 6109 58e8 5909 6149 694a 6129 6109 58c8 50a8 50a8 50e9 592a 50c9 50a9 696c 9311 8b11 69cc 48c8 5109 61ac 69cd 69ad 69ad 69ad 69ee 8ad1 8270 7a2f 79ee 8ab1 9b94 a415 93b3 93b3 a414 82f0 9bb3 9b53 7a0f 718c 9aee c473 c495 8ace 71aa 7a0c c496 69cb 50e8 50c7 50c8 50e8 50e9 5909 81eb 7969 6908 60e9 6129 6129 6129 5909 58e9 5909 5908 6128 6948 7169 694a 6109 6129 612a 60e8 6908 81cb 7969 7129 8169 9a0b aa4b a24b 81a9 68e8 60c8 60a7 8169 91aa b28c baab cacb caab c28b c2cc c28b ba6b c2cc d32d d32c d32c d32c db4d db2d d32d db4d db4d db6d db6d db6d d32d db4d db4d db6d d38d d3ad dbcd dbce dbee e40f e42f e450 dc2e e46f e490 e490 e490 e490 e4d1 e4d1 e4f0 e510 e510 e531 e551 ed72 ed72 ed72 ed92 ed92 edb3 edb3 edd3 f5d3 f5f4 f614 ee34 ee34 ee55 f656 f656 f657 f677 f697 ee96 e616 abf1 6969 68e7 7128 60a7 60c7 60c6 6906 7948 7968 7927 8169 796a 60a7 60c6 a2ac dc91 cbcd cbce bb8d c3ce cbef c40e c40e c40e c40e c40e c3ee c3ce c3ce bbce bbce c3ce c3cf bbcf bbaf bbaf bbcf b3ae b3ae b3ae b3ae b38e b36e b36e b36e ab4d ab4e ab4e ab4e a30d ab0d aaeb b32b bb2a bb4a c34a c32a bac9 b2a9 cbab e50f f5d1 f632 f673 f673 fe73 fe73 fe73 fe73 f672 f672 f651 f611 ed8f dd0e d42d b2ea 8147 68a6 68c7 8148 99ea a1ea 99ea 99ea 9a09 9a09 91e9 91c9 a229 aa6b aa8b b2cc aa6a a22a 9a2a 99e9 91a9 99c9 a20a a20a 
8a6c 8a8d 930e a390 a3d1 ac12 ac32 b473 b493 b452 b452 b431 abaf 9aec 8a0a 7107 6086 6886 8968 a209 c2ab d34c dbcd e42e ec8f eccf eccf ecef eccf eccf ecef eccf ecef ecef eccf ec6e ec2d e3cd d38c dc30 f596 a32e 79c8 b370 9ace 4865 4887 50a7 50c8 50a7 58c7 58e8 50a7 58c8 5908 718a 6949 6949 6949 58e8 58c8 58e9 58c9 5088 58c9 71ac 820d 698b 6129 5909 50a8 5087 5088 50c8 71ab 5909 50a8 50c9 616b 7a2e 8ab1 698c 50e9 590a 614b 612b 698c 71ad 618c 7a2f 8af2 8270 71ee 7a50 9b94 a3f5 9bb4 9bb4 9b73 8af1 8b32 a3b4 9b52 826f 9af0 92af a392 9b71 5909 5909 c4b6 8b0f 50c8 50a8 50c8 50a8 50a8 60e8 81eb 7148 6928 6908 6908 60c8 58c7 58c8 50a8 58a8 58e8 6108 6928 7169 6108 60e8 60e8 58c8 58c7 60c7 7148 7948 7928 8169 a22a b26b b24a 99c9 70e7 6066 60a6 7949 89a9 aa8b c2cb cacb c28a c28b ba8a c2cb caec d2ec d30c d30c db2d db2d db4d db2d db4d db6d db4d db4d e38d db4c db6d db4d db6d db6d db8d dbae dbae dbce dbee e40f e42f e44f dc2f e44f e46f dc6f e490 e4d0 e4f1 e4d0 e4d0 e4f0 e4f1 ed31 e511 e531 e531 e551 ed71 ed92 edb2 edd3 edd3 f5f3 edf4 edf4 f614 f635 f635 f636 f656 f657 f677 f677 f697 f697 e617 a3cf 6107 68c7 5866 6066 60a6 70e7 8148 7907 7927 7928 7129 6086 68e6 b30d dc71 c3ad c3ad c3ae c3ee c40f c40f c40e c40e c40e bbee c3ee bbce bbce bbce bbce bbce bbee bbce bbce bbce bbcf bbcf bbaf b3af b38e b38f b38f ab6e b36e ab6e ab4e ab4e ab4e ab4d ab2d ab2c b34b c36b c36b c34a c32a bae9 bb0a d44d ed70 f612 f673 f693 f673 fe93 fe93 fe93 fe93 f673 f673 f632 edd1 e54f dc8e c38c a249 7948 70e7 8168 89c9 9a0a 9a0a 99c9 99c9 99e9 99e9 99ea 9a0a aa6a b28b b28a b28a aa4a a22a 9a0a 99e9 9a0a 9a0a a24b a24b 
71aa 79cb 8a8d 9b2f 9b90 ac12 ac52 b493 b4b3 b4b3 bcb2 bc72 abd0 a30e 922b 7128 6086 6886 8148 a1e9 c2aa d34c dbee e42e e48f eccf ecef f4ef eccf eccf eccf ecef f50f ecef ecaf ec8e ec2e e3cd d38d e430 dc72 ab0d 81c9 81eb 6949 4866 4887 50a8 58c8 5087 50a7 58c8 50c8 50a7 58e8 718a 6109 6108 6929 58e8 50a7 50c8 50a8 5068 58c9 820e 8a6f 71ac 5909 612a 58c8 4867 50a8 50a8 7a0d 71ac 50a8 4888 50e9 69ad 8ad0 826f 614b 50c9 612b 696c 698c 69ad 614c 69ad 82b1 8af2 7a4f 722f 9393 a415 9b93 9b93 9b94 9b94 9352 abf5 9b52 79ec 9af1 69ab 7ace c517 71ed 50e9 b433 b453 50c7 4887 4867 5088 5067 60e8 81cb 7128 7108 68e8 68e8 60a7 58c8 58c8 50a8 58a8 60c8 60c8 6928 7169 6908 60e8 58a8 58a7 5887 60c7 7149 7948 7928 8968 aa2a baab ba8b aa0a 7908 6087 6086 7929 91aa aa4b c2ab caac ba4a ba6a c2ab d30c d30c d30c d2eb db0c db2d db4d db4d db4d db4c db4c db4c db2c db4d db2d db4d db4d db6d db8e db6d db8d dbae e3ce e3ce e3ee e40e e44f e42f e44f e44f e44f e490 e490 e4d0 e4f1 e4d0 e4f0 e4f1 e511 e531 ed51 e531 ed51 ed72 ed92 edb3 edd3 edd3 edf3 ee13 ee14 f5f4 f615 f635 f636 f656 f656 f677 f697 f697 f697 f697 ddb6 8a6c 6908 58a7 5866 60a7 68c7 7928 70e7 70e7 7108 68e8 5866 70e6 bb4e dc70 c3ad c3ad c3ad cbee cc0f c40f c40e c40e bbee bbee c40f c3ee c3ce c3ce bbce bbae c3cf bbcf bbcf bbcf bbae bbcf bbaf bbae b38e b38e b3ae b38e b38e ab6e ab4e ab4e ab4d ab4d ab2c b32c bb6c c36b cb8b cb6a c32a c309 c34a e4ae f5b1 f632 f673 fe93 f673 f673 fe93 f673 f673 fe73 fe53 f632 edb1 e4ee d40c baeb 91c8 7948 7948 89a9 99ea a22a 99e9 99c9 99e9 99ea 99ea 9a0a a24a aa8b aa8b b2ab aa8b aa4a a20a 9a0a 99c9 99e9 a22a a24b a26b 
60e8 6929 822c 92ef 9b50 a3d1 ac32 b4b3 bcd4 bcd3 bcb3 bc51 abd0 ab6e 9a8c 7968 6086 6086 8127 a1c9 c2ab d34c e3ed e42e ec8e eccf f4f0 eccf eccf eccf ecef ecef f510 ecef eccf ec6e ec2d e3ed d3ad e471 d453 ab30 924c 798a 58c8 5087 4867 5087 58a8 5087 5067 58c8 58a8 50a7 698a 71ab 58c8 58e8 6108 60e8 58c8 50a8 50a8 5088 612a 8a6f 8a70 718c 6109 71ac 612a 5088 48a8 50a8 71ac 824e 58e9 4888 50a9 618c 824f 7a0e 7a0e 590b 590a 696c 718d 718d 696d 69ce 69ee 8ad1 8270 7a50 9332 9b93 9332 9332 9393 a415 9393 b456 ac14 9b10 a330 6128 6188 c4b5 abb3 594a a3d1 dd57 6169 4887 4887 5087 5087 58c7 79aa 6908 6908 68e8 6908 60c8 60c8 58c8 50a8 58c8 60e9 60e8 6928 7169 6108 60e8 60e8 58a7 5086 60a7 7949 7927 7927 91a9 b26a c2ab c2ab aa29 8947 6886 6066 7928 91a9 a20a ba6b c28b ba4a cacc d2ec db2d d30c d2eb d2eb db0c db2d db2d db2d db4d d32c db4d db4c db4c db4c db4c db4d db4d db6e db6e db6d e38e dbae dbce dbcd dbee dc0e e42f e44f dc2f dc4f e470 e46f e46f e4b0 e4d0 e4d0 e4f1 e4f1 e511 e531 e531 e551 e551 ed71 ed92 ed92 edb2 edb3 edd3 edd3 f5f4 f614 f614 f635 f635 f656 f656 f656 f677 f677 f698 f6b8 f698 ccd4 7a0b 58c7 5867 60a7 68a7 7928 70c7 68c7 7129 68c8 5866 7927 cb8f dc30 c36c c38d c3ce c3ee c3ee c3ee c3ee c40e c3ee c40e c3ee bbee bbce c3ee c3ce bbee bbce c3ef bbcf c3ef bbcf bbcf bbcf bbaf bbaf b38e b3ae b38e b38e ab6e ab6e ab6e ab6e ab6d b34d b32c c36c cb8b cbaa cbaa cb6a c329 c38a e50f f5d1 f653 f694 fe94 f673 f673 f673 f673 f673 fe73 fe52 f611 ed90 dc8d c36b a249 8968 8148 8168 920a 9a2a 9a0a 99c9 9a0a 9a0a 9a0a a22a a24b aa6b b2ab b2cb aa8a a24a a22a 9a0a 99ea 9a0a a22a a22b a24b a24b 
5067 58c8 71ab 8a8d 9b2f a3b1 ac52 b4d4 bcd3 bcd3 bcd3 bc92 b430 a38e 9aec 79a9 60a6 6066 8127 a1c9 c2ab d34c e3ee e42e ec8f f4d0 f4cf f4cf ecef ecef ecef ecef f50f f4f0 eccf ec8f e42e e3ed d3ac e470 ed55 a30e 8a2b 81aa 6949 5087 4887 4887 50a7 5087 5087 58c8 50a8 58c8 822d 6129 50c8 58e9 58c8 58e9 60e9 58a8 5088 5068 694b 9290 8a70 612a 58c8 79cc 694a 5088 5088 4868 612a 92b0 71ac 50a9 4888 612b 7a0e 698d 71cd 7a2f 614c 612b 79ee 7a0f 69ad 69ad 596c 7a70 8270 8270 9352 8290 8ab1 8ad1 9b74 9bd5 9bb4 bcd7 bcb6 abd2 928e 5087 50a7 824d c476 7a4c 936f e5b8 71cb 4846 4866 5067 4866 58a7 7989 7127 7108 7108 6908 60a7 60e8 60c7 58a7 58a7 58c8 60c8 6928 6949 60e8 6108 60e8 60c8 58a6 60a6 7148 7107 7906 99c9 ba6a c2cb c28a b24a 8988 6885 5865 7108 8989 a20a b22a c28b c28b d2cb d2ec db2c db0c db0c d2ec db0c db0c db0c db2d db4d db4d db6d db6d db4c db4c db4d db4d db4d db6d db4d db6d db8d dbae e3ce e3ce dbce dbee e40e e42f e42f e44f e44f e48f e48f e4af e4d0 e4d0 e4f1 e4f0 e511 e510 e511 ed31 ed52 ed72 ed92 e592 edb2 edd3 f5d3 edd3 f5f4 f614 f615 f615 f635 f636 f656 f656 f677 f697 f697 f6b8 f6b8 ee37 abf0 6128 5866 60a7 60a7 68e7 68a6 68a6 7108 60c8 5866 8188 d3d0 d40f c36c c38c c3ce c3ce c3ee c3ee c3ee c3ee c3ee c3ce c3ee c3ee c3ee c3ee c3ee bbce c3ce bbce bbce bbcf bbcf bbaf bbaf bbcf bbaf b3ae bbaf b3af ab8e ab6e ab6e ab4e ab6e b36e ab2c bb4c c36b cb6b cb6a cb8a cb8b c36a d3ec ed4f f611 f673 feb4 feb4 f693 f693 f693 f673 f673 f673 f632 edd1 ed4f d42d b2ca 91c8 8968 8989 89a9 99ea 9a0a 99ea 99ea a22a a22a a22a aa2a aa6a b28b baab b28b aa4a a1ea 99e9 9a0a 99ea a20a a24b a24b a26b 9a4b 
5047 5087 6929 820c 92ce 9b70 ac52 bcd4 bcd3 bcf4 c4f3 bcb2 b431 abaf a32d 81c9 60a6 6066 7907 99c9 c2cb d36c e3ee e42e ec8f eccf ecef ecef ed0f ecef ecef eccf ed0f ecef eccf ec8e ec2d e3cc db8b dbad ecf3 b34e 8a0b 9a8e 696a 4866 4867 5087 50a8 5087 50a7 58c8 50a7 696a 822d 58c8 50c8 50e9 50c8 612a 58e8 58e8 58a8 58a8 696b 9af1 92b0 614a 50c8 718b 6129 5887 5067 4847 50a8 820d 822e 590a 4888 58ea 826f 696c 614b 822e 820f 612c 71ce 8290 7a0f 69ce 594c 69ad 720f 8270 9333 722e 8290 9b53 9b53 8b12 9bb4 b497 bcf7 a414 824e 5087 4867 50e8 9330 8aee 8b4e e5d9 826d 4867 4846 4866 4867 58a7 7969 7108 68e7 7108 6908 60a7 60c7 58a7 5087 58a8 58a8 60e9 718a 798a 60e8 58e8 6108 6929 58c7 60a7 70e8 78e7 8107 a9e9 ba6a c2ab c2aa b249 91a9 6886 5845 68c8 818a a20b b26a cacb caab d2cb d2ec db2c d30c d2ec d30d d2ec d30c db2d db2d db2d db4d db6d db6d db6d db4d db4d db6d db4d db6d db6d db6d db6d e3ce dbae dbee e3ee dbee e40f e42f e42f e44f dc4f e46f e46f e4b0 e4b0 e4d0 e4d0 e4d0 e4f1 e511 e531 e531 e552 e551 ed72 ed92 ed92 edb2 edd3 edd3 f5f4 f5f4 f615 f615 f635 f635 f636 f676 f676 f677 f697 fed8 f6d8 ee97 ddb5 824b 5066 5866 60a7 79aa 60c7 6086 7108 5888 5866 81a9 d410 cbee c38c c3ad c3ce c40f c40f c40e c3ee c3ee c3ee c3ee c3ee c3ee c3ee c3ee c3ee bbce bbce c3cf bbae bbcf bbcf bbae bbae bbaf bbae b3ae bbaf b38e b38e b38e ab6e ab4e ab4d b34d b32d b32c c34c c36b cb8b d3ab cbab cbcb d46c ed70 f611 fe73 fe93 fe93 f673 f673 fe93 f673 f672 f652 f632 edd0 e50e c3ac a228 8968 8968 91a9 99c9 9a0a 99ea 91c9 9a0a a24a a20a a22a aa4a b28b b28b b26b aa2a 9a0a 99e9 99e9 99e9 a20a aa4b aa4b aa4b a26c a24b 
5046 5066 58a7 6949 822c 9b2f ac32 bcd4 bd14 bd14 c514 bcd3 b471 abf0 a34e 81ea 58a6 5866 70c6 91a9 baab d36d e3ee e42e ec8f ecef ecef eccf ecef ecef ed0f ed0f ecef ecef ecaf ec8e ec4d e3ec db8c cb0c b2ec cc11 a2cd 9ace 716a 4846 4887 58c8 50a8 5087 50a8 58c8 58e8 71cc 694a 58c8 50a7 50a8 58e8 58e9 50c8 58a8 58a8 58c8 696b 9b11 92f0 614a 48a7 696a 694a 60e8 5087 4867 4867 5909 79cd 820e 590a 50a8 7a2e 698c 590a 71ad 8a70 7a0e 71ce 8270 8291 82b1 7a50 69ad 618d 7a50 92f2 720f 8ad1 a3d5 9333 82d1 9bd4 ac55 bd18 9bb2 8aaf 610a 4868 4888 720e a3b3 936f ee19 9b2f 4887 48a7 4887 4887 58a7 7989 7128 6907 7949 6928 60a7 60a7 58a7 5887 58c8 60c8 60c8 6929 81aa 60c7 60e8 6108 60e8 58a7 60a7 70e8 70e7 9188 aa2a c28b c28b c2aa b229 9188 6886 5866 68c8 818a aa2b ba6a c28a caaa d2eb db0b daec d2eb db0c db0c db0c db0c db0c db2c db4c db4c db4d db4d db4d db4c db6d db6d db6d db6d db6e db8e db8d e3ae e3ae e3ae e3ce e3ce e40e e40f e44f dc2f e44f e470 e470 e46f e490 e4b0 e4d0 e4d1 e4f1 e511 ed31 ed51 e531 e572 ed92 ed92 ed92 edb2 edd3 edd3 f5f4 ee14 f615 f615 f635 f636 f636 f656 f656 f677 f697 feb8 feb8 f6b7 f677 c473 6127 5886 5887 60a7 6086 6086 68c8 5866 5866 89e9 d3ef d40f c36c c38d c3ee cc0e c3ee c3ee cc0e c3ee c3ee c3ee c3ce bbce bbce c3ee bbce bbae bbce bbae bbae bbce bbcf bbae bbae bbae bbae bbae bbae b3ae b38e ab6e ab6e ab6d b34d b32c b32c b2eb bb2b c38b d40c d44c dc8d dcce e54f edb0 f632 f673 f694 f693 f693 fe93 fe93 f672 f652 f651 f631 edaf d48d b30a 99e8 8968 91a9 99c9 99e9 99e9 99e9 99e9 9a2a aa6b aa4a aa6b b28b b28a aa6a a22a a1ea 99c9 99c9 99e9 a20a a24a a24b a24b a24b 9a4b 9a4c 
4826 5046 5887 60e8 79cb 930f ac12 b4b3 bcf4 bd14 c514 bcd3 bc92 abf0 a34e 79c9 58a7 5826 6886 8968 bacb d36c dbcd e42e ec8f eccf ecef ecef ecef eccf eccf ecef f4f0 f4f0 f4cf ec8e ec4e e3ed db8c cb2c aaaa e4b3 a2ac 7989 58e8 4887 50a8 50a8 50a8 5088 58e9 58e9 614a 694a 58c8 5087 58a8 58c8 58e8 58e8 5087 50a8 58a8 58a8 718b a332 9ad1 610a 50c8 694a 79ab 692a 5087 5067 4847 5088 58a9 81ed 7a0e 696b 71cd 71ad 58ea 692b 71ce 7a0f 79ee 71ee 8af1 8b11 8b12 8290 616c 71ee 7a4f 71ee 82b0 abd5 9b74 9bb5 9bf4 a434 b475 7a8d 696a 716b 5088 50a9 722d bc96 ac32 edf9 a391 48a7 4887 4867 4867 58a7 8189 7107 7107 8169 7128 60c7 60c7 58c8 58a7 58c8 58c8 60e8 7129 796a 60c8 60c8 58c8 58c8 5887 60c7 68c7 70e6 91a8 aa09 ba6a ba4a c28b b22a 99a9 6886 5866 68a7 89a9 aa0a c26a ca8a caaa daeb daeb daeb d2cb d30b db2c db2c daec daec db0c db2c db2c db4d db6d db6d db6d db6d db6d db6d db6d e3ae e3ae e38e e3ce dbae dbae e3ce dbce e40f e40e e42f e42f e42f e44f e44f e46f e490 e4b0 e4d1 e4d1 e4f1 e511 e532 e511 e531 e552 e572 ed72 ed92 edb3 edd3 edd3 edd4 f5f5 f615 f615 f616 f636 f636 f656 f657 f677 f698 f698 f6b8 f6b7 f6b7 e5d6 826b 5886 5867 6087 6067 6066 6087 5026 6086 9a6b d410 d42f bb6c c3ad c3ee c40e c40e c3ee cbee c3ee c3ee c40e c3ee c3ee c3ee c40f bbcf bbce bbcf bbae bbae bbae bbae bbae bbae bb8e bbcf b3ae b38e b3ae b38e ab6e ab4d ab6d ab2d b32d ab0c b32c bb6c cbed dc4d e4ce ed2f ed6f edb0 f612 f632 fe73 fe93 f693 f693 f693 f673 f672 f652 f631 f5f1 e52e cc0c aaa9 91a8 91a8 99c9 a20a a20a 99ca 99ca a209 aa4a a24a aa6b b28b baab b28a b24a a209 99e9 91c9 91c9 99e9 a20a a24b a24b a26b 9a2b 9a4c 9a4c 
4066 4866 4887 58e8 71cb 9b50 ac32 b4b3 bcf4 bcf4 c514 c4f3 bc92 b410 ab6f 81e9 5085 5045 6885 9188 c2ca db6c dbcd ec4e e46e eccf ecef ed0f ecef eccf ecef ed10 ecef ecee ecee ecae ec6d e40d e3ac cb0b a24a bb2e 9a8d 820b 50a7 5087 50a8 58c8 4887 4886 58e8 5909 694a 60e9 58e8 58a8 50a8 50a8 50e8 50a8 5087 5088 58a9 58c9 69cb 9b72 9310 50c8 50a7 612a 81ed 6109 4867 4846 4887 58c9 5088 610b 820e 824f 7a0e 7a2e 590a 590a 696b 718c 8250 71ae 8ad1 8ab1 8ad1 8ab0 71ee 71ae 7a0f 71ee 722e 9bb3 a435 ac96 9bd4 ac35 ac14 82af 4887 58e9 694b 610a 69ac c496 c4f6 e5f9 932f 4085 4086 4066 4866 60e8 818a 70e7 7106 8189 7128 60c7 60c7 60c8 5887 58a8 58e8 60e7 6927 7148 60a7 5887 58a8 6909 60e8 60c7 68c7 7907 99c9 aa2a ba49 c269 ba28 a9e8 99e8 70c5 6065 70e7 91c9 aa2a ba6a ca8a d2ab dacb dacb dacb d2ab daec d30c d30b d32c d32c db2c db2c db4d db4d db4c db4c db4c db4d db4c db4d e36d db8e dbae dbad dbad dbad dbad dbce e3ce e3ee dbcd e40e e42e e42f e44f e46f e470 e490 dcb0 dcb0 dcd0 e4f0 e511 e511 e511 e531 e551 e551 e572 e572 e592 edd4 edd3 edf4 edf4 ee14 ee35 f635 f636 f636 f657 f657 f657 f677 f698 fe98 f6b8 feb8 f698 bc71 5906 5066 58a6 5886 5866 6086 5046 6086 aa8b d3ce dc50 bb6c c3ad cc0e cc0e cc2f c3ed c3ed c3ed c40e c3ee c3ee c3ee c3ee bbce bbce bbae bbaf bbcf bbaf bbae bbae b3ad b3ad b3ae b3ae b3ae b38e b38e b38e ab4d ab4d ab2c ab2c b30c b30c c34d d3ee d46e dcee e54f ed90 edd0 f5f1 f632 f673 f693 f694 fe93 fe93 fe93 fe73 f653 fe52 f610 edcf dccc c38a a228 99c9 99c9 a1ca a209 a1e9 99c9 a1c9 aa0a aa2b aa4b b28b b28a aa8a aa8a a24a 9a09 99e9 91c9 99ea 99e9 a22a aa4b aa6b a24b 9a2b 9a4c a26c 
4866 4867 5087 58e8 718a 92ee ac11 b493 bd14 c534 c514 c4f3 bcb2 b451 a36e 6968 5066 5046 68c7 9188 bacb db6d dbcd e42e e46f ecef ed0f ed0f ecef ecef ecef ecef f50f ecef f4ef ecae ec6e ec0d e3ac d32c aa8c a28c b3b0 92ee 50c7 48a8 50c8 50c8 50a7 50a7 58c8 6109 60e8 60e8 58c8 58c8 50a8 58a8 58c8 50c8 58c8 50a8 50a8 590a 826f b3f4 92d0 50a8 5067 58c8 79cb 6129 50a7 4867 50c8 58e9 50a8 58ea 610a 696b 71cc 71cd 612a 610a 71cd 612b 7a0e 7a2f 8270 8ad1 7a6f 7a4f 71ee 71ee 7a0f 69ce 7a4f 9b94 ac36 ac56 a435 a435 ac75 9b93 5109 4868 716c 610a 614b bc76 cd77 d5d8 82ad 4086 4087 4867 4866 60e8 796a 68e7 7127 920c 7149 58a7 60c8 58a7 5887 60c8 58a7 60c7 6928 7129 60c7 5887 58a7 60e8 60c7 68e7 70e7 8968 a229 ba6a ba69 b209 b208 b229 a20a 78e6 6066 68c7 91ca a1e9 c2ab caaa d2cb daeb db0c d2eb d2eb d2ec db0c db2c db4c db2c db4c db4c db2c db2c db6d db4c db4c db4c db6c db6c db6d db8e db8d e3ad db8d db8d e3ae dbae dbce dbee e40e e40e dc0e dc2f e44f dc4f e470 dc70 e4b0 e4b0 e4d0 e4f1 e4f1 dcf1 e531 e552 e552 e572 e592 e592 ed93 edd4 edd4 edf4 ee15 ee15 ee15 ee35 f636 f636 f677 f677 f677 f677 f698 f698 f6b8 f6d8 f6b8 ddb5 822b 5865 5866 5846 5826 5866 5005 6086 b30d d3ee d42f bb8c c3cd cc0e cc2e c40e c40e cc0e c40e c3ee c3ee c3ce c3ee c3ee c3ee c3ee bbce bbce bbce bbae bbae bb8e b38e bbae bb8e b38e b38e b38e b38e b36e ab4d ab2d ab4d ab2c b30c bb2b cbcd dc6e e4ef ed70 f5d0 f5d0 f5f1 f611 f652 fe73 fe93 fe93 f693 fe93 fe93 f673 f652 f632 f5f0 ed4f d40c b2c9 99e8 99e9 99e9 99e9 a20a 99e9 a209 a22a aa4a aa2a b26a b26a b2aa b28a aa4a a22a 99e9 91c9 99e9 99e9 a20a a24a a24b a24b 9a2b 9a2b 9a4c 9a6c 
4846 5067 5088 58c8 696a 8aae a3d1 b493 bd14 c514 c534 c4f3 bcb2 b430 9b2e 7189 5087 5046 68a6 91a9 baab d36c dbcd e42e ec8f eccf ed0f f510 ecef ecef ed0f ecef ed0f ed0f f4ef f4ae ec6d ec2d e3ac cb4c bb2e ab0e bbb0 79ea 50c7 50e9 58e9 50a8 50a8 50c8 6129 6129 58c8 58e8 58e8 58c8 50c7 50c8 50e8 58e8 58c8 50a9 50a9 612b 8af1 abf4 8a8f 50c9 4867 5088 71ab 718b 58a8 5067 6109 60e9 5087 6109 612a 50c8 50a8 612a 58c9 58c9 79ed 614c 69ad 8270 7a2f 8a91 8270 7a2f 71ce 71ce 7a0f 71ce 7a50 9b93 a3f4 ac55 9bb3 9372 bcf7 9bd2 6a0c 4888 58c9 50c8 614a b434 cd98 c557 720c 4087 4887 48a8 50a7 7149 81ca 7107 7107 89eb 7169 60e8 60e8 58c8 60e8 60c8 58a7 60e8 7129 6908 58a7 5887 58a7 58a7 60a7 70e7 70e7 9189 aa29 b24a b209 aa08 ba4a ba8b aa0a 78c6 6086 68c7 99ea a1e9 ba4a caab d2eb db0c db0b daeb d2cb dacb db0c db2c db2c db2c db4c db4c db4c db0b db4c db4c db4c db4c db6c db6d db6d db6d db6d db8d db8e db8d db8d dbae e3ce e3ee e40e e40e dbee e42f dc0f e42f e470 e490 e4b0 e4b0 e4b0 e4d1 e4f1 e4f1 e511 ed52 e552 e552 e572 e572 ed92 edb3 edd3 edf4 f615 f615 f615 f636 f636 f636 f657 ee57 ee77 f677 f677 f698 f6b8 f6b8 f6d8 f677 bbf1 5885 5045 5826 5046 5846 5025 68c7 bb2d d3ee d40f c38d c3cd cbef c40e cc0e c40e cc2f c3ee c3ee c3ee c3ee c3ee c3ee c3ee c3ce bbee bbee bbae bbae bbce b38e b38e b38e b38e b3ae b38e b36e b36d b36d ab4d ab2d ab2c b30c bb2c c3ac dc6e ed0f ed70 f5d1 f5f1 f5f1 f611 fe32 f652 fe93 feb3 feb4 fe93 fe93 fe93 fe72 f651 f611 edaf e4ee c36a aa48 a1e8 99c9 a1e9 a1e9 a209 99c8 a209 aa4a aa6b b26a b28a b28a baab b26a aa2a a209 99e9 99e9 99ea a20a a22a aa4a a24b a24b 9a0a 9a4b 9a6c 9a8c 
4846 4846 5067 58e8 696a 8aad a3d1 b472 bcd3 c514 c514 c4f3 b4b2 ac10 9b2e 7189 5066 5025 6886 9188 c2aa d36c dbcd e44e ecaf f4ef ecef ecef ecef ecef ecef ecef ed2f f50f f50f ecaf ec6e ec0d dbac d34c dc71 bbaf a30e 6128 50c7 5909 58a8 5067 50a8 610a 692a 58e8 50a7 58a8 58c8 5087 5067 58a8 58e8 58c8 50a8 50a9 50a9 69cd 9bb4 a3b3 824e 58a8 4867 4867 6949 718a 58c8 5067 694a 6129 58c8 5909 616a 50e9 4868 50c9 590a 58ea 698c 71cd 616c 7a70 7a4f 8290 8af2 7a4f 7a4f 69ae 698e 616d 8270 9b74 a3d5 a3b4 8af1 a3d4 bc96 8b10 9310 50e9 50a9 4888 5929 b414 cd77 a412 5949 48a7 4046 4866 5086 7169 81ca 68e6 7927 81a9 7128 60c7 6908 60c7 60c7 58a7 60a7 60c8 6949 6949 6129 58a7 58a7 5887 68c7 70c7 7927 99c9 a9e9 b1e8 b229 ba4a cacb c2ab aa2a 7907 6886 70c7 9a0b a20a ba6a cacb d2eb db0b daeb daeb daeb db0b db2c db2c db2c db2c db4c db4c db4c db0c db2b db2c db2c db4c db2c db4c db6d db6d db8d db8e db8d db8d db8d dbce dbcd dbee dbee dbee dc0f e40f dc2f e470 e470 e470 dc90 e4b0 e4b0 e4b0 e4d1 e4f1 e511 e511 e532 e572 e572 e572 e593 edb3 edd3 edd4 edf4 f615 ee15 f635 f636 f636 f656 f657 ee77 f677 f677 f698 f698 feb8 f6d7 f697 e596 6967 5066 5046 5046 5066 5025 6907 c36e d3cd cbee c3cd c3ee cc2f c40e c40e c40e cc0e c40e c3ee c40e c3ed c3ee c3ce c3ce bbce bbce bbce bbae bbae b38e b38e b38e b38e b38e b38e b38e b38e ab6d ab4d ab4d ab2d ab2d b30c bb4c d40e e550 edd1 f612 f632 f612 f612 f611 fe32 f652 fe93 feb4 f694 fe93 fe93 fe93 fe72 fe31 f5f0 ed2e dc4c baea aa08 a1c8 a1e9 a1c9 a1c9 a1c9 a1c9 aa2a aa4a b26a b28a b28a baab baab aa4a 9a09 99ea 99ea 99c9 9a0a a22a a24a aa4a a22b a24b 9a4b 9a6c 9a8c 9a8c 
4826 4846 4826 5087 6129 826d a3b1 ac52 b4b3 bcf4 c514 c4f3 bcb2 ac10 9b4e 71c9 5086 5025 6886 8968 baaa d32b dbcc ec4e ecae ecef ecef ed0f ecef ecef ecef ecef f50f f50f f4ef f4af ec8e ec0d e38c d34b e451 b36e 92ee 5928 50a7 58e9 50a8 5087 58e9 694a 60e9 58c8 5087 58c8 58c8 58a8 5087 58c8 58e8 5087 4867 4888 50ca 8270 a393 a372 820d 58a8 50a7 50a7 58c8 6929 58c8 5088 718b 6109 50c8 58e8 5929 590a 48a8 50c9 58c9 50c9 610a 71ad 614b 822f 71ee 8a91 92f2 8290 720e 71ee 69ae 592c 7a50 a3b5 ac15 9373 8b11 ac35 ac76 9372 a3b4 826f 590b 50c9 616a b455 bcd6 82cf 722d 720d 4867 4867 5066 7969 81aa 7107 7948 818a 7108 60a7 68e8 58a7 60c7 60c7 58a7 60e8 68e8 60e8 6109 58e8 58a7 60c7 68e7 70e7 8127 9988 b209 ba2a c26a caab caaa c28b aa0a 80e6 6065 7907 99ea aa2a ba6a caab d2eb db0c daeb daeb db0c db0c db2c db2c db0c db0c db2c db2c db2c db2c db2b db0c db2c db2c db2c db4c db6d db6d db8d db8d db8d db8d db8d dbad dbce dbee dbee dbee dc0e e40f dc2f e44f e46f e470 e490 e490 e4b0 e4d1 e4d1 e4f1 e4f1 e511 e532 e552 e573 e573 e592 edb3 edd3 edd4 edf4 edf5 f615 f615 f636 f656 ee56 ee57 ee57 ee77 ee77 f677 f698 feb8 f6b7 f6b8 f657 9b0d 58a6 5066 5026 5026 5025 7927 cbae cbad cbcd cbcd c40e c40e c40e c40e c40e c40e c3ee c3ee c3ee c40e c3ee c3ee c3ee c3ce bbce bbce bbce bbae b38e b38e b38e bb8e b38e b38e ab6e ab6e ab8e ab6d ab6d ab4d b30c b30b c3ac e4af f5b2 f613 fe53 fe53 f653 f612 f611 f631 f652 fe93 feb4 f694 fe93 fe93 fe93 fe52 f611 f5af e4ad cbcb b269 a209 99c9 a1e9 a1e9 a1e9 99c9 aa0a aa2a b22a ba8a ba8a ba8a baab baab aa4a 9a0a 91c9 99c9 99ea 9a0a a24a a26a a26b a26b 9a4b 9a4b 9a6b 9a6c 926c 
4026 4826 4846 5067 60e8 824d a391 b453 b4b3 bcf4 c534 c514 bcd2 b451 a34e 71a9 5066 5846 6886 8948 ba8a d34c e3ed e44d ecaf eccf ed0f ed0f ed0f ed0f ecef ed0f f50f f50f f4ef ec8e ec4d ec0c e3ac d36c d40f b38f 7189 58e8 50a7 60e9 5087 58c8 6129 6109 58a8 58a8 5087 50a7 50a8 5087 5067 58c8 58a8 4847 4868 4889 69ad a394 9b72 9b52 822e 58e8 50a8 48a7 50c8 5909 58c8 58c8 71ab 60e9 58e9 58c8 50a8 5909 50a8 58c9 58c9 50a8 58c9 698c 614b 7a0e 69ac 8290 9353 8af1 69ac 614b 614c 592b 69ee abf5 a415 9bb3 9bf4 ac55 9b93 69ed 9b92 ac15 8ab2 7a30 82d1 c4d8 abd4 7a4e b476 9bb3 48a8 4867 5886 81aa 8189 70e7 7948 7928 68e8 60c7 60e7 60c7 6908 60a7 60c7 60c7 60e8 60c8 58c8 6109 60c8 68e8 70e8 7907 9188 a1e9 c26a ca8a caaa d2eb caca c28a aa2a 80e6 6085 8149 99ea b22a c24a d2ab daeb db0c d30c db0c db0c d2eb db2c db2c db2c db0c e32c db2c db2c db0c db2c db2c db2c db2b db4c db4c db6d db8d db8d db8d db8d db8d db8d dbae dbad e3ce dbce dbee dc0e dc0f dc2e e46f e44f e44f e46f e470 dc90 e4d1 e4d1 e4f1 e511 e511 e531 e552 e572 e572 e593 edb3 edb3 edd4 edf4 ee15 f635 f636 f636 f657 ee56 ee56 f677 f677 f698 f698 f698 f698 feb8 feb8 fe98 c491 5906 4825 4826 5026 5024 8188 cbae cb8d cbad c3ad cc2f c40e c40e c3ee c3ee c3ee c3ee c3ce c3ce c3ee c3ce c3ce bbce bbee bbae bbae bbce bbad bbad bbad b38e b36d b38e b36d b34e ab4e ab6e ab4e ab6d ab4d b30c b32b cc0d ed51 f612 fe73 fe94 fe94 fe73 f632 f632 f652 fe73 fe93 feb4 feb4 feb3 fe93 fe72 fe31 f5f0 ed4e dc2b c32a aa48 a1e8 a1c8 a1e9 a1c9 a1c9 a1e9 aa09 aa2a b24a ba8b ba8a ba8b baab b28b a20a 99ea 99c9 99c9 99ea a22a a24b a26b a26b 9a6b 9a6c 9a4b 9a6c 926c 8a0b 
4025 4846 4826 4846 58e8 7a0c 9b50 b432 bcd3 c514 c534 c513 bcb2 b451 a36e 79c9 5086 5025 6065 8947 baaa d36c dbcd ec4e ecaf ecef ed0f ed0f ecef ecef ecef ed0f ed0f f50f ecee f48e ec6d ec0c e3ac d34c cbae b30e 60e7 5087 50a8 58e9 58e9 610a 60e9 58a8 58a8 5087 5067 58a7 5087 58a8 58a8 58a8 5068 4868 4888 594b 9332 9b73 92f0 9b10 71cc 50a8 4887 5088 50a7 58c8 60e8 6109 694a 58a7 60e8 5087 5087 58a8 50a8 5909 60ea 58c9 5088 694b 614b 616b 614b 69cd 9b53 9b53 71cd 58ea 592c 616d 722f a3f5 a3f5 9bd4 a435 ac56 abf5 720d 7a6e abd3 720d 7a8f ac76 bcf8 a415 9bf4 c578 9bf2 48c8 4867 58a7 7169 7129 60c7 7128 7108 7128 6908 60c7 6908 7149 60c7 60a7 60c8 60c8 60a7 58c8 60e8 60e8 68e8 70e8 8148 a1c9 ba6a caab caab cacb cacb caca c2ab aa2a 8107 68a6 8189 99ea aa2a c26a caab d2eb d2eb db0c db2c db2c db2c db2c db2c db2c db2c e32c e32c db2c db2c db2c db2c db2b db2c db4c db4c db4d db6d db6d db8d db8d db8d dbad dbae e3ae dbce dbce e3ee dbee e40f dc2f e44f dc4f e450 dc6f e470 dc8f e4d0 e4f1 e4d0 e4f1 e511 e531 e552 e552 e573 e573 ed93 edb4 edb4 edf4 ee15 f615 f635 f636 f636 f636 f657 f677 f677 f677 f678 f678 f698 feb8 feb8 f6b7 dd95 71c9 4825 4826 4825 5045 91ea cbae cbad cbee c3cd cc4f c40e c40e c40e c3ee c3ee c3ee c3ee c3ee c40e c3ee c3ce bbce bbce bbcd bbce bbce bbce bbae bb8e b38e b38e b38e b38e ab6d ab6e ab4d ab4d ab4d ab2d b30c bb2b d44d f5b1 fe54 fe94 feb4 fe94 fe93 f652 f652 f652 fe93 fe93 feb4 feb4 fe93 fe73 fe72 fe31 f5af e4cd cbaa baa9 aa08 a9e9 a9e9 a1c9 a1c8 a1a8 a1c9 a9e9 b24a b24a b26a ba8a ba8a b26a aa2a a20a a1ea 99c9 99e9 a20a a24b a26b a26b a24b 9a4b 9a6c 924b 9a8c 926c 8a0b 
4846 4846 4846 5046 58c7 79ec 9b2f ac12 bcd4 c514 c534 c513 bcd2 b431 a38f 79ea 58a7 5825 6865 8947 ba8a d34c dbed e44d ecaf f50f ed0f ed0f ecef ecef ed0f ed0f f50f f50f f4ee ecae ec6d ec0d e3ac d34b cb6d b32e 6108 58a8 58e9 6129 6109 6109 58a8 5067 58a8 5087 5887 58a8 5087 58a8 58c8 5088 4868 4888 614b 8a6f a332 7a0d 824d 8a6e 6129 5088 50a8 4887 50a8 50a8 6109 718b 694a 5087 60e8 5087 4867 5067 58c9 610a 694b 58ea 4867 696b 616b 612b 592b 594b 8af1 9b73 8270 592b 618d 7a50 7a90 a3d5 9bd4 a3d4 a455 ac96 ac36 9b52 824e ab72 824e 8af1 b4b6 ac95 8b50 82ee 934f 71ca 5087 5887 60c7 7969 6908 60a7 7128 68e7 7169 6928 60e7 60e8 6928 60e7 68e8 6908 60a7 60a7 60c7 60c7 60a7 7928 7908 9189 aa2a c2ab caab cacb cacb cacb cacb caac a9ca 80c7 68a6 89aa 99ea aa2a c28a ca8a d2ca daeb daeb db0c db2c db2c db2c db2c db4c db4c db2c db2c db0c db0b db2b db0b db2c db2c db4c db4c db4c db6d db4d db4d db6d db8d dbae dbae dbce dbad dbce e40f dc0e dc0f dc2f dc0e e44f e450 dc4f e471 e490 e4b1 e4d1 e4d1 e4d1 e4f1 e552 e552 e552 e572 e593 e5b3 e5b3 e5b4 edd5 edf5 edf5 f616 f636 ee16 ee36 f636 f677 f677 f678 f678 f677 f697 f697 feb7 f6b7 ee37 9b0e 4845 4826 4826 5865 920a cb8d cb8c cbcd c3ce cc4f c42e c3ee c40f c3ee c3ee c3ce c3ce c3ce c3ee c3ce c3ce bbce c3ce bbad bbce bbce bbae bbad b38e b36e b36e b38e b38e ab6d ab6e ab4d ab2d ab2c b32c b30b bb4b d4ae f5d1 f653 f694 fed5 feb4 fe73 fe53 f653 f673 f673 f693 feb4 fe94 fe93 fe72 fe71 f5f0 ed4e dc4c cb4a ba69 b229 aa09 aa09 a1c8 a1c9 99a8 a9e9 aa09 aa4a b26a b28a baaa b28a aa4a a20a a1ea 99ea 99e9 9a09 a22a a26b a24b a26b a26c 9a6b 9a6c 926b 926c 8a0b 81ca 
