6c95 6c96 6c96 6c96 6c96 6cb6 6cb6 6cb6 6c96 6c96 6c96 6c96 6c96 6c96 6c96 6c96 6c96 6c96 6c96 6c96 6c96 6c96 6c96 6c96 6c95 6c96 6c96 6cb6 6cb6 6cb6 6cb6 74b5 7493 7452 84b3 9535 9d55 a556 a575 94f3 a554 ad96 a595 a576 ad76 b5b6 b5b6 b5b6 adb5 adb5 adb6 b5b6 b5b6 b596 b5b6 b5b6 b596 b596 b5b7 b5b7 b597 b597 b5b7 b5b7 ad96 adb6 adb6 b5b6 b5b6 b5b7 b5b6 b5b6 ad75 a555 b5b6 b5b6 b5b6 b5b6 b5b6 ad76 a575 9555 84f5 74b5 74b5 6cb6 6cb6 6cb6 6cb6 6cb6 6c96 6c96 6c96 6c96 6c96 6c96 6c96 6c96 6c96 6c96 6c96 6c96 6c96 6c96 6c96 6c96 6c96 6c96 6c96 6c96 6c96 6c96 6cb5 6cb5 6cb5 6cb5 6cb5 6cb5 6cb6 6cb6 6c95 6c96 6cb6 6cb6 6cb6 74b6 84f6 8d36 8d36 8d36 8d36 8d36 8d36 8d36 8d36 8d36 8d36 8d36 8d36 8d36 8d36 9556 8d36 8515 6c94 6cb5 6cd5 6cd6 6cb5 6cb6 6cd6 6cd6 6c95 6c95 6cb6 6cb6 6cb6 6c96 7496 7496 6c96 6c96 6c96 6c96 6c96 6c96 6c96 6c96 6c96 6c96 6c96 6c96 6c96 6c96 6c96 6c96 6c96 6c96 6c96 6c96 6c96 6c96 6c96 6c96 6c96 6c96 6c96 6c96 6c96 6c96 6c96 6c96 6c96 6c96 6c96 6c96 6c96 6c96 6c96 6c96 6c96 6c96 6c96 6c96 6c96 6c96 6c96 6c96 6c95 6c95 6cb6 6cb6 6c96 6c96 6cb6 6cb6 6c96 6c96 6c96 6c96 6c96 6c96 6c96 6c96 6c96 6c96 6c96 6c96 6c96 6c96 6c96 6c96 6c96 6c96 6c96 6c96 6c96 6c96 6c96 6cb5 6c94 74b4 8d35 9d56 9d76 9d56 9d35 9d56 9d56 9d56 9d76 9d76 9d56 9d56 a556 a556 9d76 9d76 9d76 9d76 9d76 9d76 9d76 9d76 9d56 9d56 9d56 9d56 9d56 9d56 9d56 9d56 9555 9d75 9d76 9d56 9d56 9d56 9d76 9d76 9d56 8d16 7495 74b6 6cb6 6cb7 74b6 74b6 6c96 6c96 6c96 6c96 6c96 6c96 6c96 6c96 6c96 6c96 6c96 6c96 6c96 6c96 6c96 6c96 6c96 6c96 6c96 6c96 6c96 6c96 6c96 6c96 6c96 6c96 6c96 6c96 6c96 6c96 6c96 6c96 
6cb6 6cb6 6cb6 6cb6 6c96 6c96 6c96 6c96 6c96 6c96 6c96 6c96 6c96 6c96 6c96 6c96 6c96 6c96 6c96 6c96 6c96 6c96 6c96 6c96 6cb6 6cb6 6cb6 6cb6 6cb6 6cb6 6cb6 6cb5 6c95 7494 7473 7c73 7473 7c93 7c93 7c72 8cd3 a575 a575 a555 ad96 b5b6 b5b5 b5b6 b5b6 b5b6 b5b6 b5b6 b5b6 ad95 b5b6 b5b6 b5b6 b5b6 b5b6 b5b6 b5b6 b5b6 b5b6 b5b6 b5b6 b5b7 b5b6 b596 b5b6 b5b6 b5b6 b5b6 ad96 a575 a595 ad96 adb6 ad96 a596 a576 a596 9556 7494 74b5 74b5 6cb5 6cb6 6cb6 6c96 6c96 6c96 6c96 6c96 6c96 6c96 6c96 6c96 6c96 6c96 6c96 6c96 6c96 6c96 6c96 6c96 6c96 6c96 6c96 6c96 6c96 6c96 6c96 6cb5 6cb5 6cb6 6cb6 6c96 6c96 6cb6 6cb6 6c95 6cb6 6cb6 6cb5 6c95 74d5 8d57 8d36 8d36 8d36 8d36 8d36 8d36 8d36 8d36 8d36 8d36 8d36 8d36 8d36 8d36 8d36 8d36 8d36 7cf6 74b5 6cb5 6c95 6cb5 74b6 6c96 6c96 6c96 6c95 6cb6 6cb6 6cb6 6cb6 6cb6 6cb6 6c96 6c96 6c96 6c96 6c96 6c96 6c96 6c96 6c96 6c96 6c96 6c96 6c96 6c96 6c96 6c96 6c96 6c96 6c96 6c96 6c96 6c96 6c96 6c96 6c96 6c96 6c96 6c96 6c96 6c96 6c96 6c96 6c96 6c96 6c96 6c96 6c96 6c96 6c96 6c96 6c96 6c96 6c96 6c96 6c96 6c96 6c96 6c96 6cb6 6c96 6cb6 6cb6 6c96 6c96 6cb6 6c96 6c96 6c96 6c96 6c96 6c96 6c96 6c96 6c96 6c96 6c96 6c96 6c96 6c96 6c96 6c96 6c96 6c96 6c96 6c96 6c96 6c96 6c96 6c96 6c95 74b5 8d37 9d77 9d56 9d76 9d76 9d56 9d76 9d76 9d76 9d76 9d76 9d76 9d76 9d76 9d76 9d76 9d76 9d76 9d76 9d76 9d76 9d76 9d76 9d76 9d76 9d76 9d76 9d76 9d76 9d76 9d76 9d76 9d76 9d76 9d76 9d76 9d76 9d76 9d76 9d76 9557 74b5 6c95 6c96 6cb6 6cb6 6cb6 6c96 6c96 6c96 6c96 6c96 6c96 6c96 6c96 6c96 6c96 6c96 6c96 6c96 6c96 6c96 6c96 6c96 6c96 6c96 6c96 6c96 6c96 6c96 6c96 6c96 6c96 6c96 6c96 6c96 6c96 6c96 6c96 
6cb6 6cb6 6cb6 6cb6 6cb6 6cb6 6cb6 6cb6 6cb6 6cb6 6cb6 6cb6 6cb6 6cb6 6cb6 6cb6 6cb6 6cb6 6cb6 6cb6 6cb6 6cb6 6cb6 6cb6 6cb6 6cb6 6cb6 6cb6 6cb6 6cb6 6cb6 6c96 6cb6 6cb5 74b5 6c95 74b5 74b5 74b5 7473 7452 8cd3 9d55 a575 adb6 b5b6 b5b6 b5b6 b5b6 b596 b5b6 b5b6 b5b6 ad75 b5b6 b5b6 b5b6 b5b6 b5b6 b5b6 b5b6 b5b6 b5b6 b5b6 b5b6 b5b6 b5b6 b5b6 b5b6 b5b6 b5b6 adb6 a575 a576 a596 a575 a596 a596 a596 a596 9d76 84d5 7494 74b5 6cb5 6cb5 6cb5 6cb6 6cb6 6cb6 6c96 6c96 6cb6 6cb6 6cb6 6cb6 6cb6 6cb6 6cb6 6cb6 6cb6 6cb6 6cb6 6cb6 6cb6 6cb6 6cb6 6cb6 6cb6 6cb6 6cb6 6cb6 6cb6 6cb6 6cb6 6cb6 6cb6 6cb6 6cb6 6cb6 74b6 74b5 74b5 7cd5 7cd5 8516 8d36 8d36 8d36 8d36 8d36 8d36 8d36 8d36 8d36 8d36 8d36 8d36 9536 8d36 8d36 8d36 8d36 8d36 8d16 7cd5 7cd5 7cf6 7cd6 7cd6 74b5 74b6 7495 7496 6cb6 6cb6 6c96 6cb6 6c96 6c96 6cb6 6cb6 6cb6 6cb6 6cb6 6cb6 6cb6 6cb6 6cb6 6cb6 6cb6 6cb6 6cb6 6cb6 6cb6 6cb6 6cb6 6cb6 6cb6 6cb6 6cb6 6cb6 6cb6 6cb6 6cb6 6cb6 6cb6 6cb6 6cb6 6cb6 6cb6 6cb6 6cb6 6cb6 6cb6 6cb6 6cb6 6cb6 6cb6 6cb6 6cb6 6cb6 6cb6 6cb6 6cb6 6cb6 6cb6 6cb6 6cb6 6c96 6c96 6c96 6c96 6c96 6c96 6c96 6cb6 6cb6 6cb6 6cb6 6cb6 6cb6 6cb6 6cb6 6cb6 6cb6 6cb6 6cb6 6cb6 6cb6 6cb6 6cb6 6cb6 6cb6 6cb6 6cb6 6cb6 6cb6 6cb6 7495 7cd6 9557 9d76 9d56 9d56 9d56 9d76 9d56 9d56 9d76 9d76 9d76 9d76 9d76 9d76 9d76 9d76 9d76 9d76 9d76 9d76 9d76 9d76 9d76 9d76 9d76 9d76 9d76 9d76 9d76 9d76 9d76 9d76 9d76 9d56 9d76 9d76 9d76 9d76 9d56 9d76 9577 7cd5 6c95 6cb5 6cb6 6cb6 6cb6 6c96 6c96 6c96 6c96 6c96 6c96 6c96 6c96 6cb6 6cb6 6cb6 6cb6 6cb6 6cb6 6cb6 6cb6 6cb6 6cb6 6cb6 6cb6 6cb6 6cb6 6cb6 6cb6 6cb6 6cb6 6cb6 6cb6 6cb6 6cb6 6cb6 6cb6 
6cb6 6cb6 6cb6 6cb6 6cb6 6cb6 6cb6 6cb6 6cb6 6cb6 6cb6 6cb6 6cb6 6cb6 6cb6 6cb6 6cb6 6cb6 6cb6 6cb6 6cb6 6cb6 6cb6 6cb6 6cb6 6cb6 6cb6 6cb6 6cb6 6cb6 6cb6 6c96 6cb6 6cb6 6cb5 6cb6 6cb6 6cb6 6cb5 74b5 7473 7c72 a575 a576 ad75 b5b6 b5b6 b5b6 b597 b597 b597 b597 b5b6 ad75 ad96 b5b7 b5b6 b5b6 b5b6 b5b6 b5b6 b5b6 b5b6 b5b6 b5b6 b5b6 b5b6 b5b6 b5b6 b5b6 b5b6 ad96 a576 a576 a575 a575 a575 a596 a575 9d76 8d15 74b5 74b5 6cb6 6cb6 6cb6 6cb5 6cb6 6cb6 6cb6 6c96 6c96 6cb6 6cb6 6cb6 6cb6 6cb6 6cb6 6cb6 6cb6 6cb6 6cb6 6cb6 6cb6 6cb6 6cb6 6cb6 6cb6 6cb6 6cb6 6cb6 6cb6 6cb6 6cb6 6cb6 6cb6 6cb6 6cb6 6cb6 6cb5 74b5 7cf6 8d16 8d36 8d36 8d36 9536 8d36 8d36 8d36 8d36 8d36 8d36 8d36 8d36 8d36 8d36 8d36 8d36 9536 9536 8d36 8d36 8d36 8d36 8d36 8d36 8d37 8d36 8d37 84f6 7cb5 7cd5 7cd6 74b5 7495 6cb5 6c96 6cb6 6cb6 6cb6 6cb6 6cb6 6cb6 6cb6 6cb6 6cb6 6cb6 6cb6 6cb6 6cb6 6cb6 6cb6 6cb6 6cb6 6cb6 6cb6 6cb6 6cb6 6cb6 6cb6 6cb6 6cb6 6cb6 6cb6 6cb6 6cb6 6cb6 6cb6 6cb6 6cb6 6cb6 6cb6 6cb6 6cb6 6cb6 6cb6 6cb6 6cb6 6cb6 6cb6 6cb6 6cb6 6cb6 6cb6 6cb6 6cb6 6cb6 6cb6 6c96 6c96 6cb6 6cb6 6cb6 6cb6 6cb6 6cb6 6cb6 6cb6 6cb6 6cb6 6cb6 6cb6 6cb6 6cb6 6cb6 6cb6 6cb6 6cb6 6cb6 6cb6 6cb6 6cb6 6cb6 6cb6 6cb6 6cb6 6cb6 6cb6 74b5 7cd6 9577 9d56 9d76 9d76 9d76 9d76 9d56 9d76 9d76 9d76 9d76 9d76 9d76 9d56 9d76 9d76 9d76 9d76 9d76 9d76 9d76 9d76 9d76 9d76 9d76 9d76 9d76 9d76 9d76 9d76 9d76 9d56 9d56 9d56 9d56 9d75 9d76 9d76 9d76 9d77 8d57 74b5 74b5 6cb5 6cb6 6cb6 6cb6 6cb6 6cb6 6cb6 6cb6 6cb6 6cb6 6cb6 6cb6 6cb6 6cb6 6cb6 6cb6 6cb6 6cb6 6cb6 6cb6 6cb6 6cb6 6cb6 6cb6 6cb6 6cb6 6cb6 6cb6 6cb6 6cb6 6cb6 6cb6 6cb6 6cb6 6cb6 6cb6 
6cb6 6cb6 6cb6 6cb6 6cb6 6cb6 6cb6 6cb6 6cb6 6cb6 6cb6 6cb6 6cb6 6cb6 6cb6 6cb6 6cb6 6cb6 6cb6 6cb6 6cb6 6cb6 6cb6 6cb6 6cb6 6cb6 6cb6 6cb6 6cb6 6cb6 6cb6 6cb6 6cb6 6cb6 6cb5 6cb5 6cb6 6cb6 6cb5 74b5 7493 7c72 a576 a576 a576 ad96 adb6 b5b6 b5b6 b5b6 b5b6 b5b6 ad96 ad75 ad96 adb6 b5b6 b5b6 b5b6 b5b6 b5b6 b5b6 b5b6 b5b6 b5b6 b5b6 b5b6 b5b6 b5b6 b5b6 ad96 ad75 a576 a575 ad95 ad75 a595 a575 a575 8d14 7cb4 7495 74b6 6cb6 6cb6 6cb6 6cb6 6cb6 6cb6 6cb6 6cb6 6cb6 6cb6 6cb6 6cb6 6cb6 6cb6 6cb6 6cb6 6cb6 6cb6 6cb6 6cb6 6cb6 6cb6 6cb6 6cb6 6cb6 6cb6 6cb6 6cb6 6cb6 6cb6 6cb6 6cb6 6cb6 6cb6 6cb6 74b6 74b6 7cf6 8d37 8d36 9536 8d36 8d36 8d36 8d36 8d36 8d36 8d36 8d36 8d36 8d36 8d36 8d36 8d36 9536 8d36 8d36 9536 8d36 8d36 8d36 9536 9536 8d36 8d36 8d36 8d36 8d36 8d16 8d36 8d36 8d56 7cf6 74b5 74b6 6cb5 6cb6 6cb6 6cb6 6cb6 6cb6 6cb6 6cb6 6cb6 6cb6 6cb6 6cb6 6cb6 6cb6 6cb6 6cb6 6cb6 6cb6 6cb6 6cb6 6cb6 6cb6 6cb6 6cb6 6cb6 6cb6 6cb6 6cb6 6cb6 6cb6 6cb6 6cb6 6cb6 6cb6 6cb6 6cb6 6cb6 6cb6 6cb6 6cb6 6cb6 6cb6 6cb6 6cb6 6cb6 6cb6 6cb6 6cb6 6cb6 6cb6 6cb6 6cb6 6cb6 6cb6 6cb6 6cb6 6cb6 6cb6 6cb6 6cb6 6cb6 6cb6 6cb6 6cb6 6cb6 6cb6 6cb6 6cb6 6cb6 6cb6 6cb6 6cb6 6cb6 6cb6 6cb6 6cb6 6cb6 6cb6 6cb6 6cb6 6cb6 74b5 7cd5 9d57 9d76 9d76 9d76 9d76 9d56 9d76 9d76 9d56 9d76 9d76 9d56 9d76 9d76 9d76 9d76 9d76 9d76 9d76 9d76 9d76 9d76 9d76 9d76 9d76 9d76 9d76 9d76 9d76 9d76 9d76 a576 9d76 9d56 a556 a576 9d76 9d76 9d76 9557 84f6 74b5 74b6 74b5 6cb5 6cb6 6cb6 6cb6 6cb6 6cb6 6cb6 6cb6 6cb6 6cb6 6cb6 6cb6 6cb6 6cb6 6cb6 6cb6 6cb6 6cb6 6cb6 6cb6 6cb6 6cb6 6cb6 6cb6 6cb6 6cb6 6cb6 6cb6 6cb6 6cb6 6cb6 6cb6 6cb6 6cb6 6cb6 
6cb6 6cb6 6cb6 6cb6 6cb6 6cb6 6cb6 6cb6 6cb6 6cb6 6cb6 6cb6 6cb6 6cb6 6cb6 6cb6 6cb6 6cb6 6cb6 6cb6 6cb6 6cb6 6cb6 6cb6 6cb6 6cb6 6cb6 6cb6 6cb6 6cb6 6cb6 74d6 74b6 74b5 74b5 74b6 6cb6 74b6 74b6 74b5 7c94 7c72 9d35 ad75 a576 a576 ad95 ad95 ad96 ad96 ad96 ad96 ad96 a575 a575 a595 ad96 adb6 b5b6 b5b6 b5b6 b5b6 b5b6 b5b6 b5b6 b5b6 b5b6 b5b6 adb6 ad96 a575 a575 9d55 a575 a575 a576 a576 9d35 84b3 7c94 74b5 74b6 74b6 74b7 6cb6 74b6 6cb6 6cb6 6cb6 6cb6 6cb6 6cb6 6cb6 6cb6 6cd6 6cd6 6cb6 6cb6 6cb6 6cb6 6cb6 6cb6 6cb6 6cb6 6cb6 6cb6 6cb6 6cb6 6cb6 6cb6 6cb6 6cb6 6cb6 6cb6 6cb6 6cb6 6cb6 6cb6 74b6 74b6 8516 8d37 9536 9536 9536 9536 9536 9536 9536 9536 9536 9536 9536 9536 9536 9536 8d36 9536 9536 8d36 9536 9536 9536 9536 9536 9536 9536 9536 9536 9536 9536 9536 8d36 9556 8d56 8d56 7cd5 74b5 6cb5 6cb6 6cb6 6cb6 6cb6 6cb6 6cb6 6cb6 6cb6 6cb6 6cb6 6cb6 6cb6 6cb6 6cb6 6cb6 6cb6 6cb6 6cb6 6cb6 6cb6 6cb6 6cb6 6cb6 6cb6 6cb6 6cb6 6cb6 6cb6 6cb6 6cb6 6cb6 6cb6 6cb6 6cb6 6cb6 6cb6 6cb6 6cb6 6cb6 6cb6 6cb6 6cb6 6cb6 6cb6 6cb6 6cb6 6cb6 6cb6 6cb6 6cb6 6cb6 6cb6 6cb6 6cb6 6cb6 6cb6 74d6 6cb6 6cb6 6cb6 6cb6 6cb6 6cb6 6cb6 6cb6 6cb6 6cb6 6cb6 6cb6 6cb6 6cb6 6cb6 6cb6 6cb6 6cb6 6cb6 6cb6 6cb6 6cb6 6cb6 74b5 74d5 8d36 9d77 9d76 9d77 9536 9d76 9d76 9d76 9d76 9d76 9d76 9d76 9d76 9d76 9d76 9d76 9d76 9d76 9d76 9d76 9d76 9d76 9d76 9d76 9d76 9d76 9d76 9d76 9d76 9d76 9d76 a576 a576 a576 a576 9d76 9d77 9d77 8d37 84f5 7495 74b5 74b6 74b6 74b6 74b6 74b6 6cb6 6cb6 6cb6 6cb6 6cb6 6cb6 6cb6 6cb6 6cb6 6cb6 6cb6 6cb6 6cb6 6cb6 6cb6 6cb6 6cb6 6cb6 6cb6 6cb6 6cb6 6cb6 6cb6 6cb6 6cb6 6cb6 6cb6 6cb6 6cb6 6cb6 6cb6 6cb6 
6cb6 6cb6 6cb6 6cb6 6cb6 6cb6 6cb6 6cb6 6cb6 6cb6 6cb6 6cb6 6cb6 6cb6 6cb6 6cb6 6cb5 6cb5 6cb5 6cb5 6cb5 6cb5 6cb5 6cb5 6cb5 6cb5 6cb5 6cb5 6cb5 6cb5 6cb5 6cb5 74b5 74b5 74b6 6cb5 6cb6 6cb6 74b6 7495 7494 7452 94f4 ad75 a576 a596 a576 a575 a595 a595 a575 a575 a575 a575 a575 a575 a575 a595 ad96 adb6 b5b6 b5b6 b5b6 b5b6 b5b6 adb6 adb6 ad96 a596 a575 a596 a596 8cb3 84b3 8cd4 84d4 7cb3 7494 74b5 7495 74b6 6cb6 6cb6 6cb6 6cb6 74b6 6cb6 6cb6 6cb6 6cb6 74b5 74b5 6cb5 6cb5 6cb5 6cb5 6cb6 6cb6 6cb6 6cb6 6cb6 6cb6 6cb6 6cb6 6cb6 6cb6 6cb6 6cb6 6cb6 6cb6 6cb6 6cb6 6cb6 6cb6 6cb6 6cb6 6cb5 6cb5 6cb6 74b5 8516 8d36 9536 9536 9536 9536 9536 9536 9536 9536 9536 9536 9536 9536 9536 9536 9536 9536 9536 9536 9536 9536 9536 9536 9556 9556 9536 9536 8d36 9536 9536 9536 9536 9536 8d36 8d36 8516 74b5 6cb6 6cb6 6cb5 6cb5 6cb5 6cb5 6cb5 6cb5 6cb5 6cb5 6cb5 6cb5 6cb5 6cb5 6cb5 6cb5 6cb5 6cb5 6cb6 6cb6 6cb6 6cb6 6cb6 6cb6 6cb6 6cb6 6cb6 6cb6 6cb6 6cb6 6cb6 6cb6 6cb6 6cb6 6cb5 6cb5 6cb5 6cb5 6cb5 6cb5 6cb5 6cb5 6cb5 6cb5 6cb5 6cb5 6cb5 6cb5 6cb5 6cb5 6cb6 6cb6 6cb6 6cb5 6cb6 6cb6 6cb6 6cb6 6cb6 6cb6 6cb6 6cb6 6cb6 6cb6 6cb6 6cb6 6cb6 6cb6 6cb6 6cb6 6cb6 6cb6 6cb6 6cb6 6cb6 6cb6 6cb6 6cb6 6cb6 6cb6 6cb6 6cb6 6cb5 74b5 8516 8d57 8d57 8515 9556 9d76 9d56 9d76 9d76 9d76 9d76 9d76 9d76 9d76 9d76 9d76 9d76 9d76 9d76 9d76 9d76 9d76 9d76 9d76 9d76 9d76 9d76 9d76 9d76 9d76 9d56 a556 9d76 9d76 9577 84f5 7cb5 74b5 74b5 74b6 6cd6 6cb5 6cb6 74b6 6cb6 6cb6 6cb6 6cb6 6cb6 6cb6 6cb6 6cb6 6cb6 6cb6 6cb6 6cb6 6cb6 6cb6 6cb6 6cb6 6cb6 6cb6 6cb6 6cb6 6cb6 6cb6 6cb6 6cb6 6cb6 6cb6 6cb6 6cb6 6cb6 6cb6 6cb6 6cb6 6cb6 6cb6 
74d6 74d6 74d6 74d6 6cb6 6cb6 6cb6 6cb6 6cb6 6cb6 6cb6 6cb6 6cb6 6cb6 6cb6 6cb6 6cb6 6cb6 6cb6 6cb6 6cb6 6cb6 6cb6 6cb6 74d6 74d6 74d6 74d6 74d6 74d6 74d6 74d6 74d6 74b6 74b6 6cb6 6cd6 6cd6 6cb6 74b5 74b4 7c73 8472 a555 a596 a596 a595 a595 a596 a596 a596 a596 a596 a555 a575 a576 a596 a596 a576 a576 a576 ad76 ad76 ad76 ad76 ad76 ad76 ad76 a576 a576 a596 9535 7cb4 7c94 7493 7cb4 74b4 74b5 6cb5 6cd6 6cd6 6cb6 6cd6 74b6 74b6 74b6 74d6 6cb6 6cb6 6cb6 6cb6 6cb6 6cd6 6cd6 6cd6 6cd6 6cb6 6cb6 6cb6 6cb6 6cb6 6cb6 6cb6 6cb6 6cb6 6cb6 6cb6 6cb6 6cb6 6cb6 6cb6 6cb6 74b6 74b6 74d6 6cb6 6cb6 6cb6 6cb5 74b5 7cf5 8d56 8d56 8d36 8d36 8d36 8d36 8d36 9536 9536 9536 9536 9536 9536 9536 9536 9536 9536 9536 9536 9536 9536 9536 9536 9536 8d37 9536 8d36 9536 9536 9536 9536 9556 9536 9536 8d36 8516 74b5 6cb5 6cd6 6cd6 6cb6 6cb6 6cb6 6cb6 6cb6 6cb6 6cb6 6cb6 6cb6 6cb6 6cb6 6cb6 6cb6 6cb6 6cb6 6cb6 6cb6 6cb6 6cb6 6cb6 6cb6 6cb6 6cb6 6cb6 6cb6 6cb6 6cb6 6cb6 6cb6 6cb6 6cb6 6cb6 6cb6 6cb6 6cb6 6cb6 6cb6 6cb6 6cb6 6cb6 6cb6 6cb6 6cb6 6cb6 6cb6 6cb6 6cb6 74d6 74d6 6cb6 6cb6 74d6 74d6 6cb6 6cb6 6cb6 6cb6 6cb6 6cb6 6cb6 6cb6 6cb6 6cb6 6cb6 6cb6 6cb6 6cb6 6cb6 6cb6 6cb6 6cb6 6cb6 6cb6 6cb6 6cb6 6cb6 6cb6 6cb6 6cb6 74b6 74b6 74b6 74b6 74b5 74b5 84f5 9536 9d56 9d76 9d76 9d76 9d76 9d76 9d76 9d76 9d76 9d76 9d76 9d76 9d76 9d76 9d76 9d76 9d76 9d76 9d76 9d76 9d76 9d76 9d76 9d76 a576 a576 9d76 9d77 9577 7cd5 74b5 6cb6 6cd6 6cd6 6cb6 6cd6 6cd6 74d6 6cd6 6cb5 6cb6 6cb6 6cb6 6cb6 6cb6 6cb6 6cb6 6cb6 6cb6 6cb6 6cb6 6cb6 6cb6 6cb6 6cb6 6cb6 6cb6 6cb6 6cb6 6cb6 6cb6 6cb6 6cb6 6cb6 6cb6 6cb6 6cb6 6cb6 6cb6 6cb6 6cb6 6cb6 
6cb6 6cb6 6cb6 6cb6 6cb6 6cb6 6cb6 74d6 6cb6 6cb6 6cb6 6cb6 6cb6 6cb6 6cb6 6cb6 6cb5 6cb6 6cb6 6cb6 6cb6 6cb6 6cb6 74d6 6cb5 6cb6 6cb6 6cb6 6cb6 6cb6 6cb6 74d6 6cd5 6cd5 6cd5 6cd6 6cd6 6cd6 6cb6 74b6 6cb4 7494 7452 84b3 a555 ad75 ad76 ad76 a575 a574 a595 a595 a596 a576 94f3 ad96 a575 a575 a595 a575 a575 ad76 a576 a596 9d75 9d74 a595 a595 a595 a596 9556 7cd5 74b5 74b6 6cb6 6cb6 74b6 74b6 74b6 74b6 6cb6 6cb6 6cb6 6cb6 6cb6 6cb6 6cb6 6cb6 6cb6 6cb6 6cb6 6cb6 6cb6 6cb6 6cb6 6cb6 6cb6 6cb6 6cb6 6cb6 6cb6 6cb6 6cb6 6cb6 6cb6 6cb6 6cb6 6cb6 6cb6 6cb6 6cb6 6cb6 6cd5 6cd5 6cd5 6cd5 6cb6 6cb6 6cb6 74b6 6cb5 7cd6 8d37 8d37 9536 9536 9537 9536 8d36 8d56 8d36 8d36 8d36 9536 9536 9536 9516 9516 9536 9536 9536 9536 9536 9536 8d35 8d35 9535 9536 9536 9536 9536 9536 8cf5 8d16 9557 8d37 7cd6 74b5 74d6 74d6 6cb6 6cb6 6cb6 6cb6 6cb6 6cb6 6cb6 6cb6 6cb6 6cb6 6cb6 6cb6 6cb6 6cb6 6cb6 6cb6 6cb6 6cb6 6cb6 6cb6 6cb6 6cb6 6cb6 6cb6 6cb6 6cb6 6cb6 6cb6 6cb6 6cb6 6cb6 6cb6 6cd5 6cd5 6cd5 6cd5 6cd6 6cb6 74b6 74b6 6cb5 6cb5 6cb6 6cb6 74b6 74b6 74d7 6cd6 6cb5 6cd5 6cd5 6cd5 6cd6 74d6 74b6 74b6 6cb6 6cb6 6cb6 6cb6 74b6 74b6 74b6 74b6 6cb6 6cb6 6cb6 6cb6 6cb6 6cb6 6cb6 6cb6 6cb6 6cb6 6cb6 6cb6 6cb6 6cb6 6cb6 6cd6 6cd5 6cd5 6cd5 6cd6 6cd5 74b5 74b5 84f6 9d76 9d56 9d56 9d76 9d76 9d76 a577 9d76 9d55 9d55 9d76 9d76 9d76 9d76 a576 a576 9d56 9d56 9d76 9d76 9d76 9d76 9d56 a576 9d55 9d56 9d76 9577 8516 74b5 74b6 6cb6 6cb6 6cb6 6cb6 6cb6 6cb6 6cb6 74b6 74b6 6cb6 6cb6 6cb6 6cb6 6cb6 6cb6 6cb6 6cb6 6cb6 6cb6 6cb6 6cb6 6cb6 6cb6 6cb6 6cb6 6cd6 6cd6 6cd6 6cd6 6cd6 6cd6 6cd6 6cd6 6cb5 6cb6 6cb6 6cb6 74b6 74b6 74b6 74b6 
6cb6 6cb6 6cb6 6cb6 6cb6 6cb6 6cb6 6cb6 6cb6 6cb6 6cb6 6cb6 6cb6 6cb6 6cb6 6cb6 6cb6 6cb6 6cb6 6cb6 6cb6 6cb6 6cb6 6cb6 6cb6 6cb6 6cb6 6cb6 6cb6 6cb6 6cb6 6cb6 74d6 6cb6 6cb6 6cb6 6cb6 6cb6 6cb6 74b6 74b5 74b5 7493 7452 7c72 94f4 9d35 a576 a575 a575 9d75 9d35 8cf4 8493 8472 9d35 a576 a596 a596 a596 a596 a596 a596 a596 a595 a595 a595 a576 a596 9536 7cd5 74b5 74b5 6cb6 6cb6 6cb6 6cb6 6cb6 6cd6 6cd6 6cb6 6cb6 6cb6 6cb6 6cb6 6cb6 6cb6 6cb6 6cb6 6cb6 6cb6 6cb6 6cb6 6cb6 6cb6 6cb6 6cb6 6cb6 6cb6 6cb6 6cb6 6cb6 6cb6 6cb6 6cb6 6cb6 6cb6 6cb6 6cb6 6cb6 6cb6 6cb6 6cd6 6cd6 6cd6 6cd6 6cb6 6cb6 6cb6 6cb6 74d6 74b5 7cd5 7cd5 84f6 9536 9536 9536 9536 9536 9536 9536 9536 9536 9536 9536 9536 9536 9536 9536 9536 9536 9536 9536 9536 8d36 9536 9536 9536 9536 9536 8d16 8516 8d36 8536 7cf5 74b5 74b6 74d6 6cd6 6cb6 6cb6 6cb6 6cb6 6cb6 6cb6 6cb6 6cb6 6cb6 6cb6 6cb6 6cb6 6cb6 6cb6 6cb6 6cb6 6cb6 6cb6 6cb6 6cb6 6cb6 6cb6 6cb6 6cb6 6cb6 6cb6 6cb6 6cb6 6cb6 6cb6 6cb6 6cb6 6cb6 6cb6 6cd6 6cd6 6cb6 6cb6 6cb6 6cb6 6cd5 6cd6 6cd6 6cb6 6cb6 74b6 74b6 74b6 74b6 74b6 74b6 74b6 74b6 74b6 6cb6 6cb6 6cb6 6cb6 6cd6 6cd6 6cd6 6cd6 6cd6 6cd6 6cb6 6cb6 6cb6 6cb6 6cb6 6cb6 6cb6 6cb6 6cb6 6cb6 6cb6 6cb6 6cb6 6cb6 6cb6 6cb6 6cb6 6cb6 6cd6 6cd6 6cb6 74b6 74b5 84f6 9d77 9d76 a596 9d76 9d76 9d76 9d76 9d76 9d76 a576 9d76 9d76 9d76 9d76 9d76 9d56 9d76 9d76 a576 9d76 9d76 9d76 9d76 9d56 9d76 9d76 9577 8516 74b5 74b5 74b6 6cb6 6cb6 6cb6 6cb6 6cb6 6cb6 6cb6 74b6 74b6 6cb6 6cb6 6cb6 6cb6 6cb6 6cb6 6cb6 6cb6 6cb6 6cb6 6cb6 6cb6 6cb6 6cb6 6cb6 6cb6 6cb6 6cb6 6cb6 6cb6 6cb6 6cb6 6cb6 6cb6 6cb6 6cb6 6cb6 74d6 6cb6 6cb6 6cb6 6cb6 
6cb6 6cb6 6cb6 6cb6 6cb6 6cb6 6cb6 6cb6 6cb6 6cb6 6cb6 6cb6 6cb6 6cb6 6cb6 6cb6 74d6 6cb6 6cb6 6cb6 6cb6 6cb6 6cb6 6cb6 74d6 6cb6 6cb6 6cb6 6cb6 6cb6 6cb6 6cb6 74b6 74b6 6cb6 6cb6 6cb6 6cb6 6cb6 6cb6 74b6 74b6 74b5 7494 7473 7472 7452 7c93 7c93 7c93 7c93 7c93 7cb4 7cb4 7473 7c72 9515 a576 a596 a596 a575 a575 a595 a575 a595 a576 a596 9d56 84f5 74b5 74d5 74d6 6cb6 6cb6 6cb6 6cb6 6cd6 6cd6 6cb6 6cb6 6cb6 6cb6 6cb6 6cb6 6cb6 6cb6 6cb6 6cb6 6cb6 6cb6 6cb6 6cb6 6cb6 6cb6 6cb6 6cb6 6cb6 6cb6 6cb6 6cb6 6cb6 6cb6 6cb6 6cb6 6cb6 6cb6 6cb6 6cb6 6cb6 6cb6 6cb6 6cb6 6cb6 6cb6 6cb6 6cb6 6cb6 6cb6 6cb6 6cb6 74b5 74b6 74b6 74b5 7cd5 8d57 8d36 9536 9536 9536 9536 9536 9536 9536 9536 9536 9536 9536 9536 9536 9536 9536 9536 9536 9536 9536 9536 9536 8d36 8d36 8d36 7cd5 74b5 74b5 74d6 74b6 74d6 6cb6 6cb6 6cd6 6cd6 6cb6 6cb6 6cb6 6cb6 6cb6 6cb6 6cb6 6cb6 6cb6 6cb6 6cb6 6cb6 6cb6 6cb6 6cb6 6cb6 6cb6 6cb6 6cb6 6cb6 6cb6 6cb6 6cb6 6cb6 6cb6 6cb6 6cb6 6cb6 6cb6 6cb6 6cb6 6cb6 6cb6 6cb6 6cb6 6cb6 6cb6 6cd6 6cd6 6cd6 6cd6 6cd6 6cb5 6cd5 74b5 74b5 74b5 74b6 74b6 74b6 74b6 74d6 6cb6 6cb5 6cb6 6cb6 6cb6 6cb6 6cb6 6cd6 6cd6 6cd6 6cd6 6cb6 6cb6 6cb6 6cb6 6cb6 6cb6 6cb6 6cb6 6cb6 6cb6 6cb6 6cb6 6cb6 6cb6 6cb6 6cb6 6cb6 6cb6 6cd6 6cd6 6cb6 74b6 74b5 7cd5 9577 9d56 9d76 9d76 9d76 9d76 9d76 9d76 9d56 9d76 9d76 9d76 9d76 9d76 9d76 9d76 9d76 9d76 9d76 9d76 9d76 9d76 9535 9556 8d56 8d36 7cd5 74b5 74b5 74b5 6cb6 6cb6 6cb6 6cb6 6cb6 6cb6 6cb6 6cb6 6cb6 6cb6 6cb6 6cb6 6cb6 6cb6 6cb6 6cb6 6cb6 6cb6 6cb6 6cb6 6cb6 6cb6 6cb6 6cb6 6cb6 6cb6 6cb6 6cb6 6cb6 6cb6 6cb6 6cb6 6cb6 6cb6 6cb6 6cb6 6cb6 6cb6 6cb6 6cb6 6cb6 6cb6 
6cb6 6cb6 6cb6 6cb6 6cb6 6cb6 6cb6 6cb6 6cb6 6cb6 6cb6 6cb6 6cb6 6cb6 6cb6 6cb6 6cb6 6cb6 6cb6 6cb6 6cb6 6cb6 6cb6 6cb6 6cb6 6cb6 6cb6 6cb6 6cb6 6cb6 6cb6 6cb6 6cb6 6cb6 6cb6 6cb6 6cb6 6cb6 6cb6 6cb6 6cd6 6cb6 6cb6 74b6 74b5 74b5 74b4 7494 74b4 74b4 74b5 74b5 74d5 74b5 74b5 7493 7c72 8cb3 9d34 a575 ad75 ad75 a595 a595 a576 9d35 8cf5 7cb4 74b5 74b5 6cd6 6cb6 6cd6 6cb6 6cb6 6cb6 6cb6 6cb6 6cb6 6cb6 6cb6 6cb6 6cb6 6cb6 6cb6 6cb6 6cb6 6cb6 6cb6 6cb6 6cb6 6cb6 6cb6 6cb6 6cb6 6cb6 6cb6 6cb6 6cb6 6cb6 6cb6 6cb6 6cb6 6cb6 6cb6 6cb6 6cb6 6cb6 6cb6 6cb6 6cb6 6cb6 6cb6 6cb6 6cb6 6cb6 6cb6 6cb6 6cb6 6cb6 74d6 6cb6 6cd6 6cb6 74b6 84f6 8d57 8d36 9536 9536 9536 9536 9536 9536 9536 9536 9536 9536 9536 9536 9536 9536 9536 9536 9536 9536 9536 9536 8d36 8d36 8516 74b5 74b6 74d6 6cd6 6cd6 6cb6 6cb6 6cd6 6cd6 6cb6 6cb6 6cb6 6cb6 6cb6 6cb6 6cb6 6cb6 6cb6 6cb6 6cb6 6cb6 6cb6 6cb6 6cb6 6cb6 6cb6 6cb6 6cb6 6cb6 6cb6 6cb6 6cb6 6cb6 6cb6 6cb6 6cb6 6cb6 6cb6 6cb6 6cb6 6cb6 74b6 74b6 74b6 74b6 6cb6 6cb6 6cd6 6cd6 6cb6 6cb6 6cd6 6cd6 6cd6 6cd6 6cb6 74b6 74b6 74b6 6cb6 6cb6 6cb6 74d6 74b6 74b6 6cb6 6cb6 6cb6 6cb6 6cb6 6cb6 6cd6 6cd6 6cb6 6cb6 6cb6 6cb6 6cb6 6cb6 6cb6 6cb6 6cb6 6cb6 6cb6 6cb6 6cb6 6cb6 6cb6 6cb6 6cb6 6cb6 6cd6 6cd6 6cb6 74b6 74b5 74b5 8d36 9d77 9d76 9d76 9d76 9d76 9d76 9d76 9d56 9d76 9d76 9d76 9d76 9d76 9d56 9d76 9d76 9d76 9d76 9d76 9d76 9536 7cb5 74b5 74d5 74b5 74b5 74b5 6cb6 6cb6 6cb6 6cb6 6cb6 6cb6 6cb6 6cb6 6cb6 6cb6 6cb6 6cb6 6cb6 6cb6 6cb6 6cb6 6cb6 6cb6 6cb6 6cb6 6cb6 6cb6 6cb6 6cb6 6cb6 6cb6 6cb6 6cb6 6cb6 6cb6 6cb6 6cb6 6cb6 6cb6 6cb6 6cb6 6cb6 6cb6 6cb6 6cb6 6cb6 6cb6 6cb6 6cb6 
6cb5 6cb6 6cb6 6cb6 6cb6 6cb6 74d6 74d6 74d6 74d6 74d6 74d6 74d6 74d6 74d6 74d6 74d6 74d6 74d6 6cb6 6cb6 6cb5 6cb5 6cb5 74d6 74d6 74d6 6cb6 6cb6 6cb5 6cb5 6cb5 6cb6 6cb6 74b6 74b6 74b6 74b6 74b6 74b6 6cd6 6cd6 6cd6 6cd6 6cb6 6cb6 74b6 74b5 74b6 74b6 74b6 74b6 6cb6 6cb6 6cb6 74b5 7c94 7c73 7c72 7c72 8493 8cb3 8cb3 8493 7c93 7c94 7495 74b5 74d6 74b6 6cb6 6cb5 74b6 74b6 6cb6 6cb6 6cb6 6cb6 6cb6 6cb6 6cb6 6cb6 6cb6 6cb6 6cb6 6cb6 6cb6 6cb6 6cb6 6cb6 6cb6 6cb6 6cb6 6cb6 6cb6 6cb6 6cb6 6cb6 6cb6 6cb6 6cb6 6cb6 6cb6 6cb6 6cb6 6cb6 6cb6 6cb6 6cb6 6cb6 6cb6 6cb6 74b6 74b6 74b6 74b6 74b6 74b6 74b6 74b6 6cb6 6cb6 6cd6 6cd6 6cd5 74b5 84f6 8d36 9536 8d36 8d36 9536 9536 9536 9556 9536 9536 9536 9536 9556 9536 9556 9536 9536 9536 9d36 9536 9536 9536 9557 8516 74b5 74d5 6cd6 6cb6 6cb5 74b6 74b6 74b6 74b6 6cb6 6cb6 6cb6 6cb6 6cb6 6cb6 6cb6 6cb6 6cb6 6cb6 6cb6 6cb6 6cb6 6cb6 6cb6 6cb6 6cb6 6cb6 6cb6 6cb6 6cb6 6cb6 6cb6 6cb6 6cb6 6cb6 6cb6 6cb6 6cb6 6cb6 6cb6 6cb6 6cb6 6cb6 6cb6 6cb6 6cb6 6cb6 6cb6 6cb6 74b5 74d5 6cb6 6cb6 6cd6 6cd6 6cd6 6cb6 6cd6 6cd6 6cb6 6cb6 74d6 74b6 74b6 74b6 74b6 6cb6 6cb6 6cb6 6cb6 6cb6 6cd6 6cd6 6cb6 6cb6 6cb6 6cb6 6cb6 6cb6 6cb6 6cb6 6cb6 6cb6 6cb6 6cb6 6cb6 6cb6 6cb6 6cb6 74b6 74b6 6cb6 6cb6 6cb5 74b6 74b6 74b5 7cb5 8d36 9577 9d77 9d76 9d77 9576 9d76 8d15 9556 9d77 9d76 9d76 9d56 a576 a576 a576 9d76 9d56 9d76 9557 7cd5 74d6 6cd6 74d6 74d6 6cb6 6cb6 6cd6 6cd6 6cb6 6cb6 6cb6 6cb6 6cb6 6cb6 6cb6 6cb6 6cb6 6cb6 6cb6 6cb6 6cb6 6cb6 6cb6 6cb6 6cb6 6cb6 6cb6 6cb6 6cb6 6cb6 6cb6 6cb6 6cb6 6cb6 6cb6 6cb6 6cb6 6cb6 6cb6 6cb6 6cb6 6cb6 6cb6 6cb6 6cb6 6cb6 6cb6 6cb6 6cb6 6cb6 
74b6 74b6 74b6 74b6 74b6 74b6 74b6 74b6 74b6 74b6 74b6 74b6 74b6 74b6 74b6 74b6 74b6 74d6 74d6 74d6 74b6 74b6 74b6 74b6 74b6 74d6 74d6 74d6 74b6 74b6 74b6 74b6 74b6 74b6 74b6 74b6 74b6 74b6 74b6 74b6 74b5 74d6 6cd5 6cd6 74b6 74d6 74b6 74d6 6cd6 74d6 6cb6 74d6 6cd6 6cd6 6cb6 74b6 74b5 74b5 74b5 74b4 7494 7494 74b5 74b5 7495 74b6 74d6 74b6 74d6 74b6 74d5 74b6 74b6 74b6 74b6 74b6 74b6 74b6 74b6 74b6 74b6 74b6 74b6 74b6 74b6 74b6 74b6 74b6 74b6 74b6 74b6 74b6 74b6 74b6 74b6 74b6 74b6 74b6 74b6 74b6 74b6 74b6 74b6 74b6 74b6 74b6 74b6 74b6 74b6 74b6 74b6 74b6 74b6 74b6 74b6 74b6 74b6 74b6 74b6 74b6 74d6 6cb6 6cd6 74d6 74d6 74d6 74b5 7cd5 84f6 7cf5 84f5 8d36 8d36 9536 9556 9536 9536 9536 9536 9536 9536 9556 8d36 9536 9536 9536 9536 9536 9537 8d37 7cf6 74b6 74b6 74d6 74b6 74b6 74b6 74d6 74b6 74b6 74b6 74b6 74b6 74b6 74b6 74b6 74b6 74b6 74b6 74b6 74b6 74b6 74b6 74b6 74b6 74b6 74b6 74b6 74b6 74b6 74b6 74b6 74b6 74b6 74b6 74b6 74b6 74b6 74b6 74b6 74b6 74b6 74b6 74b6 74b6 74b6 74b6 74b6 74b6 74b6 74b5 74b5 74d6 74d6 6cd6 74d6 6cd6 74d6 74d5 74d5 6cd6 6cd6 6cd6 74b6 74b6 74b6 74b6 74b6 6cb6 6cb6 74b6 74b6 74b6 74b6 74b6 74b6 74b6 74b6 74b6 74b6 74b6 74b6 74b6 74b6 74b6 74b6 74b6 74b6 74b6 74b6 74b6 74b6 74b6 74b6 74d6 6cb6 74b6 74b5 74b5 74b5 7cf5 8516 8d36 8d36 84f5 7cb5 7cb4 84f5 9557 9d77 9d76 9d76 9d56 9d76 9d76 9d76 9d77 8d36 7cd5 74b5 6cd6 6cb6 74d6 6cb6 74b6 74b6 74d6 74d6 74d6 6cb5 74b6 74b6 74b6 74b6 74b6 74b6 74b6 74b6 74b6 74b6 74b6 74b6 74b6 74b6 74b6 74b6 74b6 74b6 74b6 74b6 74b6 74b6 74b6 74b6 74b6 74b6 74b6 74b6 74b6 74b6 74b6 74b6 74b6 74b6 74b6 74b6 74b6 74b6 74b6 74b6 
74d6 74d6 74d6 74d6 74d6 74d6 74d6 74d6 74d6 74d6 74d6 74d6 74d6 74d6 74d6 74d6 74b6 74b6 74b6 74d6 74d6 74d6 74d6 74d6 74b6 74b6 74b6 74d6 74d6 74d6 74d6 74d6 74b6 74b6 74b6 74b6 74b6 74b6 74d6 74d6 74d6 74b6 74d6 74d6 74b6 74b6 74b6 74d6 74d6 74d6 74d6 74d6 6cd6 6cd6 74d6 74d6 74d6 74b6 74d6 74b6 74d6 74d6 74d6 74d6 74d5 74b5 74d6 74d6 74d6 74d6 74d6 74d6 74d6 74d6 74d6 74d6 74d6 74d6 74b6 74b6 74d6 74d6 74d6 74d6 74d6 74d6 74d6 74d6 74d6 74d6 74d6 74d6 74d6 74d6 74d6 74d6 74d6 74d6 74d6 74d6 74d6 74d6 74d6 74d6 74d6 74d6 74d6 74d6 74d6 74d6 74d6 74d6 74d6 74d6 74d6 74d6 74d6 74d6 74d6 74d6 74d6 74d6 74d6 74d6 74d6 74b6 74d6 74b6 74d5 74d5 74b5 8516 8d37 9536 8d36 9556 9536 9536 9536 9536 9557 9557 8d36 8d57 9536 9536 9536 9557 8d36 8516 74b6 74d6 74d6 74b6 74d6 74d6 74d6 74d6 74d6 74d6 74d6 74d6 74d6 74d6 74d6 74d6 74d6 74d6 74d6 74d6 74d6 74d6 74d6 74d6 74d6 74d6 74d6 74d6 74d6 74d6 74d6 74d6 74d6 74d6 74d6 74d6 74d6 74d6 74d6 74d6 74d6 74d6 74d6 74d6 74d6 74d6 74d6 74d6 74d6 74d6 74d6 74b6 74d6 74d6 74b5 7cb5 7cb4 7cb4 7cb5 74b5 74d5 74d6 74d6 74d6 74d6 74b6 74b6 74b6 74b6 74b6 74d6 74d6 74d6 74d6 74d6 74d6 74d6 74d6 74d6 74d6 74d6 74d6 74d6 74d6 74d6 74d6 74d6 74d6 74d6 74d6 74d6 74b6 74d6 74d6 74d6 74b6 74d6 74d6 74d5 74b5 74d5 74b5 74b5 74b5 74b5 74b5 74d5 74b5 7cd5 8d36 9577 9577 9577 9577 9577 8d36 7cf5 74b5 74d6 74d6 74b6 74b6 74d6 74b6 74b6 74d6 74d6 74d6 74d6 74d6 74d6 74d6 74d6 74d6 74d6 74d6 74d6 74d6 74d6 74d6 74d6 74d6 74d6 74d6 74d6 74d6 74d6 74d6 74d6 74d6 74d6 74d6 74d6 74d6 74d6 74d6 74d6 74d6 74d6 74d6 74d6 74d6 74b6 74d6 74b6 74b6 74d6 74d6 74b6 74d6 
74d6 74d6 74d6 74d6 74b6 74b6 74b6 74b6 74b6 74b6 74b6 74b6 74b6 74b6 74b6 74b6 74d6 74b6 74b6 74b6 74d6 74d6 74d6 74b6 74d6 74b6 74b6 74b6 74d6 74d6 74d6 74b6 74d6 74b6 74d6 74d6 74d6 74d6 74d6 74d6 74d6 74b6 74d6 74b6 74d5 74d5 74d5 74d5 74d6 74d6 74b6 74b6 74d6 74d6 74d6 74b5 74d6 74d6 74d6 74d6 74b5 74b5 74b5 74d6 74d6 74d6 74b6 74b6 74d6 74d6 74d6 74b6 74d6 74d6 74d6 74d6 74d6 74d6 74d6 74d6 74d6 74d6 74d6 74d6 74d6 74d6 74d6 74d6 74d6 74d6 74d6 74d6 74d6 74d6 74d6 74d6 74d6 74d6 74d6 74d6 74d6 74d6 74d6 74d6 74d6 74d6 74d6 74d6 74d6 74d6 74d6 74b6 74b6 74b6 74b6 74b6 74d6 74d6 74d6 74d6 74d6 74d6 74d6 74d6 74b6 74b6 74b6 74b6 74b6 74d6 74b6 7cb5 7cf6 8d37 8d56 9536 9556 9536 9536 9556 8d36 8d16 7cd5 7cd5 8516 8d37 8d37 8516 7cf5 74d5 6cb5 6cb6 74d6 74d6 74d6 74d6 74d6 6cb6 6cd5 74d5 74d6 74d6 74d6 74d6 74d6 74d6 74d6 74d6 74d6 74d6 74d6 74d6 74d6 74d6 74d6 74d6 74d6 74d6 74d6 74d6 74d6 74d6 74d6 74d6 74d6 74d6 74d6 74d6 74d6 74d6 74d6 74d6 74b6 74b6 74b6 74b6 74d6 74d6 74d6 74d6 74d6 74d6 74d6 74b5 7cb4 84b4 9515 9d35 9d57 9537 84d6 7cb6 74b6 74d6 74d6 74d6 74d6 74d6 74d6 74d6 74d6 74d6 74d6 74d6 74d6 74d6 74d6 74d6 74d6 74d6 74d6 74d6 74d6 74d6 74d6 74d6 74d6 74d6 74d6 74b6 74b6 74b6 74b6 74b6 74d6 74d6 74d6 74d6 74d6 74d6 74d6 74d6 74d5 6cd5 6cd6 6cd6 74d6 74d6 74b6 7cb5 7cd5 84f6 84f6 7cf5 7cd5 7cd5 74b5 74d6 74d6 74d6 74d5 74d5 74b6 74d6 74b6 74b6 74b6 74b6 74d6 74b6 74d6 74d6 74d6 74d6 74d6 74d6 74d6 74d6 74d6 74d6 74d6 74d6 74d6 74d6 74d6 74d6 74d6 74d6 74d6 74d6 74d6 74d6 74d6 74d6 74b6 74b6 74b6 74b6 74d6 74d6 74d6 74d6 74d6 74d6 74d6 74d6 74d6 74d6 74d6 74d6 
74b6 74b6 74b6 74d6 74d6 74d6 74d6 74d6 74b6 74b6 74b6 74d6 74d6 74d6 74d6 74d6 74d6 74d6 74d6 74d6 74d6 74d6 74d6 74d6 74b6 74b6 74b6 74b6 74d6 74d6 74d6 74d6 74d6 74d6 74d6 74d6 74d6 74d6 74d6 74d6 74d6 74d6 74d6 74d6 74d6 74d6 74d6 74d6 74b6 74b6 74d6 74d6 74d6 74d6 74d6 74d6 74d6 74d6 74d6 74d6 74d6 74d6 74d6 74d6 74b6 74b6 74d6 74d6 74b6 74d6 74d6 74d6 74d6 74d6 74d6 74d6 74d6 74d6 74d6 74d6 74d6 74d6 74d6 74d6 74d6 74d6 74d6 74d6 74d6 74d6 74d6 74d6 74d6 74d6 74d6 74d6 74b6 74b6 74d6 74d6 74d6 74d6 74d6 74d6 74d6 74d6 74d6 74d6 74d6 74d6 74d6 74d6 74b6 74b6 74b6 74b6 74d6 74d6 74d6 74d6 74d6 74d6 74d6 74d6 74d6 74d6 74d6 74d6 6cd5 6cd5 74d5 74d5 74d5 7cf6 8516 8d37 8d36 8d36 8d57 8d36 8516 7cd5 7cb5 7cd6 74b5 74d5 74d5 74d5 74d5 74d6 74d6 74d6 74b6 74b6 74b6 74b6 74d6 74d6 74b6 74d6 74d6 74d6 74d6 74d6 74d6 74d6 74d6 74d6 74d6 74d6 74d6 74d6 74d6 74d6 74d6 74d6 74b6 74b6 74d6 74d6 74d6 74d6 74d6 74d6 74b6 74b6 74d6 74d6 74d6 74d6 74d6 74d6 74d5 74d5 74d5 74d5 74d6 74d6 74d6 74d6 6cb6 6cb5 74d5 7cb4 8cf5 ad97 b5b7 b5b6 b5b6 adb6 a5b6 9535 7cb4 7cb5 74d6 74d6 74d6 6cb5 74d6 74d6 74d6 74b6 74b6 74d6 74d6 74d6 74d6 74d6 74d6 74d6 74d6 74d6 74d6 74d6 74d6 74d6 74d6 74d6 74d6 74d6 74d6 74d6 74d6 74d6 74d6 74d6 74d6 74d6 74d6 74d6 74d6 74d6 74d6 74d6 74d6 74d6 74d6 74d6 74d6 74d6 74d6 74d6 74d6 74d6 74b6 74b6 74d6 74d6 74b6 74b6 7cb6 74d6 74b6 74b6 74b6 74d6 74d6 74d6 74d6 74d6 74b6 74b6 74d6 74d6 74d6 74d6 74d6 74d6 74d6 74d6 74d6 74d6 74d6 74d6 74d6 74d6 74b5 74b6 74d6 74d6 74d6 74d6 74d6 74d6 6cb5 74d5 74d5 74d6 74d6 74d6 74d6 74d6 6cd5 6cd5 74d6 74d6 74d6 74b6 74d7 74d7 
74d6 74d6 74d6 74d6 74d6 74d6 74d6 74d6 74d6 74d6 74d6 74d6 74d6 74d6 74d6 74d6 74d6 74d6 74d6 74d6 74d6 74d6 74d6 74d6 74d6 74d6 74d6 74d6 74d6 74d6 74b6 74b6 74d6 74d6 74d6 74d6 74d6 74d6 74d6 74d6 74d6 74d6 74d6 74d6 74d6 74d6 74d6 74d6 74d6 74d6 74d6 74d6 74d6 74d6 74d6 74d6 74d6 74d6 74d6 74d6 74d6 74d6 74d6 74d6 74d6 74d6 74d6 74d6 74b6 74b6 74d6 74d6 74d6 74d6 74d6 74d6 74d6 74d6 74d6 74d6 74d6 74d6 74d6 74d6 74d6 74d6 74d6 74d6 74d6 74d6 74d6 74d6 74d6 74d6 74d6 74d6 74d6 74d6 74d6 74d6 74d6 74d6 74d6 74d6 74d6 74d6 74d6 74d6 74d6 74d6 74d6 74d6 74d6 74d6 74d6 74d6 74d6 74d6 74b6 74b6 74d6 74d6 74d6 74d6 74d6 74d6 74d6 74d6 74d5 74d6 74d6 74b6 74b5 74b6 7cd5 7cd5 7cd5 7cf5 7cf6 74b5 74d5 74d6 74d6 74d6 74b6 74b6 74d6 74d6 74d6 74b6 74b6 74d6 74d6 74d6 74d6 74d6 74d6 74d6 74b6 74b6 74d6 74d6 74d6 74d6 74d6 74d6 74d6 74d6 74d6 74d6 74d6 74d6 74d6 74d6 74d6 74d6 74d6 74d6 74d6 74d6 74d6 74d6 74b6 74b6 74d6 74d6 74d6 74d6 74d6 74d6 74d6 74d6 74d6 74d6 74d6 74d6 74d6 74d6 74d6 74d6 74b6 74b5 7cb5 84d4 adb7 adb7 b5b6 b596 b5b6 b5b6 adb6 a597 8cf4 7c73 7c94 7494 74b4 74d5 74d5 74d6 74b5 74d6 74d6 74b6 74d6 74d6 74d6 74d6 74d6 74d6 74d6 74d6 74d6 74d6 74d6 74d6 74d6 74d6 74d6 74d6 74d6 74d6 74d6 74d6 74d6 74d6 74d6 74d6 74d6 74d6 74d6 74d6 74d6 74d6 74d6 74d6 74d6 74d6 74d6 74d6 74d6 74d6 74d6 74d6 74d6 74d6 74d6 74d6 74b6 74b6 74d6 74d6 74d6 74d6 74d6 74d6 74d6 74d6 74d6 74b6 74d6 74d6 74d6 74d6 74d6 74d6 74b6 74b6 74d6 74d6 74d6 74d6 74d6 74d6 74d6 74d6 74d6 74d6 74d6 74d6 74d6 74d6 74d6 74d6 74d6 74d6 74d6 74d6 74d6 74d6 74d6 74b6 74d6 74d6 74d6 74d6 74b6 74d6 74d6 74b6 
74d6 74d6 74d6 74d6 74d6 74d6 74d6 74d6 74d6 74d6 74d6 74d6 74d6 74d6 74d6 74d6 74b6 74b6 74b6 74b6 74b6 74b6 74b6 74b6 74d6 74d6 74d6 74d6 74d6 74d6 74d6 74d6 74b6 74b6 74d6 74d6 74d6 74d6 74d6 74d6 74d6 74d6 74d6 74d6 74d6 74d6 74d6 74d6 74d6 74d6 74d6 74d6 74d6 74d6 74d6 74d6 74d6 74d6 74d6 74d6 74d6 74d6 74d6 74d6 74d6 74d6 74d6 74d6 74d6 74d6 74d6 74d6 74d6 74d6 74d6 74d6 74d6 74d6 74d6 74d6 74d6 74d6 74d6 74d6 74d6 74d6 74d6 74d6 74d6 74d6 74d6 74d6 74d6 74d6 74d6 74d6 74d6 74d6 74d6 74d6 74d6 74d6 74d6 74d6 74d6 74d6 74d6 74d6 74d6 74d6 74d6 74d6 74d6 74d6 74d6 74d6 74d6 74d6 74d6 74d6 74d6 74d6 74d6 74d6 74d6 74d6 74d6 74d6 74d6 74d6 74b6 74b6 74d6 74d6 74b6 74b6 74d6 74b5 74d6 74d6 74d6 74d6 74d6 74d6 74d6 74b6 74b6 74b6 74d6 74d6 74d6 74d6 74d6 74d6 74d6 74d6 74d6 74d6 74d6 74d6 74d6 74d6 74d6 74d6 74d6 74d6 74d6 74d6 74d6 74d6 74d6 74d6 74d6 74d6 74d6 74d6 74d6 74d6 74d6 74d6 74d6 74d6 74d6 74d6 74d6 74d6 74d6 74d6 74d6 74d6 74d6 74d6 74d6 74d6 74d6 74d6 74b6 74b6 74d6 74d6 74d6 7cb5 7cb3 a596 adb7 b5b6 b5b6 b5b6 b5b6 b596 ad76 a555 a576 a576 ad96 a576 9514 7c93 7cb4 7cd5 74b5 74d6 74b6 74d6 74d6 74d6 74d6 74d6 74d6 74d6 74d6 74d6 74d6 74d6 74d6 74d6 74d6 74d6 74d6 74d6 74d6 74d6 74d6 74d6 74d6 74d6 74d6 74d6 74d6 74d6 74d6 74d6 74d6 74d6 74d6 74d6 74b6 74b6 74d6 74d6 74d6 74d6 74b6 74b6 74d6 74b6 74b6 74b6 74b6 74b6 74d6 74d6 74d6 74d6 74d6 74d6 74d6 74d6 74b6 74b6 74d6 74d6 74d6 74d6 74d6 74d6 74d6 74d6 74b6 74b6 74d6 74d6 74d6 74d6 74d6 74d6 74d6 74d6 74b6 74b6 74d6 74d6 74d6 74d6 74d6 74d6 74d6 74d6 74d6 74d6 74d6 74d6 74b6 74b6 74d6 74b5 74d6 74d6 74d5 74d5 
74b6 74b6 74d6 74d6 74d6 74d6 74d6 74d6 74d6 74d6 74d6 74d6 74d6 74d6 74d6 74d6 74d6 74d6 74d6 74d6 74d6 74d6 74d6 74d6 74d6 74d6 74d6 74d6 74d6 74d6 74d6 74d6 74d6 74d6 74d6 74d6 74b6 74b6 74b6 74b6 74b6 74b6 74b6 74b6 74b6 74b6 74b6 74b6 74d6 74d6 74d6 74d6 74d6 74d6 74d6 74d6 74d6 74d6 74d6 74d6 74d6 74d6 74d6 74d6 74d6 74d6 74d6 74d6 74d6 74b6 74b6 74b6 74d6 74d6 74d6 74d6 74d6 74d6 74d6 74d6 74b6 74b6 74b6 74b6 74b6 74b6 74b6 74b6 74b6 74b6 74b6 74b6 74b6 74b6 74b6 74b6 74d6 74d6 74d6 74d6 74d6 74d6 74d6 74d6 74d6 74d6 74d6 74d6 74d6 74d6 74d6 74d6 74d6 74d6 74d6 74d6 74d6 74d6 74d6 74d6 74d6 74d6 74d6 74d6 74d6 74d6 74d6 74d6 74d6 74d6 74d6 74d6 74d6 74d6 74d6 74d6 74d6 74d6 74d6 74d6 74d6 74d6 74d6 74d6 74d6 74d6 74b6 74b6 74d6 74d6 74d6 74b6 74d6 74d6 74d6 74d6 74d6 74d6 74d6 74d6 74d6 74d6 74d6 74d6 74d6 74d6 74d6 74d6 74d6 74d6 74d6 74d6 74d6 74d6 74d6 74d6 74d6 74d6 74d6 74d6 74d6 74d6 74d6 74d6 74d6 74d6 74d6 74d6 74d6 74d6 74d6 74d6 74d6 74d6 74d6 74d6 74b6 74b6 74d6 74d6 74d6 7cb4 94f4 b5b7 b5b6 b596 b5b6 b5b7 b5b6 ad96 ad96 b5b6 b5b6 b5b6 b595 b5b6 b5d6 a596 84b4 7c94 74d5 74d6 74d6 74b6 74b6 74b6 74b6 74b6 74b6 74b6 74b6 74b6 74b6 74b6 74b6 74b6 74b6 74b6 74b6 74b6 74b6 74b6 74b6 74b6 74b6 74b6 74b6 74b6 74b6 74b6 74b6 74b6 74b6 74b6 74b6 74b6 74b6 74b6 74d6 74d6 74d6 74d6 74d6 74d6 74d6 74d6 74b6 74b6 74b6 74b6 74d6 74d6 74d6 74d6 74d6 74d6 74d6 74d6 74d6 74d6 74d6 74d6 74d6 74d6 74d6 74d6 74d6 74d6 74d6 74d6 74d6 74d6 74d6 74d6 74d6 74d6 74d6 74d6 74d6 74d6 74d6 74d6 74d6 74d6 74d6 74d6 74d6 74d6 74d5 74d5 74b5 74b6 74d6 74d6 74d6 74b6 74b6 74d6 74d6 74d6 
74d6 74d6 74d6 74d6 74d6 74d6 74d6 74d6 74d6 74d6 74d6 74d6 74d6 74d6 74d6 74d6 74d6 74d6 74d6 74d6 74d6 74d6 74d6 74d6 74d6 74d6 74d6 74d6 74d6 74d6 74d6 74d6 74d6 74d6 74d6 74d6 74d6 74d6 74d6 74d6 74d6 74d6 74d6 74d6 74d6 74d6 74d6 74d6 74d6 74d6 74d6 74d6 74d6 74d6 74d6 74d6 74d6 74d6 74d6 74d6 74d6 74d6 74d6 74d6 74d6 74d6 74d6 74d6 74d6 74d6 74d6 74d6 74d6 74d6 74d6 74d6 74d6 74d6 74d6 74d6 74d6 74d6 74d6 74d6 74d6 74d6 74d6 74d6 74d6 74d6 74d6 74d6 74d6 74d6 74d6 74d6 74d6 74d6 74d6 74d6 74d6 74d6 74d6 74d6 74d6 74d6 74d6 74d6 74d6 74d6 74d6 74d6 74d6 74d6 74d6 74d6 74d6 74d6 74d6 74d6 74d6 74d6 74d6 74d6 74d6 74d6 74d6 74d6 74d6 74d6 74d6 74d6 74d6 74d6 74d6 74d6 74d6 74d6 74d6 74d6 74d6 74d6 74d6 74d6 74d6 74d6 74d6 74d6 74d6 74d6 74d6 74d6 74d6 74d6 74d6 74d6 74d6 74d6 74d6 74d6 74d6 74d6 74d6 74d6 74d6 74d6 74d6 74d6 74d6 74d6 74d6 74d6 74d6 74d6 74d6 74d6 74d6 74d6 74d6 74d6 74d6 74d6 74d6 74d6 74d6 74d6 74d6 74d6 74d6 74d6 74d6 74d6 74d6 74d6 74d6 74d6 74d6 74d6 74d6 74d6 74b5 7cb4 a555 b5b6 b5b5 b595 b5b6 b5b6 b5b6 b596 b596 b5b6 b5b6 b5b6 b5b6 b5b6 b5b6 b5b6 a596 84b4 7cd5 7cd6 74d6 74d6 74d6 74d6 74d6 74d6 74d6 74d6 74d6 74d6 74d6 74d6 74d6 74d6 74d6 74d6 74d6 74d6 74d6 74d6 74d6 74d6 74d6 74d6 74d6 74d6 74d6 74d6 74d6 74d6 74d6 74d6 74d6 74d6 74d6 74d6 74d6 74d6 74d6 74d6 74d6 74d6 74d6 74d6 74d6 74d6 74d6 74d6 74d6 74d6 74d6 74d6 74d6 74d6 74d6 74d6 74d6 74d6 74d6 74d6 74d6 74d6 74d6 74d6 74d6 74d6 74d6 74d6 74d6 74d6 74d6 74d6 74d6 74d6 74d6 74d6 74d6 74d6 74d6 74d6 74d6 74d6 74d6 74b5 7cb5 84f6 8516 84f6 7cd5 7cb5 74d6 74d6 74d6 74d6 74d6 74d6 74d6 74d6 
74d6 74d6 74d6 74d6 74d6 74d6 74d6 74d6 74d6 74d6 74d6 74d6 74d6 74d6 74d6 74d6 74d6 74d6 74d6 74d6 74d6 74d6 74d6 74d6 74d6 74d6 74d6 74d6 74d6 74d6 74d6 74d6 74d6 74d6 74d6 74d6 74d6 74d6 74d6 74d6 74d6 74d6 74d6 74d6 74d6 74d6 74d6 74d6 74d6 74d6 74d6 74d6 74d6 74d6 74d6 74d6 74d6 74d6 74d6 74d6 74d6 74d6 74d6 74d6 74d6 74d6 74d6 74d6 74d6 74d6 74d6 74d6 74d6 74d6 74d6 74d6 74d6 74d6 74d6 74d6 74d6 74d6 74d6 74d6 74d6 74d6 74d6 74d6 74d6 74d6 74d6 74d6 74d6 74d6 74d6 74d6 74d6 74d6 74d6 74d6 74d6 74d6 74d6 74d6 74d6 74d6 74d6 74d6 74d6 74d6 74d6 74d6 74d6 74d6 74d6 74d6 74d6 74d6 74d6 74d6 74d6 74d6 74d6 74d6 74d6 74d6 74d6 74d6 74d6 74d6 74d6 74d6 74d6 74d6 74d6 74d6 74d6 74d6 74d6 74d6 74d6 74d6 7cd6 7cd6 74d6 74d6 74d6 74d6 74d6 74d6 74d6 74d6 74d6 74d6 74d6 74d6 74d6 74d6 74d6 74d6 74d6 74d6 74d6 74d6 74d6 74d6 74d6 74d6 74d6 74d6 74d6 74d6 74d6 74d6 74d6 74d6 74d6 74d6 74d6 74d6 74d6 74d6 74d6 74d6 74d6 74d6 74d6 74d6 74d6 74d6 74d6 74d6 74d6 74d6 74d6 74d6 74d6 74d6 74d6 74d6 74b5 7c94 a576 b5b6 b5b6 b596 b5b6 b5b6 b595 b596 b596 b5b6 b5b6 b5b6 adb6 b5b6 b5b6 b596 b5b7 a576 7cb4 7cd5 74d6 74d6 74d6 74d6 74d6 74d6 74d6 74d6 74d6 74d6 74d6 74d6 74d6 74d6 74d6 74d6 74d6 74d6 74d6 74d6 74d6 74d6 74d6 74d6 74d6 74d6 74d6 74d6 74d6 74d6 74d6 74d6 74d6 74d6 74d6 74d6 74d6 74d6 74d6 74d6 74d6 74d6 74d6 74d6 74d6 74d6 74d6 74d6 74d6 74d6 74d6 74d6 74d6 74d6 74d6 74d6 74d6 74d6 74d6 74d6 74d6 74d6 74d6 74d6 74d6 74d6 74d6 74d6 74d6 74d6 74d6 74d6 74d6 74d6 74d6 74d6 74d6 74d6 74d6 74d6 74d6 7cd5 7cb5 84d5 9d56 a5b7 adb7 a5b7 a597 8d16 74d5 74d6 74d6 74d6 74d6 74d6 74d6 74d6 
74d6 74d6 74d6 74d6 74d6 74d6 74d6 74d6 74d6 74d6 74d6 74d6 74d6 74d6 74d6 74d6 74d6 74d6 74d6 74d6 74d6 74d6 74d6 74d6 74d6 74d6 74d6 74d6 74d6 74d6 74d6 74d6 74d6 74d6 74d6 74d6 74d6 74d6 74d6 74d6 74d6 74d6 74d6 74d6 74d6 74d6 74d6 74d6 74d6 74d6 74d6 74d6 74d6 74d6 74d6 74d6 74d6 74d6 74d6 74d6 74d6 74d6 74d6 74d6 74d6 74d6 74d6 74d6 74d6 74d6 74d6 74d6 74d6 74d6 74d6 74d6 74d6 74d6 74d6 74d6 74d6 74d6 74d6 74d6 74d6 74d6 74d6 74d6 74d6 74d6 74d6 74d6 74d6 74d6 74d6 74d6 74d6 74d6 74d6 74d6 74d6 74d6 74d6 74d6 74d6 74d6 74d6 74d6 74d6 74d6 74d6 74d6 74d6 74d6 74d6 74d6 74d6 74d6 74d6 74d6 74d6 74d6 74d6 74d6 74d6 74d6 74d6 74d6 74d6 74d6 74d6 74d6 74d6 74d6 74d6 74d6 74d6 74d6 74b6 74d6 7cd6 7cd6 7cd6 7cd6 74d6 74d6 74d6 74d6 74d6 74d6 74d6 74d6 74d6 74d6 74d6 74d6 74d6 74d6 74d6 74d6 74d6 74d6 74d6 74d6 74d6 74d6 74d6 74d6 74d6 74d6 74d6 74d6 74d6 74d6 74d6 74d6 74d6 74d6 74d6 74d6 74d6 74d6 74d6 74d6 74d6 74d6 74d6 74d6 74d6 74d6 74d6 74d6 74d6 74d6 74d6 74d6 74d6 74d6 74d6 74d6 74d5 7cb4 a576 b5b7 b5b6 b5b6 b596 b596 b596 b5b6 b5b6 b5b6 b5b6 b5b6 b5b6 b5b6 b5b6 b5b6 b5b6 b5b7 8d15 7cd5 74d5 74d6 74d6 74d6 74d6 74d6 74d6 74d6 74d6 74d6 74d6 74d6 74d6 74d6 74d6 74d6 74d6 74d6 74d6 74d6 74d6 74d6 74d6 74d6 74d6 74d6 74d6 74d6 74d6 74d6 74d6 74d6 74d6 74d6 74d6 74d6 74d6 74d6 74d6 74d6 74d6 74d6 74d6 74d6 74d6 74d6 74d6 74d6 74d6 74d6 74d6 74d6 74d6 74d6 74d6 74d6 74d6 74d6 74d6 74d6 74d6 74d6 74d6 74d6 74d6 74d6 74d6 74d6 74d6 74d6 74d6 74d6 74d6 74d6 7cd6 7cd6 7cd6 7cd6 74d6 74d6 74d6 7cd5 84f5 a597 add7 ad96 b5b6 b5b6 b5b7 adb7 9515 84b4 7cb4 7cb5 7cd5 7cd6 74d6 74d6 
74d6 74d6 74d6 74d6 74d6 74d6 74d6 74d6 74d6 74d6 74d6 74d6 74d6 74d6 74d6 74d6 74d6 74d6 74d6 74d6 74d6 74d6 74d6 74d6 7cf6 7cf6 74d6 74d6 74d6 74d6 74d6 74d6 74d6 74d6 74d6 74d6 74d6 74d6 74d6 74d6 74d6 74d6 74d6 74d6 74d6 74d6 74d6 74d6 74d6 74d6 74d6 74d6 74d6 74d6 74d6 74d6 74d6 74d6 74d6 74d6 74d6 74d6 74d6 74d6 7cd6 7cd6 74d6 74d6 74d6 74d6 74d6 74d6 74d6 74d6 74d6 74d6 74d6 74d6 74d6 74d6 74d6 74d6 74d6 74d6 74d6 74d6 74d6 74d6 74d6 74d6 74d6 74d6 74d6 74d6 74d6 74d6 74d6 74d6 74d6 74d6 74d6 74d6 74d6 74d6 74d6 74d6 74d6 74d6 74d6 74d6 74d6 74d6 7cf6 7cf6 74d6 74d6 74d6 74d6 74d6 74d6 74d6 74d6 74d6 74d6 74d6 74d6 74d6 74d6 74d6 74d6 7cd6 7cd6 74d6 74d6 74d6 74d6 74d6 7cf6 74d6 7cd6 74d6 74d6 74d6 74d6 74d6 74d6 7cd6 74d6 74d6 74d6 74d6 74d6 7cf6 7cf6 74f6 74f6 74d6 74d6 74d6 74d6 74d6 74d6 74d6 74d6 74d6 74d6 74d6 74d6 74d6 74d6 74d6 74d6 74d6 74d6 74d6 74d6 74d6 74d6 74d6 74d6 74d6 74d6 74d6 74d6 74d6 74d6 74d6 74d6 74d6 74d6 74d6 74d6 74d6 74d6 74d6 74d6 74d6 74d6 74d6 74d6 7cd5 7cb4 9d56 ad96 adb6 ad96 b596 b596 b5b6 b5b6 b5b6 b596 b596 b5b6 b5b6 b5b6 b5b6 b5b6 b596 b5b6 a597 7cb4 7cd5 74d6 74d6 74d6 74d6 74d6 74d6 74d6 74d6 74d6 74d6 74d6 74d6 74d6 74d6 74d6 74d6 74d6 74d6 74d6 74d6 74d6 74d6 74d6 74d6 74d6 74d6 74d6 74d6 74d6 74d6 74d6 74d6 74d6 74d6 74d6 74d6 74d6 74d6 74d6 74d6 74d6 7cd6 7cd6 74d6 74d6 74f6 74f6 74d5 74d5 74d6 74d6 74d6 74d6 74d6 74d6 74d6 74d6 74d6 74d6 74d6 74d6 74d6 74d6 74d6 74d6 74d6 74d6 74d6 74d6 74d6 74d6 74d6 74d6 74d6 74d6 74d6 74d6 74d6 74d6 74d6 7cd5 9d77 b5b8 b596 b596 b5b5 b595 b595 b596 a576 a577 9d77 9577 8516 7cd5 74d5 74d5 
74d5 74d5 74d6 74d6 74d6 7cd6 7cd6 7cd6 74d6 74d6 74d6 7cd6 7cd6 7cd6 7cd6 7cf6 74d5 74d5 74f5 7cd5 7cd5 7cd6 7cd6 7cd6 74d6 74b6 7cd6 7cd6 7cd6 7cd6 7cf6 74d6 74d6 74d6 74d6 74d6 74d6 7cd6 7cd6 7cd6 7cd6 7cd6 7cd6 7cd6 7cd6 7cd6 7cd6 7cd6 74d6 74d6 74f6 74d6 74d6 7cd6 7cd6 7cd6 74d6 74d6 74d6 74d6 74d6 74d6 74d6 74f6 74d5 74d5 74d6 74d6 74d6 7cd6 7cd6 7cd6 74d6 74b6 7cd6 7cd5 7cd5 7cb5 7cd6 7cd6 74d5 74d5 74f6 74f6 7cf6 74d6 7cd6 7cf6 74d5 74d5 7cd6 7cd6 74d6 7cd6 7cd6 7cd6 74d6 74d6 74d6 7cd6 74d6 7cd6 7cd6 7cd6 7cd6 7cd6 7cd6 7cd6 7cd6 7cd6 7cd6 7cd6 74d6 74d6 74d6 7cd6 74d6 74d6 7cd6 74d6 74d6 74d6 74d6 74d6 74d6 74d6 74d6 74d6 74b6 74b6 74d6 74d6 74d6 74d6 7cd6 7cd6 74d6 74d6 74d6 74d6 74d6 7cd6 7cd6 7cd6 74d6 74d6 74d6 74d6 74d6 74d6 74d6 74d6 74d6 74d6 74d6 74d6 74d6 74d6 74d6 74d6 74d6 74d6 74d6 74d6 74d6 74d6 74d6 74d6 74d6 74d6 74d6 74d6 74d6 74d6 74d6 74d6 74d5 74d5 74d6 74d6 74d5 7cd6 7cd6 7cd6 74b6 74d6 74d6 74d6 74d6 74d6 7cf6 74d6 74d5 74d5 74f6 74f6 74d6 74d6 74f6 74d6 74b5 7cd5 8cf4 a555 a555 ad75 ad75 ad96 ad95 b5b6 b5b6 b5b6 b5b6 b5b6 b5b6 b5b6 b596 b596 b596 b5b7 adb7 84b4 7cd5 7cd5 74d5 74f5 74d5 74d6 74d6 74d6 74d6 74d6 74d6 74b6 74d6 74d6 7cb6 7cd6 7cb6 7cb6 7cd6 74d6 74d6 74d6 74d6 74d6 74d6 74d6 74b5 74b6 74d6 7cd6 74d6 74d6 7cd6 7cd6 74d6 74d6 74d6 74d6 74d6 74d6 74d6 74d6 74d6 74b6 74d6 74d6 74d6 74d6 74d6 74d6 74d6 74d6 74d6 74d6 74d6 74d6 74d6 74d6 74d6 74b6 74d6 74d6 74d6 74d6 7cd6 7cd6 74d5 74d5 74d5 74d5 74d6 74d6 7cd6 7cd6 74b6 74d6 74d6 74d6 74d6 74d6 7cd5 8d15 a5b6 adb5 add6 b5b6 b5b6 b5b6 b5b6 b5b6 ad96 ad96 b5b6 b5b6 ad97 9d56 7cd5 7cd5 
74d6 74d6 74d6 74d6 74d6 74d6 74d6 74d6 7cd6 74d6 74d6 74d6 74d6 74d6 74d6 74d6 74d5 74d6 74d6 74d6 7cd6 74d6 7cd6 7cd6 74d6 74d6 74d6 74d6 74d6 74d6 74d6 74d6 74d6 74d6 74d6 74d6 74d6 74d6 74d6 74d6 74d6 74d6 74d6 74d6 74d6 74d6 74d6 74d6 74d6 74d6 74d6 74d6 74d6 74d6 74d6 74d6 74d6 74d6 74d6 74d6 74d6 74d6 74d6 74d6 74d5 7cf6 74d6 74d6 74d6 74d6 74d6 74d6 74d5 7cd5 84f6 8536 8516 84f6 7cd6 7cd6 74d6 74f6 74d6 74d6 74d6 74d6 74d5 74d5 74d6 74d6 74d5 74d6 74d6 74d6 74d6 74d6 74d6 74d6 74d6 74d6 74d6 74d6 74d6 74d6 74d6 74d6 74d6 74d6 74d6 74d6 74d6 74d6 74d6 74d6 74d6 74d6 74d6 74d6 74d6 74d6 74d6 74d6 74d6 74d6 74d6 74d6 74d6 74d6 74d6 74d6 74d6 74d6 74d6 74d6 74d6 74d6 74d6 74d6 74d6 74d6 74d6 74d6 74d6 74d6 74d6 74d6 74d6 74d6 74d6 74d6 74d6 74d6 74d6 74d6 74d6 74d6 74d6 74d6 74d6 74d6 74d6 74d6 74d6 74d6 74d6 74d6 74d6 74d6 74d6 74d6 74d6 74d6 74d6 74d6 74d6 74d6 74d6 74d6 74d6 74d6 74d6 74d6 74d6 74d6 7cd6 74d6 74d6 74d6 74b6 74d6 74d6 74d6 74d6 74d6 74d6 74d6 74d5 74d6 7cd6 7cd5 7cd5 7cb4 9514 a596 adb6 b5b6 b596 b596 ad95 b5b6 b5b6 b5b6 b5b6 b5b6 b5b6 b5b6 b5b6 b5b6 b596 b5b6 adb7 94f4 8cf4 84d4 7cb4 7cb4 7cd5 7cd5 74d6 74d6 74d6 74d6 74d6 74d6 74d6 74d6 74d6 74d6 7cd6 7cd6 74d6 74d6 74d6 74d6 74d6 74d6 74d6 74d6 74d6 74d6 74d6 7cd6 74d6 74d6 74d6 74d6 74d6 74d6 74d6 74d6 74d6 74d6 74d6 74d6 74d6 74d6 74d6 74d6 74d6 74d6 74d6 74d6 74d6 74d6 74d6 74d6 74d6 74d6 74d6 74d6 74d6 74d6 74d6 74d6 74d6 74d6 74d6 74d6 74d6 74d6 74d6 74d6 74d6 74d6 74d6 74d6 74d6 74d6 74d5 74d5 74d6 7cd5 7cb4 9556 adb7 b5b6 b5b6 b5b6 b5b6 b596 b5b6 b5b6 b5b6 b5b6 b5b6 b5b6 adb6 add7 9d76 84d4 
7cd6 7cd6 7cd6 7cd6 74d6 74d6 74d6 74d6 74d6 7cd6 74d6 74d6 74f6 74d6 74d6 7cd6 7cd5 7cd6 74d6 74d6 74d6 74d6 74d5 74d6 74d5 74d6 74d6 74d6 74d6 74d6 74d6 74d6 74d6 74d6 74d6 74d6 74d6 74d6 74d6 74d6 74d6 74d6 74d6 74d6 74d6 74d6 74d6 74d6 74d6 74d6 74d6 74d6 74d6 74d6 74d6 74d6 74d6 74d6 74d6 74d6 74d5 74d5 74d6 74d6 7cd6 7cd6 74d5 7cd6 74d6 74d6 74d6 7cd6 7cd5 8516 8d57 9557 9556 8d57 84f6 7cd5 7cd5 7cd5 7cd5 7cd5 7cd6 74d6 74d6 74d6 74d6 74d6 74d6 74d6 74d6 74d6 74d6 74d6 74d6 7cd6 74d6 74d6 7cd6 74d6 74d6 74d6 74d6 74d6 74d6 74d6 74d6 74d6 74d6 74d6 74d6 74d6 74d6 74d6 74d6 74d6 74d6 74d6 74d6 74d6 74d6 74d6 74d6 74d6 74d6 74d6 74d6 74d6 74d6 74d6 74d6 74d6 74d6 74d6 74d6 74d6 74d6 74d6 74d6 74d6 74d6 74d6 74d6 74d6 74d6 74d6 74d6 74d6 74d6 74d6 74d6 74d6 74d6 74d6 74d6 74d6 74d6 74d6 74d6 74d6 74d6 74d6 74d6 74d6 74d6 74d6 74d6 74d6 74d6 74d6 74d6 74d6 74d6 74d6 74d6 74d6 74d6 74d6 74d6 74d6 74d6 74d6 74d6 74d6 74d6 74d6 74d6 74d6 7cd6 74d6 74d6 74d6 74d6 7cd5 7cd5 7cb4 7cb5 84b4 7c94 8cf5 adb7 b5b7 b5b6 b596 b5b6 b5b6 b5b6 b5b6 b5b6 b5b6 b5b6 b5b6 b5b6 b5b6 b5b6 b596 b5b6 b5b6 b5b6 b596 b5b6 ad96 a576 8cf5 7cb4 7cb5 7cd5 74d6 74d6 74d6 7cd6 7cd6 74d6 74d6 74d6 74d6 74d6 74d6 74d6 74d6 74d6 74d6 74d6 74d6 74d6 74d6 74d6 74d6 74d6 74d6 74d6 74d6 74d6 74d6 74d6 74d6 74d6 74d6 74d6 74d6 74d6 74d6 74d6 74d6 74d6 74d6 74d6 74d6 74d6 74d6 74d6 74d6 74d6 74d6 74d6 74d6 74d6 74d6 74d6 74d6 74d6 74d6 74d6 74d6 74d6 74d6 74d6 74d6 74d6 74d6 7cd6 7cd6 74d6 74d6 74f5 74d5 74d6 7cd6 74d6 7cd5 7cb4 9d57 adb7 b5b6 b5b6 b5b6 b5b6 b5b6 b5b6 b5b6 b5b6 b5b6 b5b6 b5b6 b5b6 ad96 add7 9535 
7cd6 7cd6 7cd6 7cd6 7cd6 7cd6 74d6 74d6 7cd6 7cd6 7cd6 7cd6 7cd5 84f6 8d16 8d16 9516 84d5 7cd5 7cd6 7cf6 74f6 74d6 74d5 74f6 74f6 74d6 74d6 74d6 7cd6 74d6 7cd6 7cd6 7cd6 7cd6 7cd6 7cd6 7cd6 7cd6 7cd6 7cd6 7cd6 7cd6 7cd6 7cd6 7cd6 7cd6 7cd6 7cd6 7cd6 7cd6 7cd6 7cd6 7cd6 7cd6 7cd6 7cf6 74d6 7cd6 7cf6 7cd6 74d6 7cd6 7cd6 7cd6 7cd6 7cd6 7cd6 7cf6 7cf6 8516 84f6 84d5 8d36 9556 9556 9556 9556 8d36 84f5 8cf6 8d16 8516 84f6 7cd5 7cd6 74d6 74d6 7cf6 74d6 74d6 74d6 74d6 74d6 74d6 74d6 7cd6 7cf6 7cd6 7cd6 7cf6 7cd6 7cd6 7cd6 7cd6 7cd6 7cd6 7cd6 7cd6 7cd6 7cd6 7cd6 74d6 74d6 74d6 74d6 7cd6 7cd6 7cd6 7cd6 74d6 74d6 74d6 74d6 74d6 74d6 74d6 74d6 74d6 74d6 74d6 74d6 74d6 74d6 7cd6 7cd6 74d6 74d6 74d6 7cd6 7cd6 7cd6 7cd6 7cd6 7cd6 7cd6 7cd6 7cd6 7cd6 7cd6 7cd6 7cd6 74d6 74d6 74d6 74d6 74d6 74d6 74d6 74d6 74d6 74d6 74d6 74d6 74d6 74d6 74d6 74d6 74d6 74d6 74d6 74d6 74d6 74d6 74d6 74d6 74d6 74d6 74d6 74d6 74d6 74d6 7cd6 7cd6 7cd6 7cd6 74d6 74d6 74d6 74d6 74d6 7cd6 7cd6 7cd5 7cd4 7c93 84b4 8cf4 9515 94f5 84b3 a576 b5b6 b5b6 b5b6 b5b6 b5b6 b5b6 b5b6 b5b6 b5b6 b5b6 b5b6 b5b6 b5b6 b5b6 b5b6 b5b6 b5b6 b5b6 b5b6 b5b6 b596 b596 b5b6 ad96 9d55 84b3 7cd4 7cd5 74d6 74d6 7cd6 7cd6 7cd6 7cd6 74d6 74d6 74d6 74d6 74d6 74d6 74d6 74d6 74d6 74d6 74d6 74d6 74d6 74d6 74d6 74d6 74d6 74d6 74d6 74d6 7cd6 7cd6 7cd6 7cd6 7cd6 7cd6 7cd6 7cd6 74d6 74d6 74d6 74d6 74d6 74d6 74d6 74d6 74d6 74d6 74d6 74d6 74d6 74d6 74d6 74d6 74d6 74d6 74d6 74d6 74d6 74d6 74d6 74d6 74d6 74d6 74d6 74d6 7cd6 7cd6 7cd6 7cd6 7cf6 7cf6 7cf6 74d6 7cd6 7cd6 7cd5 9d57 adb7 b5b6 b5b6 b5b6 b5b6 b5b6 b5b6 b5b6 b5b6 b5b6 b5b6 b5b6 b596 b596 b5b7 b596 
7cd6 7cd6 7cd6 7cd6 7cd6 7cd6 7cd6 7cd6 74d6 7cd6 7cd5 7cd5 8cf5 a597 adb7 b5b7 adb7 a5b7 9556 7cd5 7cd5 74d6 7cf6 74d6 74d6 74d6 7cd6 7cd6 74d6 74d6 7cd6 7cd6 7cd6 7cd6 7cd6 7cd6 7cd6 7cd6 7cd6 7cd6 7cd6 7cd6 7cd6 7cd6 7cd6 7cd6 7cd6 7cd6 7cf6 7cf6 74d6 74d6 74d6 74d6 74d6 74d6 7cd6 7cd6 7cd5 7cd5 74d5 7cf6 7cf6 7cf6 74d6 7cd6 7cd6 84f6 8d36 9557 9556 9556 8d36 9556 9556 9556 9556 9556 9556 9536 9556 9537 9557 9557 8516 7cd5 7cd6 7cd6 7cd6 7cd6 7cd6 7cd6 7cf6 7cd6 74d6 7cf6 7cd6 7cd6 7cd6 7cd6 7cd6 7cd6 7cf6 7cd6 7cd6 7cd6 7cd6 7cd6 7cd6 7cd6 7cd6 7cd6 7cf6 7cf6 7cd6 7cd6 7cf6 7cf6 7cd6 7cd6 7cd6 7cd6 7cd6 7cd6 7cd6 7cd6 7cd6 7cd6 7cd6 7cd6 7cd6 7cd6 7cd6 7cd6 74d6 74d6 7cd6 7cd6 7cd6 7cd6 7cd6 7cd6 7cd6 7cd6 7cd6 7cd6 7cd6 7cd6 7cd6 7cd6 7cd6 74d6 7cd6 7cd6 7cd6 7cd6 7cd6 7cd6 7cd6 7cd6 7cd6 7cd6 7cd6 7cd6 7cd6 7cd6 7cd6 7cd6 74d6 74d6 74d6 74d6 7cd6 7cd6 7cd6 7cd6 7cd6 7cd6 7cd6 7cd6 7cd6 7cd6 7cd6 7cd6 7cd6 7cd6 7cd6 7cd6 74d6 74d6 7cd6 7cd6 7cb5 7c94 84b3 a556 ad96 b5b7 b5b7 adb7 9d34 b5b6 b5b6 b5b6 b5b6 b5b6 b5b6 b5b6 b5b6 b5b6 b5b6 b5b6 b5b6 b5b6 b5b6 b5b6 b5b6 b5b6 b5b6 b5b6 b5b6 b5b6 b5b6 b596 b5b6 b5b6 ad96 9d55 7cb4 7cd5 7cd6 7cd6 74d6 74d6 74f5 74f5 74f5 74f5 74f5 74d6 74d6 74d6 74d6 74d6 7cd6 7cd6 7cd6 7cd6 7cd6 7cd6 7cd6 74d6 74d6 74d6 74d6 74d6 74d6 74d6 74d6 74d6 74d6 74d6 74d6 74d6 7cd6 7cd6 7cd6 7cd6 7cd6 7cd6 7cd6 7cd6 7cd6 7cd6 7cd6 7cd6 7cd6 7cd6 7cd6 7cd6 7cd6 7cd6 7cd6 74d6 74d6 74d6 74d6 74d6 7cd6 7cd6 7cd6 7cd6 7cd6 74d6 74d6 74d6 7cd6 7cd6 7cd6 7cd6 74f6 74d6 7cd5 9536 adb7 b5b6 b5b6 b5b6 b5b6 b5b6 b5b6 b5b6 b5b6 b5b6 b5b6 b5b6 b5b6 b5b6 b5b6 b5b6 
74d6 74d6 74d6 74d6 7cd6 7cd6 7cd6 7cd6 7cf6 7cd6 7cd5 8d15 ad97 b5b7 b5b6 b5b6 b5b6 b5b7 adb7 9515 84b4 84d5 7cd5 7cd5 7cf6 7cd6 7cd6 7cd6 7cd6 74d6 7cd6 7cf6 7cd6 7cd6 7cd6 7cd6 7cd6 7cd6 7cd6 7cd6 7cd6 7cd6 7cd6 7cd6 7cd6 7cd6 7cd6 7cd6 7cf6 7cf6 7cd6 7cd6 7cd6 7cd6 74d6 74d6 7cd6 74d6 74d6 7cf6 7cf6 74d6 74d6 7cf6 7cf6 7cd6 7cf5 8d56 9557 9556 9535 9556 9556 9556 9556 9556 9d56 9556 9556 9556 9556 9556 9556 9536 9556 84f5 7cd5 7cd6 7cd6 7cd6 7cd5 7cd5 7cd6 7cf6 74d6 74d6 7cd6 7cd6 7cd6 7cf6 7cd6 7cd6 7cf6 7cd6 7cd6 7cd6 7cd6 7cd6 7cd6 7cd6 7cd6 7cd6 7cf6 7cf6 7cd6 7cd6 7cf6 7cf6 7cd6 7cd6 7cd6 7cd6 7cd6 7cd6 7cd6 7cd6 7cd6 7cd6 7cd6 7cd6 7cd6 7cd6 7cd6 7cd6 7cd6 7cd6 7cd6 7cd6 7cd6 7cd6 7cd6 7cd6 7cd6 7cd6 7cf6 7cf6 7cd6 7cd6 7cd6 7cd6 7cd6 74d6 7cd6 7cd6 7cd6 7cd6 7cd6 7cd6 7cd6 7cd6 7cd6 7cd6 7cd6 7cd6 7cd6 7cd6 7cd6 7cd6 74d6 74d6 7cd6 7cd6 7cd6 7cd6 7cd6 7cd6 7cd6 7cd6 7cd5 7cd5 7cf6 7cf6 7cd6 7cf6 7cd6 7cd6 7cd6 74d6 74d6 7cf6 7cd5 84d5 7c93 94f4 adb7 b596 b5b6 b5b6 b5b6 b596 a555 b5b6 b5b6 b5b6 b5b6 b5b6 b5b6 b5b6 b5b6 b5b6 b5b6 b5b6 b5b6 b5b6 b5b6 b5b6 b5b6 b5b6 b5b6 b5b6 b5b6 b5b6 b5b7 b5b7 b5b6 b5b6 b5b6 a575 8cf4 7cb4 7cd5 7cd6 74d6 74d6 74f5 74f5 74f5 74f5 7cd5 7cf6 74d6 74d6 7cd6 7cd6 7cd6 7cd6 7cd6 7cd6 7cd6 7cd6 7cd6 7cd6 7cd6 7cd6 7cd6 7cd6 7cf6 7cf6 7cf6 7cd6 7cd6 7cd6 7cd6 7cd6 7cf6 7cf6 7cd6 7cd6 7cf6 7cd6 7cd6 7cd6 7cd6 7cd6 7cd6 7cd6 7cd6 7cd6 7cd6 7cd6 7cd6 7cd6 7cd6 7cd6 7cd6 7cd6 7cd6 7cd6 7cd6 7cd6 7cd6 7cd6 7cd6 7cd6 7cd6 7cd6 7cd6 7cd6 7cd6 7cd6 74d6 7cf6 7cd5 8d15 a576 ad95 b596 b5b6 b5b6 b5b6 b5b6 b5b6 b5b6 b5b6 b5b7 b5b6 b5b6 b5b6 b596 b5b6 
7cf6 7cf6 7cf6 7cf6 7cf6 7cd6 74d6 74d6 7cf6 7cd5 84d5 a597 adb6 b5d6 b596 b5b6 b596 b5b6 b596 ad76 a596 a597 9d76 9516 7cd5 7cd5 7cf6 7cd6 74d6 7cf6 7cf6 74d6 7cf6 7cf6 7cf6 7cf6 7cf6 7cf6 7cf6 7cf6 7cf6 7cf6 7cf6 7cf6 7cf6 7cf6 7cf6 7cf6 7cd5 7cd5 7cd6 7cd6 7cf6 7cf6 7cf6 7cf6 7cf6 7cf6 7cf6 74d6 74d6 7cf6 7cd6 7cd6 7cd6 7cd5 8cf5 9556 9556 9556 9556 9556 9536 9536 9d56 9d56 9d56 9d56 9556 9556 9556 9556 9536 9556 9556 8d36 84d5 84d6 7cf5 84f5 7cf5 7cd5 7cf5 7cf6 7cf6 7cf6 7cf6 7cf6 7cf6 7cf6 7cf6 7cf6 7cf6 7cf6 7cf6 7cf6 7cf6 7cf6 7cf6 7cf6 7cf6 7cf6 7cd6 7cd6 74d6 7cd6 7cf6 7cf6 7cf6 7cf6 7cd6 7cd6 7cd6 7cd6 7cd6 7cd6 7cd6 7cd6 74d6 7cd6 74d6 7cd6 7cf6 7cf6 7cf6 7cf6 7cd6 7cd6 7cd6 7cd6 7cf6 7cf6 7cf6 7cf6 7cf6 7cf6 7cf6 7cf6 7cf6 7cd6 7cd6 7cd6 7cd6 7cd6 7cd6 7cd6 7cd6 7cd6 7cd6 7cd6 7cd6 7cd6 7cd6 7cd6 7cd6 7cd6 7cd6 7cd6 7cd6 7cd6 7cd6 7cd6 7cd6 7cd6 7cd6 7cd6 74d6 7cd6 7cd5 7cd5 7cf6 7cf6 7cf6 7cf6 7cd6 7cf6 74d6 74d6 7cf6 7cd5 7cd5 7c93 9514 b5b6 ad96 b5b6 b5b6 b5b6 b5b6 b5b6 b596 b5b6 b5b6 b5b6 b5b6 b5b6 b5b6 b5b6 b5b6 b5b6 b5b6 b5b6 b5b6 b5b6 b5b6 b5b6 b5b6 b5b6 b5b6 b5b6 b5b6 b5b6 b5b6 b596 b5b6 b5b6 b5b6 a575 9d55 7cb4 7cd5 7cd6 7cd6 7cd6 7cd6 7cd6 7cd5 7cd5 7cf6 7cf6 7cd6 7cd6 7cd6 7cd6 7cd6 7cd6 7cd6 7cd6 7cf6 7cf6 7cd6 7cd6 7cf6 7cf6 7cf6 7cf6 7cf6 7cf6 7cd6 7cd6 7cd6 7cd6 7cd6 7cd6 7cf6 7cf6 7cd6 7cd6 7cf6 7cf6 7cd6 7cd6 7cd6 7cd6 7cd6 7cd6 7cd6 7cd6 7cd6 7cd6 7cd6 7cd6 74d6 7cd6 7cf6 7cf6 7cf6 7cf6 74d6 7cd6 7cd5 7cd5 7cf6 7cf6 7cf6 7cf6 7cd5 7cd5 7cd5 7cd6 7cd5 7cd5 84f5 a597 adb7 b5b6 b5b6 b5b6 b5b6 b5b6 b5b6 b5b6 b5b6 b5b7 b5b6 b5b6 b5b6 b5b6 b5b6 b5b6 
7cd6 7cd6 7cd6 7cd6 7cf6 7cf6 74d6 7cd6 7cf5 7cd5 9535 adb7 b5b6 b5b6 adb6 b5b6 b5b7 b5b7 b5b6 b5b6 b596 b596 b5b7 adb7 9d77 84f6 7cf6 7cd5 74d6 7cf6 74d6 74d6 7cf6 7cf6 7cf6 7cf6 7cf6 7cd6 7cd6 7cd6 7cd6 7cd6 7cd6 7cd6 7cd6 7cd6 7cd6 7cd6 7cd6 7cd6 7cd6 7cd6 7cf6 7cf6 74d6 74d6 7cf6 7cf6 7cf6 7cd5 7cd5 7cd5 7cf6 8516 9537 9536 9536 9536 9556 9d56 9556 9556 9d56 9d56 9536 9536 9556 9556 9556 9536 9556 9d56 9d56 9536 9536 9557 8d16 8d37 8d57 8d57 8d36 84f5 7cf5 7cf5 7cf5 7cf6 7cf6 7cf6 7cf6 7cf6 7cf6 7cf6 7cd6 7cd6 7cf6 7cf6 7cf6 7cf6 7cf6 7cf6 7cf6 7cf6 7cf6 7cf6 7cd5 7cd5 7cf6 7cf6 7cd6 7cd6 7cd6 7cd6 7cd6 7cd6 7cd6 7cd6 7cd6 7cd6 7cd6 7cd6 7cd6 7cd6 7cf6 7cf6 7cf6 7cf6 7cd6 7cd6 7cf6 7cf6 7cf6 7cf6 7cf6 7cf6 7cf6 7cf6 7cf6 7cf6 7cf6 7cd5 7cd6 7cd6 7cd6 7cd6 7cd6 7cd6 7cd6 7cd6 7cd6 7cd6 7cd6 7cd6 7cd6 7cd6 7cd6 7cd6 7cd6 7cd6 7cf6 7cf6 7cf6 7cd6 7cd6 7cd6 7cd6 7cd6 7cd6 7cd6 7cd6 7cd6 7cf6 74d6 74f6 74f6 7cf6 7cf6 74d6 7cd6 7cd5 7cd5 7cd4 8cd4 adb6 b5b6 b5b6 b596 b5b7 b5b7 b5b6 b5b6 b5b6 b5b6 b5b6 b5b6 b5b6 b5b6 b5b6 b5b6 b5b6 b596 b5b6 b5b6 b5b6 b5b6 b5b6 b5b6 b5d6 b5d6 b5b6 b5b6 b5b6 b5b6 b5b5 b5b6 b5b6 b5b6 b596 ad56 a556 84b4 7cd5 7cd6 7cd6 7cd6 7cd6 7cd6 74f5 74f5 74f6 74d6 7cf6 7cf6 7cf6 7cd6 7cd6 7cd6 7cd6 7cd6 7cf6 7cf6 7cd6 7cd6 7cf6 7cf6 7cd6 7cd6 7cf6 7cf6 7cf6 7cf6 7cd6 7cd6 7cd6 7cd6 7cf6 7cf6 7cf6 7cd6 7cf6 7cf6 7cd6 7cd6 7cd6 7cd6 7cd6 7cd6 7cd6 7cd6 7cd6 7cd6 7cd6 7cf6 7cd6 7cd6 7cf6 7cf6 7cf6 7cf6 7cd6 7cd6 7cd6 7cd6 7cf6 7cf6 7cf6 7cf6 7cf6 7cf5 7cf5 8516 8516 84f5 9535 adb7 b5b7 b5b7 b5b6 b5b6 b5b6 b5b6 b5b6 b5b6 b5b6 b5b6 b5b6 b5b6 b5b6 b5b6 b5b6 adb6 
74d4 74f5 74f5 74f5 74f6 74d6 7cd6 7cf6 7cd5 84b4 9d76 b5b7 b5b6 b596 b5b6 b5b6 b5b6 b5b6 b5b6 b5b6 b5b6 b5b6 b5b6 b5b6 ad97 9d56 84d5 7cd5 7cd6 7cd6 7cd6 7cd6 74d5 74d5 7cf5 7cd5 7cf6 7cf6 7cf6 7cf6 7cd5 7cd5 7cd6 7cd6 7cd6 7cd6 7cd6 7cd6 74f5 74f5 74f5 74f5 7cd5 7cd5 7cd6 7cd6 74d5 74d6 74d6 74d6 7cd6 84f6 9537 9557 9536 9536 9556 9556 9556 9536 9556 9556 9556 9556 9536 9536 9d36 9d36 9d36 9d36 9556 9556 9556 9556 9556 9556 9556 9556 9536 9536 9557 9557 8cf6 8d36 9537 8d36 7cf5 7cd5 74f5 74f6 74f5 74d5 7cd6 7cd6 7cd6 7cd6 7cd6 7cd6 7cd6 7cd6 7cd6 7cd6 74f5 74f5 74f5 74f5 74f5 74f5 74d6 74d6 7cd6 7cd6 7cd6 7cd6 7cd6 7cd6 7cd6 7cd6 7cd6 7cd6 7cd6 7cd6 7cd6 7cd6 7cd6 7cd6 7cd6 7cd6 7cd6 7cd6 7cd6 7cd6 7cd6 7cd6 74d5 74d5 7cd6 7cd6 74d6 7cd6 7cf6 7cf6 7cd6 7cd6 7cd6 7cd6 7cd6 7cd6 7cd6 7cd6 7cd6 7cd6 7cd6 7cd6 7cd6 7cd6 7cd6 7cd6 7cd6 7cd6 7cd6 7cd6 7cd6 7cd6 7cd6 7cd6 74d5 74d5 74f5 74d5 7cf6 74d6 74d6 74d6 74d6 74d6 7cd6 7cd5 7cd5 84b4 8473 a576 b5b6 b5b6 b5b6 b5b6 b5b6 b5b6 b5b6 b5b6 b5b6 b596 b5b6 b5b6 b5b6 b5b6 b5b6 b5b6 adb6 b5b6 b5b6 b5b6 b5b6 b5b6 b5b6 b5b6 ad96 ad96 b5b6 b5b6 b5b7 b5b6 b5b6 b5b6 b596 b5b6 adb6 a575 9d76 84b4 84f5 7cf6 74d5 74d6 74f6 7cf6 7cd6 7cd6 74d6 74d6 74d6 74f5 74f5 74f5 74d6 74d6 7cd6 7cd6 7cd6 7cd6 7cd6 7cd6 7cd6 7cd6 7cd6 7cd6 7cd6 7cd6 7cd6 7cd6 7cd6 7cd6 7cd6 7cd6 7cd6 7cd6 7cd6 7cd6 7cd6 7cd6 7cd6 74d6 74f6 74f6 74f6 74d6 74d6 7cd6 7cd6 7cd6 7cd5 7cd6 74d6 74d6 7cd6 7cd6 7cf6 7cf6 74d5 74d4 74f5 7cf5 74d6 74d6 7cf6 7cd5 8cf4 9d55 ad96 ad96 ad96 ad75 ad76 b5b7 b5b6 b5b6 b5b6 b5b6 b5b6 b5b6 b5b6 b5b6 b5b6 b5b6 b5b6 b5b6 b5b6 b5b6 b5b6 b5b6 
74f6 74f6 74f6 74d6 7cd5 7cd6 7cd6 7cd6 7cf6 7cd5 a597 adb6 b5b6 b5b6 b5b6 b5b6 b5b6 b5b6 b5b6 b5b6 b5b6 b5b6 b5b6 b5b6 b5b7 adb7 9556 7cd5 7cf6 7cd6 7cf6 7cf6 7cd5 7cf5 7cd6 7cf6 7cd6 7cf6 7cf6 7cf6 7cf6 7cf6 7cf6 7cf6 7cf6 7cf6 7cf6 7cf6 7cf6 7cf6 7cf6 7cf6 7cf6 7cf6 7cf6 7cf6 74d6 7cf6 74d6 7cf6 7cd6 8d16 9557 9536 9536 9556 9556 9556 9556 9536 9536 9536 9556 9556 9556 9556 9556 9556 9536 9536 9556 9556 9556 9556 9556 9556 9556 9556 9556 9556 9556 9556 9556 9556 9556 9557 8d56 84f6 7cd5 7cf6 7cd6 7cf6 7cf6 7cd6 7cf6 7cf6 7cf6 7cf6 7cf6 7cf6 7cf6 7cf6 7cf6 7cf6 7cf6 7cf6 7cf6 7cf6 7cf6 7cf6 7cf6 7cf6 7cf6 7cf6 7cf6 7cf6 7cf6 7cf6 7cf6 7cf6 7cf6 7cf6 7cf6 7cf6 7cf6 7cf6 7cf6 7cf6 7cf6 7cf6 7cf6 7cf6 7cf6 7cf6 7cd6 7cd6 7cf6 7cf6 7cd6 7cd6 7cf6 7cf6 7cf6 7cf6 7cf6 7cf6 7cf6 7cf6 7cf6 7cf6 7cf6 7cf6 7cf6 7cf6 7cf6 7cf6 7cf6 7cf6 7cf6 7cf6 7cf6 7cf6 7cf6 7cf6 7cf6 7cf6 7cf6 7cf6 7cf6 7cf6 7cf6 74d6 7cf6 7cf6 7cf5 7cd5 84d5 9536 9d56 9d56 94d3 adb6 b5b6 b5b6 b5b6 b5b6 b5b6 b5b6 b5b6 b5b6 b5b6 b5b6 b5b6 b5b6 b5b6 b5b6 b5b6 b5b6 b5b6 b5b6 b5b6 b5b6 b5b6 b5b6 b5b6 b5b6 b5b6 b5b6 b5b6 b5b6 b5b6 b5b6 b5b6 b5b6 b5b6 b5b6 ad96 a555 9d55 8493 7cb4 7cd5 7cd5 7cd6 7cf6 7cd6 7cf6 7cd6 74d6 7cf6 7cf6 7cf6 7cf6 7cf6 7cf6 7cf6 7cf6 7cf6 7cf6 7cf6 7cf6 7cf6 7cf6 7cf6 7cf6 7cf6 7cf6 7cf6 7cf6 7cf6 7cf6 7cf6 7cf6 7cf6 7cf6 7cf6 7cf6 7cf6 7cf6 7cf6 7cf6 7cf6 7cf6 7cf6 7cf6 7cf6 7cf6 7cf6 7cf6 7cf6 7cd6 7cd6 7cf6 7cf6 7cf6 7cf6 74d6 74d6 74f6 74f6 7cf6 74d6 7cf6 7cf6 7cd5 8d36 a5b7 adb7 adb6 b5b6 b5b6 b5b6 b596 b596 b5b6 b5b6 b5b6 b5b6 b5b6 b5b6 b5b6 b5b6 b5b6 b5b6 b5b6 b5b6 b5b6 b5b6 b5b6 b5b6 
7cf6 74d6 7cf6 7cf6 7cf5 7cf6 7cf5 7cd5 7cf6 7cd5 a597 adb7 b5b6 b5b6 b5b6 b5b6 b5b6 b5b6 b5b6 b5b6 b5b6 b5b6 b5b6 b5b6 b5b6 adb7 a597 84d5 7cd5 7cd6 7cf6 7cf6 7cf6 7cf6 7cf6 7cf6 7cf6 7cd6 7cf6 7cf6 7cf6 7cf6 7cf6 7cf6 7cd6 7cd6 7cf6 7cf6 7cf6 7cf6 7cf6 7cf6 7cd6 7cd6 7cd6 7cd6 7cf6 7cf6 7cf6 7cd5 7cd5 8d36 9556 9556 9d56 9556 9556 9556 9556 9556 9556 9556 9556 9556 9556 9556 9556 9556 9556 9556 9556 9556 9556 9556 9556 9556 9556 9556 9556 9536 9536 9536 9556 9556 9d56 9536 9557 8d16 7cd5 7cf6 7cd5 7cd6 7cd6 7cd6 7cf6 7cf6 7cf6 7cf6 7cf6 7cf6 7cf6 7cf6 7cf6 7cf6 7cf6 7cf6 7cf6 7cf6 7cf6 7cf6 7cf6 7cf6 7cf6 7cf6 7cf6 7cf6 7cf6 7cf6 7cf6 7cf6 7cf6 7cf6 7cf6 7cf6 7cf6 7cf6 7cf6 7cf6 7cf6 7cf6 7cf6 7cf6 7cf6 7cf6 7cf6 7cf6 7cf6 7cf6 7cf6 7cf6 7cf6 7cf6 7cf6 7cf6 7cf6 7cf6 7cf6 7cf6 7cf6 7cf6 7cf6 7cf6 7cf6 7cf6 7cf6 7cf6 7cf6 7cf6 7cf6 7cf6 7cf6 7cf6 7cf6 7cf6 7cf6 7cf6 7cd6 7cd6 7cf6 7cf6 7cf6 7cf6 7cd5 7cd5 7cd4 8d15 ad97 b597 b5b7 b5b7 a534 b5b6 b5b6 b5b6 b5b6 b5b6 b5b6 b5b6 b5b6 b5b6 b5b6 b5b6 b5b6 b596 b5b6 b5b6 b5b6 b5b6 b5b6 b5b6 b5b6 b5b6 b5b6 b5b6 b5b6 b5b6 b5b6 b5b6 b5b6 b5b6 b5b6 b596 b5b6 b596 b5b6 b5b6 ad95 a575 a555 9d35 9515 84b4 7cb4 7cd5 7cf6 7cd6 7cd5 7cf6 7cf6 7cf6 7cd6 7cd6 7cd5 7cd5 7cd5 7cd5 7cd5 7cd5 7cf6 7cf6 7cf6 7cf6 7cf6 7cf6 7cf6 7cf6 7cf6 7cf6 7cf6 7cf6 7cf6 7cf6 7cf6 7cf6 7cf6 7cf6 7cf6 7cf6 7cf6 7cf6 7cf6 7cf6 7cd6 7cd6 7cf6 7cf6 7cf6 7cf6 7cf6 7cf6 7cd6 7cd6 7cd6 7cd6 7cd6 7cf6 7cf6 7cf6 7cf6 74d6 7cf6 7cd6 7cf6 7cd5 9536 adb7 adb7 b5b7 b5b7 b5b6 b5b6 b5b6 b5b6 b5b6 b5b6 b5b6 b5b6 b5b6 b5b6 b5b6 b5b6 b5b6 b5b6 b5b6 b5b6 b5b6 b5b6 b5b6 b5b6 b5b6 
7cf6 7cf6 7cf6 7cf6 7cf6 7cf6 7cf6 7cf6 7cf6 7cf5 9d56 adb7 b5b7 b5b7 b5b6 b5b6 b5b6 b5b6 b5b6 b5b6 b5b6 b5b6 b5b6 b5b6 b5b6 b5b6 adb7 9515 84f5 7cd6 7cf6 7cf6 7cf6 7cf6 7cf6 7cf6 7cf6 7cf6 7cf6 7cf6 7cf6 7cf6 7cf6 7cf6 7cf6 7cf6 7cf6 7cf6 7cd6 7cd6 7cd6 7cd6 7cd6 7cd6 7cd6 7cd6 7cf6 7cf6 7cf6 7cf6 7cf6 8516 9556 9556 9556 9556 9556 9556 9556 9556 9556 9556 9556 9556 9556 9556 9556 9556 9556 9556 9556 9556 9556 9556 9556 9556 9556 9556 9556 9556 9556 9556 9d56 9d56 9d36 9536 9556 8d36 7cf6 7cf6 7cf6 7cf6 7cf6 7cf6 7cd6 7cd6 7cd6 7cd6 7cd6 7cd6 7cd6 7cd6 7cf6 7cf6 7cf6 7cf6 7cf6 7cf6 7cf6 7cf6 7cd6 7cd6 7cd6 7cd6 7cd6 7cd6 7cd6 7cd6 7cf6 7cf6 7cf6 7cf6 7cf6 7cf6 7cf6 7cf6 7cf6 7cf6 7cf6 7cf6 7cf6 7cf6 7cf6 7cf6 7cf6 7cf6 7cf6 7cf6 7cf6 7cf6 7cf6 7cf6 7cd6 7cd6 7cd6 7cd6 7cd6 7cd6 7cd6 7cd6 7cf6 7cf6 7cf6 7cf6 7cf6 7cf6 7cf6 7cf6 7cf6 7cf6 7cf6 7cf6 7cf6 7cf6 7cf6 7cf6 7cf6 7cf6 7cf6 7cf6 7cf6 7cf6 7cf6 84d5 8cd4 ad96 b596 bdb6 bdb6 b596 ad75 b5b6 b5b6 b5b6 b5b6 b5b6 b5b6 b5b6 b5b6 b5b6 b5b6 b5b6 b5b6 b5b6 b5b6 b5b6 b5b6 b5b6 b5b6 b5b6 b5b6 b5b6 b5b6 b5b6 b5b6 b5b6 b596 b596 b5b6 b5b6 b5b6 b5b6 b5b6 b5b6 b5b6 b5b6 b596 b5b6 b5b6 b5b7 adb6 9d56 84d4 7cb4 84f5 7cd6 7cd5 7cf6 7cf6 7cf5 7cf6 7cf6 7cf6 7cf6 7cf6 7cf6 7cf6 7cf6 7cf6 7cf6 7cf6 7cf6 7cf6 7cf6 7cf6 7cf6 7cf6 7cf6 7cf6 7cf6 7cf6 7cf6 7cf6 7cf6 7cf6 7cf6 7cf6 7cf6 7cf6 7cf6 7cf6 7cf6 7cd6 7cd6 7cd6 7cd6 7cd6 7cd6 7cd6 7cd6 7cf6 7cf6 7cd6 7cf6 7cf6 7cf6 7cf6 7cf6 7cf6 7cf6 7cf6 7cf6 7cd5 8cf5 adb7 b5b7 b5b6 b5b6 b5b6 b5b6 b596 b5b6 b5b6 b5b6 b5b6 b5b6 b5b6 b5b6 b5b6 b5b6 b5b6 b5b6 b5b6 b5b6 b5b6 b5b6 b5b6 b5b6 b5b6 b5b6 
7cf6 7cf6 7cf6 7cf6 7cf6 7cd6 7cf6 7cf6 7cf6 84f5 9515 ad96 ad96 b5b6 b5b6 b596 b5b6 b5b6 b5b6 b5b6 b5b6 b5b6 b5b6 b5b6 b5b6 b5b6 add7 9d35 8cf5 84d5 84f5 84d5 84f5 84f6 7cd6 7cf6 7cf6 7cf6 7cf6 7cf6 7cf6 7cf6 7cf6 7cf6 7cf6 7cf6 7cf6 7cf6 7cf6 7cf6 7cf6 7cf6 7cf6 7cf6 7cf6 7cf6 7cf6 7cf6 7cf6 7cf6 7cf5 84f5 8d36 9557 9d76 9d56 9d56 9556 9556 9556 9556 9556 9556 9556 9556 9556 9556 9556 9556 9556 9536 9536 9556 9556 9556 9556 9556 9556 9556 9d56 9556 9556 9556 9536 9556 9d57 9557 8d16 7cd5 7cf6 7cf6 7cf6 7cf6 7cf6 7cf6 7cf6 7cf6 7cf6 7cf6 7cf6 7cf6 7cf6 7cf6 7cf6 7cf6 7cf6 7cf6 7cf6 7cf6 7cf6 7cf6 7cf6 7cf6 7cf6 7cf6 7cf6 7cf6 7cf6 7cf6 7cf6 7cf6 7cf6 7cf6 7cf6 7cf6 7cf6 7cf6 7cf6 7cf6 7cf6 7cf6 7cf6 7cf6 7cf6 7cf6 7cf6 7cf6 7cf6 7cf6 7cf6 7cf6 7cf6 7cf6 7cf6 7cf6 7cf6 7cf6 7cf6 7cf6 7cf6 7cf6 7cf6 7cf6 7cf6 7cf6 7cf6 7cf6 7cf6 7cf6 7cf6 7cf6 7cf6 7cf6 7cf6 7cf6 7cf6 7cf6 7cf6 7cf6 7cf6 7cf6 7cf6 84f6 84b5 9d56 b5b7 b5b6 b5b5 b5b6 b5b6 b596 b596 b5b6 b5b6 b5b6 b5b6 b5b6 b5b6 b5b6 b5b6 b5b6 b5b6 b596 b5b6 b5b6 b5b6 b5b6 b5b6 b5b6 b5b6 b596 b5b6 b5b6 b5b6 b5b6 b5b6 b5b6 b5b6 b5b6 b5b6 b5b6 b5b6 b5b6 b5b6 b5b6 b5b6 b5b6 b5b6 b5b6 b5b6 b5b6 a575 9d55 7c93 84d5 7cd6 7cf6 7cf6 7cf6 7cf6 7cf6 7cf6 7cf6 7cf6 7cf6 7cf6 7cf6 7cf6 7cf6 7cf6 7cf6 7cf6 7cf6 7cf6 7cf6 7cf6 7cf6 7cf6 7cf6 7cf6 7cf6 7cf6 7cf6 7cf6 7cf6 7cf6 7cf6 7cf6 7cf6 7cf6 7cf6 7cf6 7cf6 7cf6 7cf6 7cf6 7cf6 7cf6 7cf6 7cf6 7cf6 7cf6 7cd6 7cf6 7cf6 7cf6 7cf6 7cf6 7cf5 7cf5 84f6 84f5 84d5 9d36 b5b7 b596 b5b6 b5b6 b5b5 b5b6 b5b6 b5b6 b5b6 b5b6 b5b6 b5b6 b5b6 b5b6 b5b6 b5b6 b5b6 b5b6 b5b6 b5b6 b5b6 b5b6 b5b6 b5b6 b5b6 b5b6 
7cf6 7cd6 7cf6 7cf6 84f6 84f6 84f6 84d6 84d5 8d15 a5b6 adb7 b5b6 b596 b5b6 b5b6 b5b6 b5b6 b5b6 b5b6 b5b6 b5b6 b5b6 b5b6 b5b6 b5b6 b5d7 ad96 a597 a597 9d77 8d15 84d5 84d5 84f6 7cf6 7cf6 7cf6 7cf6 7cf6 7cf6 7cf6 7cf6 7cf6 7cf6 7cf6 7cf6 7cf6 7cf6 7cf6 7cf6 7cf6 7cf6 7cf6 7cf6 7cf6 7cf6 7cf6 7cf6 7cf6 7cf6 84f6 84d5 8516 8d36 9556 9d76 9556 9556 9d56 9556 9556 9556 9556 9556 9556 9556 9556 9556 9556 9d56 9d56 9d56 9d56 9d56 9d56 9d56 9d56 9556 9d56 9556 9556 9556 9536 9557 9557 8d36 84f6 7cf6 7cf6 7cf6 7cf6 7cf6 7cf6 7cf6 7cf6 7cf6 7cf6 7cf6 7cf6 7cf6 7cf6 7cf6 7cf6 7cf6 7cf6 7cf6 7cf6 7cf6 7cf6 7cf6 7cf6 7cf6 7cf6 7cf6 7cf6 7cf6 7cf6 7cf6 7cf6 7cf6 7cf6 7cf6 7cf6 7cf6 7cf6 7cf6 7cf6 7cf6 7cf6 7cf6 7cf6 7cf6 7cf6 7cf6 7cf6 7cf6 7cf6 7cf6 7cf6 7cf6 7cf6 7cf6 7cf6 7cf6 7cf6 7cf6 7cf6 7cf6 7cf6 7cf6 7cf6 7cf6 7cf6 7cf6 7cf6 7cf6 7cf6 7cf6 7cf6 7cf6 7cf6 7cf6 7cf6 7cf6 7cf6 7cf6 7cf6 7d16 7cf6 7cf6 84f6 84f6 84b4 ad97 b5b7 b5b6 b5b6 b5b6 b5b6 b596 b596 b5b6 b5b6 b5b6 b5b6 b5b6 b5b6 b5b6 b5b6 b5b6 b5b6 b596 ad96 b5b6 b5b6 b5b6 b5b6 b5b6 b5b6 b5b6 b5b6 b5b6 b5b6 b5b6 b5b6 b5b6 ad96 b5b6 b5b6 b5b6 b5b6 b5b6 b5b6 b5b6 b5b6 b5b6 b5b6 b596 b5b6 ad96 a575 a576 8cd4 7cb4 84f6 7cf6 7cf6 7cf6 84f6 7cf6 7cf6 7cf6 7cf6 7cf6 7cf6 7cf6 7cf6 7cf6 7cf6 7cf6 7cf6 7cf6 7cf6 7cf6 7cf6 7cf6 7cf6 7cf6 7cf6 7cf6 7cf6 7cf6 7cf6 7cf6 7cf6 7cf6 7cf6 7cf6 7cf6 7cf6 7cf6 7cf6 7cf6 7cf6 7cf6 7cf6 7cf6 7cf6 7cf6 7cf6 7cf6 7cf6 7cf6 7cf6 7cf6 84f6 84f6 84f5 9536 a597 a597 9d56 a576 b5b6 b5b6 b5b6 b5b6 b5b6 b5b6 b5b6 b5b6 b5b6 b5b6 b5b6 b5b6 b5b6 b5b6 b5b6 b5b6 b5b6 b5b6 b5b6 b5b6 b5b6 b5b6 b5b6 b5b6 b5b6 b5b6 
7cf6 7cd6 7cf5 84d5 84f5 9516 9536 9516 8cf4 9d56 adb7 b5b6 b5b6 b5b6 b5b6 b5b6 b5b6 b5b6 b5b6 b5b6 b5b6 b5b6 b5b6 b5b6 b5b6 b5b6 b5b6 b597 b5b7 ad96 adb7 adb7 9d56 84d5 7cd5 7cf6 7cf6 7cf6 7cf6 7cd6 7cf6 7cf6 7cf6 7cf6 7cf6 7cf6 7cf6 7cf6 7cf6 7cf6 7cf6 7cf6 7cf6 7cf6 7cf6 7cf6 7cf6 7cf6 7cd6 7cf6 7cf6 7cf6 7cf5 7cd5 7cf5 8515 9556 9556 9d56 9556 9556 9556 9556 9556 9556 9556 9556 9556 9556 9556 9556 9556 9556 9556 9556 9556 9556 9556 9d56 9d56 9556 9556 8d36 84f5 8516 8516 84f5 84f6 7cf6 7cf6 7cf6 7cf6 7cf6 7cf5 7cf6 7cf6 7cf6 7cf6 7cf6 7cf6 7cf6 7cf6 7cf6 7cf6 7cf6 7cf6 7cf6 7cf6 7cf6 7cf6 7cf6 7cf6 7cf6 7cf6 7cf6 7cf6 7cf6 7cf6 7cf6 7cf6 7cf6 7cf6 7cf6 7cf6 7cf6 7cf6 7cf6 7cf6 7cf6 7cf6 7cf6 7cf6 7cf6 7cf6 7cf6 7cf6 7cf6 7cf6 7cf6 7cf6 7cf6 7cf6 7cf6 7cf6 7cf6 7cf6 7cf6 7cf6 7cf6 7cf6 7cf6 7cf6 7cf6 7cf6 7cf6 7cf6 7cf6 7cf6 7cf6 7cf6 7cf6 7cf6 7cf6 7cf6 7cf6 7cf6 7cf6 7cf6 7cf6 7cf6 7cf6 7cf5 84f5 84b4 ad97 b5b7 b5b6 b5b6 b5b6 b5b7 b5b6 b596 b5b6 b5b6 b5b6 b5b6 b5b6 b5b6 b5b6 b5b6 b5b6 b5b6 b5b6 ad75 b5b6 b5b6 b5b6 b5b6 b5b6 b5b6 b5b6 b5b6 b5b6 b5b6 b5b6 b5b6 ad95 a575 adb6 b5b6 b5b6 b5b6 b5b6 b5b6 b596 b596 b5b6 b5b6 b5b6 b5b6 ad95 a555 a575 8cf4 7cd4 7cf6 7cf6 7cf6 7cf6 7cf6 7cf6 7cf6 7cf6 7cf6 7cf6 7cf6 7cf6 7cf6 7cf6 7cf6 7cf6 7cf6 7cf6 7cf6 7cf6 7cf6 7cf6 7cf6 7cf6 7cf6 7cf6 7cf6 7cf6 7cf6 7cf6 7cf6 7cf6 7cf6 7cf6 7cf6 7cf6 7cf6 7cf6 7cf6 7cf6 7cf6 7cf6 7cf6 7cf6 7cf6 7cf6 7cf6 7cf6 7cd6 7cf6 7cf6 7cd5 84d5 9d76 b5b7 adb6 b5b7 ad76 ad96 ad96 b5b6 b5b6 b5b6 b5b6 b5b6 b5b6 b5b6 b5b6 b5b6 b5b6 b5b6 b5b6 b5b6 b5b6 b5b6 b5b6 b5b6 b5b6 b5b6 b5b6 b5b6 b5b6 b5b6 b5b6 b5b6 
8517 7cf6 84f5 9536 a597 adb7 adb7 adb7 a596 ad96 b5b6 b5b6 b5b6 b5b6 b5b6 b596 b5b6 b597 b5b6 b5b6 b5b6 b5b6 b5b6 b5b6 b5b6 b5b6 b5b6 b5b6 b5b6 b596 b5b6 b5b7 adb8 9d57 84d5 84f6 84f6 7cd6 7cf6 7cf6 7cf6 7cf6 7cf6 7cf6 7cf6 7cf6 7cf6 7cf6 7cf6 7cf6 7cf6 7cf6 7cf6 7cf6 7cf6 7cf6 7cf6 7cf6 7cf6 7cd6 7cf6 7cf6 7cf6 7cf6 7cf6 84f5 8d36 9556 9d56 9d56 9556 9556 9556 9556 9556 9556 9556 9556 9556 9556 9556 9d56 9556 9556 9556 9556 9d56 9d56 9d56 9d56 9556 8d36 84f5 7cf5 7cf5 7cf6 84f6 84f6 7cf6 7cf6 7cf6 7cf6 7cf6 7cf6 7cf6 7cf6 7cf6 7cf6 7cf5 7cf5 7cf5 7cf6 7cf6 84f6 84f6 84f6 7cf6 7cf6 7cf6 7cf6 7cf6 7cf6 7cf6 7cf6 7cf6 7cf6 7cf6 7cf6 7cf6 7cf6 7cf6 7cf6 7cf6 7cf6 7cf6 7cf6 7cf6 7cf6 7cf6 7cf6 7cf6 7cf6 7cf6 7cf6 7cf6 7cf6 7cf6 7cf6 7d16 7d16 7cf6 7d16 7cf6 7cf6 7cf6 7cf6 7cf6 7cf6 7cf6 7cf6 7cf6 7cf6 7cf6 7cf6 7cf6 7cf6 7cf6 7cf6 7cf6 7cf6 7cf6 7cf6 7cf6 7cf6 7cf6 7cf6 84f6 84f6 7cf6 7cf6 7cf6 7cf5 84f5 84d4 adb6 adb6 b5b6 b5b6 b5b6 b5b6 ad95 ad95 b5b6 b5b6 b5b6 b5b6 b5b6 b5b6 b5b6 b5b6 b5b6 b5b6 b5b6 ad75 ad75 b5b6 b5b5 b5d6 b5b6 b5b6 b5b6 b5b6 b5b6 b5b6 b5b6 adb6 a575 a575 a575 ad96 b5b6 b5b6 b5b6 b5b6 b5b7 b597 b5b6 b5b6 b5b6 ad96 a575 a575 a575 8cf4 7cb4 7cf6 7cf6 7cf6 7cf6 7cf6 7cf6 7cf6 7cf6 7cf6 7cf6 7cf6 7cf6 7cf6 7cf6 7cf6 7cf6 7cf6 7cf6 7cf6 7cf6 7cf6 7cf6 7cf6 7cf6 7cf6 7cf6 7cf6 7cf6 7cf6 7cf6 7cf6 7cf6 7cf6 7cf6 7cf6 7cf6 7cf6 7cf6 7cf6 7cf6 7cf6 7cf6 7cf6 7cf6 7cf6 7cf6 7cf6 7cf6 7cf6 7cf6 7cf6 7cd6 9557 adb7 b5b7 b5b6 bdb6 b596 b5b6 b5b6 b5b6 b5b6 b5b6 b5b6 b5b6 b5b6 b5b6 b5b6 b596 b5b6 b5b6 b5b6 b5b6 b5b6 b5b6 b5b6 b5b6 b5b6 b5b6 b5b6 b5b6 b5b6 b5b6 b5b6 b5b6 
7cf4 84f4 9d75 adb6 adb6 b596 b5b6 b5b6 ad96 b596 b5b6 b5b6 b596 b596 b5b6 b5b6 b5b6 b5b6 b5b6 b5b6 b5b6 b5b6 b5b6 b5b6 b5b6 b5b6 b5b6 b5b6 b5b6 b5b6 b5b6 b5b6 adb6 a5b6 84f4 84f5 7cf5 7cf6 7cf6 84f6 7cf6 7cf6 7cf6 7cf6 7cf6 7cf6 84d6 84d6 7cf6 7cf6 7cf6 7cf6 7cf6 7cf6 7cf6 7cf6 7cf6 7cf6 7cf6 7cf6 7cf6 7cf6 7cf6 7cf6 7cd5 7cd5 84f5 8d36 9557 9556 9d56 9d56 9536 9536 9d56 9d56 9d56 9d36 9d56 9d56 9555 9556 9556 9556 9556 9556 9d56 9d56 9d36 9536 9577 8d36 84d6 84f6 84f6 7cf6 7cf6 7cf6 7cf6 7cf6 7cf6 7cf6 7cf6 7cf6 7cf6 7cf6 7cf6 7cf6 7cf6 84f6 84f6 84f6 7cf6 7cf6 7cf6 7cf6 7cf6 7cf6 7cf6 7cf6 7cf6 7cf6 7cf6 7cf6 7cf6 7cf6 7cf6 7cf6 7cf6 7cf6 7cf6 7cf6 7cf6 7cf6 7cf6 7cf6 7cf6 7cf6 7cf6 7cf6 7cf6 7cf6 7cf6 7cf6 7cf6 7cf6 7cf6 7cf6 7cf6 7cf6 7cf6 7cf6 7cf6 7cf6 7cf6 7cf6 7cf6 7cf6 7cf6 7cf6 7cf6 7cf6 7cf6 7cf6 7cf6 7cf6 7cf6 7cf6 7cf6 7cf6 7cf6 7cf6 7cf6 7cf6 7cf6 7cf6 7cf5 7cf5 7cf6 7cf6 7cf6 7cf5 84f5 84b3 9d55 adb6 b5b7 b5b7 b5b7 b597 b596 ad75 ad96 b5b6 b5b6 b5b6 b5b6 b5b6 b5b6 b5b6 b5b6 b5b6 ad96 a575 a575 ad75 adb6 b5b6 ad95 b595 b5b5 b5b6 b5b6 b5d6 b5b6 a595 9d55 9d55 a575 a575 a576 ad96 b5b6 b5b6 ad95 adb6 b5b6 adb6 ad96 a575 a575 a576 9d55 8493 84f5 7cf5 7cf6 7cf6 7cf6 7cf6 7cf6 7cf6 7cf6 7cf6 7cf6 7cf6 7cf6 7cf6 7cf6 7cf6 7cf6 7cf6 7cf6 7cf6 7cf6 7cf6 7cf6 7cf6 7cf6 7cf6 7cf6 7cf6 7cf6 7cf6 7cf6 7cf6 7cf6 7cf6 7cf6 7cf6 7cf6 7cf6 7cf5 7cf5 7cf5 7cf5 7cf6 7cf6 7cf6 7cf6 7cd6 7cf6 7cf6 84f6 7cf6 84f6 8cf5 adb7 adb6 adb5 b5b5 b5b5 b5b6 b5b6 b5b6 b5b6 b5b6 b596 b5b6 b5b6 b5b6 b5b7 b5b7 b5b6 ad95 adb5 b5b6 b5b6 b5b6 b5b6 b5b6 b5b6 b5b6 b595 b5b6 b5b6 b5b6 b5b6 b5b7 b5b7 
84f5 9556 add7 b5b6 b5b6 b5b6 b5b6 b5b6 b5b6 b5b6 b5b6 b5b6 b5b6 b5b6 b596 b596 b5b6 b5b6 b5b6 b5b6 b5b6 b5b6 b5b6 b5b6 b5b6 b5b6 b5b6 b5b6 b5b6 b5b6 b5b6 b5b6 b5b6 add7 9535 84f5 84f6 7cf6 7cf6 7cf6 7cf6 7cf6 7cf6 7cf6 7cf6 7cf6 7cf6 7cf6 7cf6 7cf6 7cf6 7cf6 7cf6 7cf6 7cf6 7cf6 7cf6 7cf6 7cf6 7cf6 7cf6 7cf6 7cf6 7cf6 7cf6 7cf6 7cf5 84f5 8516 9536 9556 9536 9556 9d56 9d56 9d56 9d56 9d56 9d56 9d56 9d56 9555 9556 9556 9556 9556 9d56 9556 9d56 9d56 9577 8d16 84f6 7cd6 84f6 84f6 7cf6 7cf6 7cf6 7cf6 7cf6 7cf6 7cf6 7cf6 7cf6 7cf6 7cf6 7cf6 7cf6 7cf6 7cf6 7cf6 7cf6 7cf6 7cf6 7cf6 7cf6 7cf6 7cf6 7cf6 7cf6 7cf6 7cf6 7cf6 7cf6 7cf6 7cf6 7cf6 7cf6 7cf6 7cf6 7cf6 7cf6 7cf6 7cf6 7cf6 7cf6 7cf6 7cf6 7cf6 7cf6 7cf6 7cf6 7cf6 7cf6 7cf6 7cf6 7cf6 7cf6 7cf6 7cf6 7cf6 7cf6 7cf6 7cf6 7cf6 7cf6 7cf6 7cf6 7cf6 7cf6 7cf6 7cf6 7cf6 7cf6 7cf6 7cf6 7cf6 7cf6 7cf6 7cf6 7cf6 7cf6 7cf6 7cf6 7cf6 7cf6 7cf6 7cf6 7cf6 7cf6 7cf5 84f5 7cb4 9535 a575 ad96 b5b6 b5b6 b5b6 adb6 a575 a595 adb6 b5b6 b5b6 b5b6 b5b6 b5b7 ad96 ad96 ad75 a575 a575 a575 a575 a575 ad96 ad96 b5b6 b5b6 b5b6 adb6 ad96 a575 a575 a575 a575 a575 a575 a575 a575 a575 a575 a575 a575 a575 a575 a555 a575 a575 a575 9534 7c93 84f5 7cd5 7cf6 7cf6 7cf6 7cf6 7cf6 7cf6 7cf6 7cf6 7cf6 7cf6 7cf6 7cf6 7cf6 7cf6 7cf6 7cf6 7cf6 7cf6 7cf6 7cf6 7cf6 7cf6 7cf6 7cf6 7cf6 7cf6 7cf6 7cf6 7cf6 7cf6 7cf6 7cf6 7cf6 7cf6 7cf6 7cf6 7cf6 7cf6 7cf6 7cf6 7cf6 7cf6 7cf6 7cf6 7cf6 7cf6 7cf6 7cf6 7cf6 7cd6 8d15 adb7 b5b6 b5b6 b596 b5b6 b596 b596 b5b6 b5b6 b5b6 b5b6 b5b6 b5b6 b5b6 b5b6 b5b6 b5b6 b5b6 b5b6 b5b6 b5b6 b5b6 b5b6 b5b6 b5b6 b5b6 b5b6 b5b6 b5b6 b5b6 b596 b5b6 b5b6 
9515 add7 adb6 b5b6 b5b6 b5b6 b5b6 b5b6 b5b6 b5b6 b5b6 b5b6 b5b6 b5b6 b5b6 b5b6 b5b6 b5b6 b5b6 b5b6 b5b6 b5b6 b5b6 b5b6 b5b6 b5b6 b5b6 b5b6 b5b6 b5b6 b5b6 b5b6 b5b6 b5b7 9d76 84f5 7cf5 7cf6 7cf6 7cf6 7cf6 7cf6 7cf6 7cf6 7cf6 7cf6 7cf6 7cf6 7cf6 7cf6 7cf6 7cf6 7cf6 7cf6 7cf6 7cf6 7cf6 7cf6 7cf6 7cf6 7cf6 7cf6 7cf6 7cf6 7cf6 7cf6 7cf6 7cf6 7cf5 84f6 7cf5 84f5 8d36 9556 9556 9556 9d56 9d56 9556 9d56 9d56 9d56 9d56 9d56 9556 9556 9556 9556 9556 9557 9557 84f6 84f5 7cf6 7cf6 7cf6 7cf6 7cf6 7cf6 7cf6 7cf6 7cf6 7cf6 7cf6 7cf6 7cf6 7cf6 7cf6 7cf6 7cf6 7cf6 7cf6 7cf6 7cf6 7cf6 7cf6 7cf6 7cf6 7cf6 7cf6 7cf6 7cf6 7cf6 7cf6 7cf6 7cf6 7cf6 7cf6 7cf6 7cf6 7cf6 7cf6 7cf6 7cf6 7cf6 7cf6 7cf6 7cf6 7cf6 7cf6 7cf6 7cf6 7cf6 7cf6 7cf6 7cf6 7cf6 7cf6 7cf6 7cf6 7cf6 7cf6 7cf6 7cf6 7cf6 7cf6 7cf6 7cf6 7cf6 7cf6 7cf6 7cf6 7cf6 7cf6 7cf6 7cf6 7cf6 7cf6 7cf6 7cf6 7cf6 7cf6 7cf6 7cf6 7cf6 7cf6 7cf6 7cf6 7cf6 7cf6 7cf6 84f5 84f5 84d4 84b3 9d55 a575 a575 ad95 ad95 a595 a575 9d75 a575 ad95 ad96 ad96 ad96 ad76 a556 a555 a555 a575 a575 a575 a575 a575 a575 a575 a576 a576 a576 a576 a575 9d75 a555 a575 a575 9d55 a575 9d75 a575 9d55 a576 9d76 9d76 a575 a575 a575 a575 a595 9534 7cb3 84f5 84f5 7cf6 7cf6 7cf6 7cf6 7cf6 7cf6 7cf6 7cf6 7cf6 7cf6 7cf6 7cf6 7cf6 7cf6 7cf6 7cf6 7cf6 7cf6 7cf6 7cf6 7cf6 7cf6 7cf6 7cf6 7cf6 7cf6 7cf6 7cf6 7cf6 7cf6 7cf6 7cf6 7cf6 7cf6 7cf6 7cf6 7cf6 7cf6 7cf6 7cf6 7cf6 7cf6 7cf6 7cf6 7cf6 7cf6 7cf6 84f6 84f6 7cf6 84f5 8d15 add7 b597 b597 b596 b597 b5b6 b5b6 b5b7 b5b6 b5b6 b5b6 b5b6 b5b6 b5b6 b5b6 b5b6 b5b6 b5b6 b5b6 b5b6 b5b6 b5b6 b5b6 b5b6 b5b6 b5b6 adb6 b5b6 b5b6 b5b6 b5b6 b5b6 b5b6 
a576 b5d7 b5b6 b5b6 b5b6 b5b6 b5b6 b5b6 b5b6 b5b6 b5b6 b5b6 b5b6 b5b6 b5b6 b5b6 b5b6 b5b6 b5b6 b5b6 b5b6 b5b6 b5b6 b5b6 b5b6 b5b6 b5b6 b5b6 b5b6 b5b6 b5b6 b5b6 b5b6 b5b7 9d76 84d5 84f5 7cd6 7cf6 7cf6 7cf6 7cf6 7cf6 7cf6 7cf6 7cf6 7cf6 7cf6 7cf6 7cf6 7cf6 7cf6 7cf6 7cf6 7cf6 7cf6 7cf6 7cf6 7cf6 7cf6 7cf6 7cf6 7cf6 7cf6 7cf6 7cf6 7cf6 7cf6 7cf6 7d16 7cf6 84f6 84f5 9556 9557 9556 9556 9556 9556 9d56 9d56 9d56 9556 9515 9536 9556 9556 9556 9557 8d36 84f5 84f5 7cf6 7cf6 7cf6 7cf6 7cf6 7cf6 7cf6 7cf6 7cf6 7cf6 7cf6 7cf6 7cf6 7cf6 7cf6 7cf6 7cf6 7cf6 7cf6 7cf6 7cf6 7cf6 7cf6 7cf6 7cf6 7cf6 7cf6 7cf6 7cf6 7cf6 7cf6 7cf6 7cf6 7cf6 7cf6 7cf6 7cf6 7cf6 7cf6 7cf6 7cf6 7cf6 7cf6 7cf6 7cf6 7cf6 7cf6 7cf6 7cf6 7cf6 7cf6 7cf6 7cf6 7cf6 7cf6 7cf6 7cf6 7cf6 7cf6 7cf6 7cf6 7cf6 7cf6 7cf6 7cf6 7cf6 7cf6 7cf6 7cf6 7cf6 7cf6 7cf6 7cf6 7cf6 7cf6 7cf6 7cf6 7cf6 7cf6 7cf6 7cf6 7cf6 7cf6 7cf6 7cf6 7cf6 7cf6 7cf6 7cf6 7cf6 7cf5 84f5 7cb4 8cf4 9d55 a575 a554 a575 9d75 9d55 9514 9d75 a575 a575 a555 a555 a555 a555 a575 a575 a575 a575 9d55 9d75 9d75 a575 a575 a575 a555 a575 a575 a575 a555 a576 9d55 8cf4 8493 9514 9d55 a576 a555 a555 a576 a576 a575 a575 9d75 9d75 8cf4 7c93 7cd4 84f5 7cf6 7cf6 7cf6 7cf6 7cf6 7cf6 7cf6 7cf6 7cf6 7cf6 7cf6 7cf6 7cf6 7cf6 7cf6 7cf6 7cf6 7cf6 7cf6 7cf6 7cf6 7cf6 7cf6 7cf6 7cf6 7cf6 7cf6 7cf6 7cf6 7cf6 7cf6 7cf6 7cf6 7cf6 7cf6 7cf6 7cf6 7cf6 7cf6 7cf6 7cf6 7cf6 7cf6 7cf6 7cf6 7cf6 7cf6 7cf6 84f6 84f6 7cf6 84f5 8cf4 adb7 adb7 b5b6 b5b6 b5b6 b5b6 b5b6 b5b6 adb6 b5b6 b5b6 b5b6 b5b6 b5b6 b5b6 b5b6 b5b6 b596 b5b6 b596 b5b6 b5b6 b5b6 b5b6 b5b6 b5b6 b5b6 b5b6 b5b6 b5b6 b5b6 b596 b5b6 
b596 b5b6 b5b6 b5b6 b5b6 b5b6 b5b6 b5b6 b5b6 b5b6 b5b6 b5b6 b5b6 b5b6 b5b6 b5b6 b5b6 b5b6 b5b6 b5b6 b5b6 b5b6 b5b6 b5b6 b5b6 b5b6 b5b6 b5b6 b5b6 b5b6 b5b6 b5b6 b5b6 b596 a576 9516 8cf5 84f5 84f6 84f6 7cf6 7cf6 7cf6 7cf6 7cf6 7cf6 7cf6 7cf6 7cf6 7cf6 7cf6 7cf6 7cf6 7cf6 7cf6 7cf6 7cf6 7cf6 7cf6 7cf6 7cf6 7cf6 7cf6 7cf6 84f6 7cf6 7cf6 7cf6 7cf6 7cf6 7cf6 84f5 84f5 84f5 8d16 9556 9556 9556 9556 9d56 9557 9536 8d16 84f5 84f6 84f6 8516 8516 84f6 84f6 84f6 84f6 7cf6 7cf6 7cf6 7cf6 7cf6 7cf6 7cf6 7cf6 7cf6 7cf6 7cf6 7cf6 7cf6 7cf6 7cf6 7cf6 7cf6 7cf6 7cf6 7cf6 7cf6 7cf6 7cf6 7cf6 7cf6 7cf6 7cf6 7cf6 7cf6 7cf6 7cf6 7cf6 7cf6 7cf6 7cf6 7cf6 7cf6 7cf6 7cf6 7cf6 7cf6 7cf6 7cf6 7cf6 7cf6 7cf6 7cf6 7cf6 7cf6 7cf6 7cf6 7cf6 7cf6 7cf6 7cf6 7cf6 7cf6 7cf6 7cf6 7cf6 7cf6 7cf6 7cf6 7cf6 7cf6 7cf6 7cf6 7cf6 7cf6 7cf6 7cf6 7cf6 7cf6 7cf6 7cf6 7cf6 7cf6 7cf6 7cf6 7cf6 7cf6 7cf6 7cf6 7cf6 84f6 84f6 7cf6 7cf6 7cf6 7cf6 84f6 84f6 84f5 7cb4 84b3 8cf4 9514 8cf4 84d4 84b4 84d4 8cf4 9d56 a575 a575 a575 a575 a554 a575 a575 a575 9d75 9514 94f4 9d55 a575 a575 a575 a575 a555 a575 a575 a575 9d35 84d4 84d4 84d4 7cb4 7c93 8cf4 9535 9d55 a575 a575 a555 9d55 9515 84b3 7c93 84d4 84f5 84f6 7cf6 84f6 7cf6 7cf6 7cf6 7d16 7cf6 7cf6 7cf6 7cf6 7cf6 7cf6 7cf6 7cf6 7cf6 7cf6 7cf6 7cf6 7cf6 7cf6 7cf6 7cf6 7cf6 7cf6 7cf6 7cf6 7cf6 7cf6 7cf6 7cf6 7cf6 7cf6 7cf6 7cf6 7cf6 7cf6 7cf6 7cf6 7cf6 7cf6 7cf6 7cf6 7cf6 7cf6 7cf6 7cf6 7cf6 7cf6 7cf6 7cf6 84f6 84f5 84f4 a597 adb7 b5b6 b5b6 b5b6 b5b6 b5b6 b5b6 b5b6 b5b6 b5b6 b5b6 b5b6 b5b6 b5b6 b5b6 b5b6 b5b6 b5b6 b5b6 b5b6 b5b6 b5b6 b5b6 b5b6 b596 b5b6 b5b6 b5b6 b5b6 b5b6 b5b6 b5b6 
b596 b5b6 b5b6 b596 b5b6 b5b6 b5b6 b5b6 b5b6 b5b6 b5b6 b5b6 b5b6 b5b6 b5b6 b5b6 b5b6 b5b6 b5b6 b5b6 b5b6 b5b6 b5b6 b5b6 b5b6 b5b6 b5b6 b5b6 b5b6 b5b6 b5b6 b5b6 b5b6 b5b6 b5b7 adb7 a597 8d15 84f5 84f6 7cf6 7cf6 84f6 84f6 7cf6 7cf6 7cf6 7cf6 7cf6 7cf6 7cf6 7cf6 7cf6 7cf6 7cf6 7cf6 7cf6 7cf6 7cf6 7cf6 7cf6 7cf6 7cf6 7cf6 7cf6 8516 84f6 84f6 84f6 84f6 7cf6 84f6 84f6 84f6 84f5 84f5 8d16 8d36 8d36 8d36 8d16 8516 84f6 84f6 8516 7cf6 8516 84f6 84f6 7cf6 7cf6 7cf6 7cf6 7cf6 7cf6 7cf6 7cf6 7cf6 7cf6 7cf6 7cf6 7cf6 7cf6 7cf6 7cf6 7cf6 7cf6 7cf6 7cf6 7cf6 7cf6 7cf6 7cf6 7cf6 7cf6 7cf6 7cf6 7cf6 7cf6 7cf6 7cf6 7cf6 7cf6 7cf6 7cf6 7cf6 7cf6 7cf6 7cf6 7cf6 7cf6 7cf6 7cf6 7cf6 7cf6 7cf6 7cf6 7cf6 7cf6 7cf6 7cf6 7cf6 7cf6 7cf6 7cf6 7cf6 7cf6 7cf6 7cf6 7cf6 7cf6 7cf6 7cf6 7cf6 7cf6 7cf6 7cf6 7cf6 7cf6 7cf6 7cf6 7cf6 7cf6 7cf6 7cf6 7cf6 7cf6 7cf6 7cf6 7cf6 7cf6 7cf6 7cf6 7cf6 7cf6 7cf6 7cf6 84f6 7cf6 7cf6 7cf6 7cf6 7cf6 84f6 84f6 84f6 84d5 7cb4 84d4 84d4 84d5 84f5 84d5 84d4 84b3 9515 9d75 9d75 a575 a575 a575 9d75 9535 84b3 84b3 8cd4 8cd4 9515 9d55 a575 a575 a555 a555 9d34 8cb3 8493 84d5 84f6 7cf6 7cf5 84d5 84b4 8493 7c92 8492 8472 7c72 7c93 84b4 84d5 84f5 84f6 7cf6 7cf6 84f6 84f6 7cf6 84f6 7cf6 7cf6 7cf6 7cf6 7cf6 7cf6 7cf6 7cf6 7cf6 84f6 7cf6 7cf6 7cf6 7cf6 7cf6 7cf6 7cf6 7cf6 7cf6 7cf6 7cf6 7cf6 7cf6 7cf6 7cf6 7cf6 7cf6 7cf6 7cf6 7cf6 7cf6 7cf6 7cf6 7cf6 7cf6 7cf6 7cf6 7cf6 7cf6 7cf6 7cf6 7cf6 7cf6 7cf6 7cf6 84f6 84f6 84f5 84d5 9515 adb7 b596 b596 b596 b596 b596 b596 b5b7 b5b6 b5b6 b5b6 b5b6 b5b6 b5b6 b5b6 b5b6 adb6 adb6 b5b7 b5b6 b5b6 b5b6 b5b6 b5b6 b596 b5b6 b5b6 b5b7 adb7 ad96 adb7 adb7 
b5b6 b5b6 b5b6 b5b6 b5b6 b5b6 b5b6 b5b6 b5b6 b5b6 b5b6 b5b6 b5b6 b5b6 b5b6 b5b6 b5b6 b5b6 b5b6 b5b6 b5b6 b5b6 b5b6 b5b6 b5b6 b5b6 b5b6 b5b6 b5b6 b5b6 b5b6 b5b6 b5b6 b5b6 b5b7 ad96 adb7 a597 84f5 84f5 7cf6 7cf6 84f6 84f6 7cf6 7cf6 84f6 84f6 7cf6 7cf6 7cf6 7cf6 7cf6 7cf6 7cf6 7cf6 7cf6 7cf6 7cf6 7cf6 7cf6 7cf6 7cf6 7cf6 7cf6 7cf6 84f6 84f6 84f6 84f6 84f6 84f6 84f6 84f6 84f6 84f6 84f6 84f6 84f6 84f5 84f6 84f6 7cf6 84f6 7cf6 7cf6 84f6 7cf6 7cf6 7cf6 7cf6 7cf6 7cf6 7d16 7cf6 7d16 7cf6 7cf6 7cf6 7cf6 7cf6 7cf6 7cf6 7cf6 7cf6 84f6 84f6 84f6 7cf6 7cf6 7cf6 7cf6 7cf6 7cf6 7cf6 7cf6 7cf6 7cf6 7cf6 7cf6 7cf6 7cf6 7cf6 7cf6 7cf6 7cf6 7cf6 7cf6 7cf6 7cf6 7cf6 7cf6 7cf6 7cf6 7cf6 7cf6 7cf6 7cf6 7cf6 7cf6 7cf6 7cf6 7cf6 7cf6 7cf6 84f6 7cf6 7cf6 84f6 7cf6 7cf6 7cf6 7cf6 7cf6 7cf6 7cf6 7cf6 7cf6 7cf6 7cf6 7cf6 7cf6 7cf6 7cf6 7cf6 7cf6 7cf6 7cf6 7cf6 7cf6 7cf6 7cf6 7cf6 7cf6 7cf6 7cf6 7cf6 7cf6 7cf6 7cf6 7cf6 84f6 7cf6 7cf6 84f6 7cf6 84f5 84f6 84f6 8516 8516 7cf6 84f6 84f5 84f5 7cb4 7c93 84d3 8cf4 8cf4 8cd4 7c93 7c93 84d5 84f5 84f5 84f5 84b4 7c93 84b3 84b3 84b3 7c93 7c93 84f4 84f5 84f6 7cf6 7cf6 84f6 84f6 84d5 84f5 84f5 84f5 84f5 84f5 84f5 84f5 84f5 7cf6 84f6 7cf6 7cf6 84f6 84f6 84f6 84f6 84f6 7cf6 7cf6 7cf6 7cf6 7cf6 7cf6 7cf6 7cf6 7cf6 7cf6 7cf6 7cf6 7cf6 7cf6 7cf6 7cf6 7cf6 7cf6 7cf6 7cf6 7cf6 7cf6 7cf6 7cf6 7cf6 7cf6 7cf6 7cf6 7cf6 7cf6 7cf6 7cf6 7cf6 7cf6 7cf6 7cf6 7cf6 7cf6 7cf6 7cf6 7cf6 84f6 84f6 7cf6 7cf6 84f6 84f6 84f6 84f5 9536 a597 adb8 adb7 adb7 a576 9515 a597 b5b7 b5b6 b5b6 b5b6 b5b6 b5b6 b596 b5b6 b5b7 ad96 ad96 b5b7 b5b6 b5b6 b596 b5b6 b5b6 b5b6 adb7 adb7 9d76 8cf5 8cf5 9577 
b5b6 b5b6 b5b6 b5b6 b5b6 b5b6 b5b6 b5b6 b5b6 b5b6 b5b6 b5b6 b5b6 b5b6 b5b6 b5b6 b5b6 b5b6 b5b6 b5b6 b5b6 b5b6 b5b6 b5b6 b5b6 b5b6 b5b6 b5b6 b5b6 b5b6 b5b6 b5b6 b5b7 b5b6 b596 b596 b5b6 adb7 9536 7cf5 7cf6 7cf6 7cf6 7cf6 7cf6 7cf6 7cf6 7cf6 7cf6 7cf6 7cf6 7cf6 7cf6 7cf6 7cf6 7cf6 7cf6 7cf6 7cf6 7cf6 7cf6 7cf6 7cf6 7cf6 84f6 7cf6 7cf6 84f6 7cf6 7cf6 7cf6 7cf6 8517 7cf6 7cf6 7cf6 84f6 84f6 7cf6 7cf6 84f6 84f6 7cf6 7cf6 7cf6 8516 84f6 84f5 7d16 7d16 7cf6 7d16 7cf6 7cf6 7cf5 7cf6 84f6 84f6 84f6 84f6 7cf6 7cf6 7cf6 7cf6 7cf6 84f6 7cf6 7cf6 7cf6 7cf6 7cf6 7cf6 7cf6 7cf6 7cf6 7cf6 7cf6 7cf6 7cf6 7cf6 7cf6 7cf6 7cf6 7cf6 7cf6 7cf6 7cf6 7cf6 7cf6 7cf6 7cf6 7cf6 7cf6 7cf6 7cf6 7cf6 7cf6 7cf6 7cf6 7cf6 7cf6 7cf6 7cf6 7cf6 84f6 84f6 7cf6 7cf6 84f6 7cf6 7cf6 7cf6 7cf6 7cf6 7cf6 7cf6 7cf6 7cf6 7cf6 7cf6 7cf6 7cf6 7cf6 7cf6 7cf6 7cf6 7cf6 7cf6 7cf6 7cf6 7cf6 7cf6 7cf6 7cf6 7cf6 7cf6 84f6 84f6 84f6 84f6 7cf6 7cf6 7cf6 7cf6 8516 7d16 8516 7cf6 7cf6 7cf6 7cf6 7cf6 7d16 7cf6 7cf5 84f6 84f5 84d5 84b4 84d4 84d4 84f5 84f5 84f6 7cf6 84f6 84f6 84f6 8516 84f6 84f5 84f5 8515 7cf5 7cf5 7cf6 84f6 84f6 7cf6 7cf6 7cf6 7d16 7cf6 7cf6 7cf6 7d16 7cf6 7cf6 7cf6 7cf6 7cf6 7cf6 8516 8516 7cf6 84f6 84f6 84f6 7cf6 7cf6 7cf6 7cf6 7cf6 7cf6 7cf6 7cf6 7cf6 7cf6 7cf6 7cf6 7cf6 7cf6 7cf6 7cf6 7cf6 7cf6 7cf6 7cf6 7cf6 7cf6 7cf6 7cf6 7cf6 7cf6 7cf6 7cf6 7cf6 7cf6 7cf6 7cf6 7cf6 7cf6 84f6 84f6 84f6 84f6 7cf6 7cf6 7cf6 7cf6 7cf6 84f6 7d16 7cf6 7cf6 7cf6 7cf6 7cf6 84f6 84f6 8d16 8d36 8515 84f5 84f5 8d15 a576 b5b6 b5b7 b5b6 adb6 adb6 b5b6 adb7 ad97 9d15 94f4 ad76 b5b7 b5b6 b5b6 b5b6 b5d7 adb7 a597 9535 84f5 84f5 84f5 7cf6 
adb5 adb5 b5b6 b596 b5b6 b5b6 b5b6 b5b6 b5b6 b5b6 b5b6 b5b6 b5b6 b5b6 b5b6 b5b6 ad95 adb5 b5b5 b5b6 b5b6 b5b6 b5b6 b5b6 b596 b596 b5b6 b596 b596 b596 b596 b5b6 b596 ad95 adb5 b5b6 b5b6 b5b7 9d76 84f5 84f6 84f6 84f6 84f6 84f6 84f6 84f6 84f6 84f6 84f6 84f6 84f6 84f6 84f6 84f6 84f6 84f6 84f6 84f6 84f6 84f6 84f6 84f6 84f6 84f6 84f6 84f6 84f6 84f6 84f6 84f6 84f6 84f6 84f6 84f6 84f6 84f6 84f6 84f6 84f6 84f6 84f6 84f6 84f6 84f6 84f6 84f6 84f6 84f6 84f6 84f6 84f6 84f6 84f6 84f6 84f6 84f6 84f6 84f6 84f6 84f6 84f6 84f6 84f6 84f6 84f6 84f6 84f6 84f6 84f6 84f6 84f6 84f6 84f6 84f6 84f6 84f6 84f6 84f6 84f6 84f6 84f6 84f6 84f6 84f6 84f6 84f6 84f6 84f6 84f6 84f6 84f6 84f6 84f6 84f6 84f6 84f6 84f6 84f6 84f6 84f6 84f6 84f6 84f6 84f6 84f6 84f6 84f6 84f6 84f6 84f6 84f6 84f6 84f6 84f6 84f6 84f6 84f6 84f6 84f6 84f6 84f6 84f6 84f6 84f6 84f6 84f6 84f6 84f6 84f6 84f6 84f6 84f6 84f6 84f6 84f6 84f6 84f6 84f6 84f6 84f6 84f6 84f6 84f6 84f6 84f6 84f6 84f6 84f6 84f6 84f6 84f6 7d16 7d16 7d16 7d16 84f6 84f6 84f6 84f6 84f6 84f6 84f6 84f6 84f6 84f6 84f6 84f6 8515 8515 8515 84f6 84f6 84f6 84f6 84f6 7cf6 7cf6 84f6 84f6 84f6 84f6 84f6 84f6 7cf6 7cf6 7d16 7d16 7cf6 7cf6 84f6 84f6 7cf6 7cf6 7cf6 84f6 84f6 84f6 84f6 84f6 84f6 84f6 84f6 84f6 84f6 84f6 84f6 84f6 84f6 84f6 84f6 84f6 84f6 84f6 84f6 84f6 84f6 84f6 84f6 84f6 84f6 84f6 84f6 84f6 84f6 84f6 84f6 84f6 84f6 84f6 84f6 84f6 7d16 7d16 7d16 7d16 7d16 7d16 84f6 84f6 84f6 84f6 84f6 84f6 84f6 84f6 84f6 84f6 7d15 7d15 7d15 7d16 84f6 84f6 84f6 84f6 84d5 8d16 9d57 a577 a597 ad97 a577 9536 84f5 84f5 84f5 8515 9536 9d56 9d77 9d97 9556 8d36 8515 84f5 84f5 84f6 84f6 84f6 
b5b6 b5b6 b5b6 b5b6 b5b6 b5b6 b5b6 b5b6 b5b6 b5b6 b5b6 b5b6 b5b6 b5b6 b5b6 b5b6 b5b6 b5b6 b5b6 b5b6 b5b6 b5b6 b5b6 b5b6 b5b6 b5b6 b5b6 b5b6 b5b6 b5b6 b5b6 b5b6 b5b6 b5b6 b5b6 b5b6 b5b6 b5b7 9556 84f5 84f6 7d16 7cf6 7cf6 7cf6 7cf6 7d16 7d16 84f6 84f6 84f6 84f6 84f6 84f6 84f6 84f6 84f6 84f6 84f6 84f6 84f6 84f6 84f6 84f6 84f6 84f6 84f6 84f6 84f6 84f6 84f6 84f6 84f6 84f6 84f6 84f6 84f6 84f6 84f6 84f6 84f6 84f6 84f6 84f6 84f6 84f6 84f6 84f6 84f6 84f6 84f6 84f6 84f6 84f6 84f6 84f6 84f6 84f6 84f6 84f6 84f6 84f6 84f6 84f6 84f6 84f6 84f6 84f6 84f6 84f6 84f6 84f6 84f6 84f6 84f6 84f6 84f6 84f6 84f6 84f6 84f6 84f6 84f6 84f6 84f6 84f6 84f6 84f6 84f6 84f6 84f6 84f6 84f6 84f6 84f6 84f6 84f6 84f6 84f6 84f6 84f6 84f6 84f6 84f6 84f6 84f6 84f6 84f6 84f6 84f6 84f6 84f6 84f6 84f6 84f6 84f6 84f6 84f6 84f6 84f6 84f6 84f6 84f6 84f6 84f6 84f6 84f6 84f6 84f6 84f6 84f6 84f6 84f6 84f6 84f6 84f6 84f6 84f6 84f6 84f6 84f6 84f6 84f6 84f6 84f6 84f6 84f6 84f6 84f6 84f6 84f6 84f6 84f6 84f6 84f6 84f6 84f6 84f6 84f6 84f6 84f6 84f6 84f6 84f6 7d16 7d16 7d16 7d16 84f6 84f6 84f6 84f6 84f6 84f6 84f6 84f6 84f6 84f6 84f6 84f6 84f6 84f6 84f6 84f6 84f6 84f6 84f6 84f6 7cf6 7cf6 84f6 84f6 7cf6 7cf6 7cf6 7cf6 84f6 84f6 84f6 84f6 84f6 84f6 84f6 84f6 84f6 84f6 84f6 84f6 84f6 84f6 84f6 84f6 84f6 84f6 84f6 84f6 84f6 84f6 84f6 84f6 84f6 84f6 84f6 84f6 84f6 84f6 84f6 84f6 84f6 84f6 84f6 84f6 84f6 84f6 84f6 84f6 84f6 84f6 84f6 84f6 84f6 84f6 84f6 84f6 84f6 84f6 84f6 84f6 84f6 84f6 84f6 84f6 84f6 84f6 84f6 84f6 84f6 84f5 84f5 8cf5 8cf5 8cf5 84f5 84f5 8516 8516 8516 84f5 84f5 84f5 84f5 84f5 84f5 84f5 84f5 84f5 7d16 8516 8516 8516 
b5b6 b5b6 b5b6 b5b6 b5b6 b5b6 adb6 adb6 adb6 b5b6 b5b6 b5b6 b5b6 b5b6 b5b6 b5b6 b5b6 b596 b5b6 b5b6 b5b6 b5b6 b5b6 b5b6 b5b6 b5b6 b5b6 b5b6 b5b6 b5b6 b5b6 b5b6 b5b7 b5b7 b5b6 b5b6 b5b6 adb6 9515 84f5 8515 7d16 84f6 84f6 7d16 7d16 84f6 84f6 84f6 84f6 84f6 84f6 84f6 84f6 84f6 84f6 84f6 84f6 84f6 84f6 84f6 84f6 84f6 84f6 84f6 84f6 84f6 84f6 84f6 84f6 84f6 84f6 84f6 84f6 84f6 84f6 84f6 84f6 84f6 84f6 84f6 84f6 84f6 84f6 84f6 84f6 84f6 84f6 84f6 84f6 84f6 84f6 84f6 84f6 84f6 84f6 84f6 84f6 84f6 84f6 84f6 84f6 84f6 84f6 84f6 84f6 84f6 84f6 84f6 84f6 84f6 84f6 84f6 84f6 84f6 84f6 84f6 84f6 84f6 84f6 84f6 84f6 84f6 84f6 84f6 84f6 84f6 84f6 84f6 84f6 84f6 84f6 84f6 84f6 84f6 84f6 84f6 84f6 84f6 84f6 84f6 84f6 84f6 84f6 84f6 84f6 84f6 84f6 84f6 84f6 84f6 84f6 84f6 84f6 84f6 84f6 84f6 84f6 84f6 84f6 84f6 84f6 84f6 84f6 84f6 84f6 84f6 84f6 84f6 84f6 84f6 84f6 84f6 84f6 84f6 84f6 84f6 84f6 84f6 84f6 84f6 84f6 84f6 84f6 84f6 84f6 84f6 84f6 84f6 84f6 84f6 84f6 84f6 84f6 84f6 84f6 7d16 7d16 7d16 7d16 7d16 7d16 84f6 84f6 84f6 84f6 7d16 7d16 84f6 84f6 84f6 84f6 84f6 84f6 84f6 84f6 84f6 84f6 84f6 84f6 84f6 84f6 84f6 84f6 8516 84f6 7d16 7d16 84f6 84f6 84f6 84f6 84f6 84f6 84f6 84f6 84f6 84f6 7d16 7d16 84f6 84f6 84f6 84f6 84f6 84f6 84f6 84f6 84f6 84f6 84f6 84f6 84f6 84f6 84f6 84f6 84f6 84f6 84f6 84f6 84f6 84f6 84f6 84f6 84f6 84f6 84f6 84f6 84f6 84f6 84f6 84f6 84f6 84f6 84f6 84f6 84f6 84f6 84f6 84f6 84f6 84f6 84f6 84f6 84f6 84f6 7d16 7d16 84f6 84f6 7d16 7d16 84f6 84f6 84f6 84f6 84f6 8516 8516 84f5 84f6 84f6 8516 8516 7d16 8516 8516 8516 84f5 84f5 8516 8516 84f5 84f6 8516 84f6 7cf6 84f6 84f6 84f6 
b5b6 b5b6 b5b6 b5b6 b5b6 b5b6 b5b6 b5b6 b5b6 b5b6 b5b6 b5b6 b5b6 b5b6 b5b6 b5b6 b5b6 b5b6 b5b6 b596 b5b6 b596 b5b6 b5b6 b5b6 b5b6 b5b6 b5b6 b5b6 b5b6 b5b6 b5b6 b5b6 b5b6 b5b6 b5b7 adb7 9d76 84f5 84f5 84f5 84f6 84f6 84f6 84f5 84f5 84f5 84f5 84f6 84f6 84f6 84f6 84f6 84f6 84f6 84f6 84f6 84f6 84f6 84f6 84f6 84f6 84f6 84f6 84f6 84f6 84f6 84f6 84f6 84f6 84f6 84f6 84f6 84f6 84f6 84f6 84f6 84f6 84f6 84f6 84f6 84f6 84f6 84f6 84f6 84f6 84f6 84f6 84f6 84f6 84f6 84f6 84f6 84f6 84f6 84f6 84f6 84f6 84f6 84f6 84f6 84f6 84f6 84f6 84f6 84f6 84f6 84f6 84f6 84f6 84f6 84f6 84f6 84f6 84f6 84f6 84f6 84f6 84f6 84f6 84f6 84f6 84f6 84f6 84f6 84f6 84f6 84f6 84f6 84f6 84f6 84f6 84f6 84f6 84f6 84f6 84f6 84f6 84f6 84f6 84f6 84f6 84f6 84f6 84f6 84f6 84f6 84f6 84f6 84f6 84f6 84f6 84f6 84f6 84f6 84f6 84f6 84f6 84f6 84f6 84f6 84f6 84f6 84f6 84f6 84f6 84f6 84f6 84f6 84f6 84f6 84f6 84f6 84f6 84f6 84f6 84f6 84f6 84f6 84f6 84f6 84f6 84f6 84f6 84f6 84f6 84f6 84f6 84f6 84f6 84f6 84f6 84f6 84f6 84f6 84f6 84f6 84f6 84f6 84f6 84f6 84f6 84f6 84f6 84f6 84f6 84f6 84f6 84f6 84f6 84f6 84f6 84f6 84f6 84f6 84f6 84f6 84f6 84f6 84f6 84f6 84f6 84f6 84f6 84f6 84f6 84f6 84f6 84f6 8516 8516 84f6 84f6 84f6 84f6 84f6 84f6 84f6 8516 8516 84f6 84f6 84f6 84f6 84f6 84f6 84f6 84f6 84f6 84f6 84f6 84f6 84f6 84f6 84f6 84f6 84f6 84f6 84f6 84f6 84f6 84f6 84f6 84f6 84f6 84f6 84f6 84f6 84f6 84f6 84f6 84f6 84f6 84f6 84f6 84f6 84f6 84f6 84f6 84f6 84f6 84f6 84f6 84f6 84f6 84f6 84f6 84f6 84f6 84f6 84f6 84f6 84f6 84f6 84f6 84f6 84f6 8516 84f6 8516 8516 84f6 7cf6 7cf6 7cf6 84f6 84f6 84f6 84f6 84f6 84f6 84f6 84f6 84f6 84f6 8516 8516 84f6 84f6 84f6 
adb6 ad96 b5b7 b5b7 b5b6 b5b6 b5b6 b5b6 b5b6 b596 b5b6 b5b6 b5b6 b5b6 b5b6 b5b6 b5b6 b5b6 b5b6 b5b6 b5b6 b5b6 b5b6 adb6 a576 a596 adb7 adb7 b5b6 b5b6 b5b5 b5b6 b595 b5b6 b5b6 ad97 9d76 84f5 84f6 84f6 8516 8516 84f6 84f6 8516 8516 8516 8516 8516 8516 8516 8516 8516 8516 8516 8516 8516 8516 8516 8516 8516 8516 8516 8516 8516 8516 8516 8516 8516 8516 8516 8516 8516 8516 8516 8516 8516 8516 8516 8516 8516 8516 8516 8516 8516 8516 8516 8516 8516 8516 8516 8516 8516 8516 8516 8516 8516 8516 8516 8516 8516 8516 8516 8516 8516 8516 8516 8516 8516 8516 8516 8516 8516 8516 8516 8516 8516 8516 8516 8516 8516 8516 8516 8516 8516 8516 8516 8516 8516 8516 8516 8516 8516 8516 8516 8516 8516 8516 8516 8516 8516 8516 8516 8516 8516 8516 8516 8516 8516 8516 8516 8516 8516 8516 8516 8516 8516 8516 8516 8516 8516 8516 8516 8516 8516 8516 8516 8516 8516 8516 8516 8516 8516 8516 8516 8516 8516 8516 8516 8516 8516 8516 8516 8516 8516 8516 8516 8516 8516 8516 8516 8516 8516 8516 8516 8516 8516 8516 8516 8516 8516 8516 8516 8516 8516 8516 8516 8516 8516 8516 8516 8516 8516 8516 8516 8516 8516 8516 8516 8516 8516 8516 8516 8516 8516 8516 8516 8516 8516 84f6 84f6 8516 8516 8516 8516 8516 8516 8516 84f6 84f6 8516 8516 8516 8516 8516 8516 8516 8516 8516 8516 8516 8516 8516 8516 8516 8516 8516 8516 8516 8516 8516 8516 8516 8516 8516 8516 8516 8516 8516 8516 8516 8516 8516 8516 8516 8516 8516 8516 8516 8516 8516 8516 8516 8516 8516 8516 8516 8516 8516 8516 8516 8516 8516 8516 8516 8516 84f6 84f6 84f5 84f5 84f6 84f6 84f6 84f6 84f6 84f6 84f6 84f6 84f6 84f6 84f6 84f6 8516 8516 8516 8516 8516 8516 84f5 84f5 
9d56 94f5 a576 adb7 b5b7 b596 b5b6 b5b6 b5b6 b5b6 adb6 adb7 ad96 ad96 b5b7 b597 b5b6 b5b7 b596 b5b6 b5b6 b5b7 adb7 9d56 8cd4 8d15 9556 a597 adb6 adb7 b5b6 b5b6 adb6 adb7 a596 9535 84f5 84f6 8516 8516 8516 8516 8516 8516 8516 8516 8516 8516 8516 8516 8516 8516 8516 8516 8516 8516 8516 8516 8516 8516 8516 8516 8516 8516 8516 8516 8516 8516 8516 8516 8516 8516 8516 8516 8516 8516 8516 8516 8516 8516 8516 8516 8516 8516 8516 8516 8516 8516 8516 8516 8516 8516 8516 8516 8516 8516 8516 8516 8516 8516 8516 8516 8516 8516 8516 8516 8516 8516 8516 8516 8516 8516 8516 8516 8516 8516 8516 8516 8516 8516 8516 8516 8516 8516 8516 8516 8516 8516 8516 8516 8516 8516 8516 8516 8516 8516 8516 8516 8516 8516 8516 8516 8516 8516 8516 8516 8516 8516 8516 8516 8516 8516 8516 8516 8516 8516 8516 8516 8516 8516 8516 8516 8516 8516 8516 8516 8516 8516 8516 8516 8516 8516 8516 8516 8516 8516 8516 8516 8516 8516 8516 8516 8516 8516 8516 8516 8516 8516 8516 8516 8516 8516 8516 8516 8516 8516 84f6 84f6 84f6 84f6 84f6 84f6 8516 8516 8516 8516 84f6 84f6 8516 8516 8516 8516 8516 8516 8516 8516 8516 8516 8516 8516 8516 8516 8516 8516 84f6 8516 84f6 84f6 8516 8516 8516 8516 8516 8516 8516 8516 8516 8516 84f6 84f6 8516 8516 8516 8516 8516 8516 8516 8516 8516 8516 8516 8516 8516 8516 8516 8516 8516 8516 8516 8516 8516 8516 8516 8516 8516 8516 8516 8516 8516 8516 8516 8516 8516 8516 8516 8516 8516 8516 8516 8516 8516 8516 8516 8516 8516 8516 84f6 84f6 8516 8516 84f6 84f6 8516 8516 8516 8516 84f5 84f5 8516 8516 8516 8516 8516 84f6 84f6 84f6 84f6 84f6 84f6 84f6 8516 8516 8516 8516 8516 8516 8516 8516 8516 8516 
84f5 8cf5 8d15 9d56 a5b7 adb7 b5d7 b5b6 adb7 add7 adb7 a576 9515 9515 a577 adb7 adb7 adb7 b5b7 adb7 adb7 a576 9536 8cf5 84f5 84f5 84f5 8d15 8d36 9536 9556 9556 9556 9536 8cf5 8515 8516 8516 8516 8516 8516 8516 84f6 84f6 8516 8516 8516 8516 8516 8516 8516 8516 8516 8516 8516 8516 8516 8516 8516 8516 8516 8516 8516 8516 8516 8516 8516 8516 8516 8516 8516 8516 8516 8516 8516 8516 8516 8516 8516 8516 8516 8516 8516 8516 8516 8516 8516 8516 8516 8516 8516 8516 8516 8516 8516 8516 8516 8516 8516 8516 8516 8516 8516 8516 8516 8516 8516 8516 8516 8516 8516 8516 8516 8516 8516 8516 8516 8516 8516 8516 8516 8516 8516 8516 8516 8516 8516 8516 8516 8516 8516 8516 8516 8516 8516 8516 8516 8516 8516 8516 8516 8516 8516 8516 8516 8516 8516 8516 8516 8516 8516 8516 8516 8516 8516 8516 8516 8516 8516 8516 8516 8516 8516 8516 8516 8516 8516 8516 8516 8516 8516 8516 8516 8516 8516 8516 8516 8516 8516 8516 8516 8516 8516 8516 8516 8516 8516 8516 8516 8516 8516 8516 8516 8516 8516 8516 8516 8516 8516 8516 8516 8516 8516 8516 84f6 84f6 84f6 84f6 8516 8516 8516 8516 8516 8516 8516 8516 84f6 84f6 84f6 84f6 8516 8516 84f6 84f6 8516 8516 8516 8516 8516 8516 8516 8516 84f6 84f6 84f6 84f6 8516 8516 8516 8516 8516 8516 8516 8516 8516 8516 8516 8516 8516 8516 8516 8516 8516 8516 8516 8516 8516 8516 8516 8516 8516 8516 8516 8516 8516 8516 8516 8516 8516 8516 8516 8516 8516 8516 8516 8516 8516 8516 8516 8516 8516 8516 8516 8516 8516 8516 8516 8516 8516 8516 8516 8516 8516 8516 8516 8516 8516 8516 8516 8516 8516 84f6 84f6 84f5 84f6 84f6 84f6 84f6 8516 8516 8516 84f6 8516 8516 8516 84f6 84f6 8516 8516 84f6 
84f7 8cf7 84f6 8cf6 9515 9d36 9d76 a576 a576 9d56 9515 8cf5 84f5 8cf5 8cf5 9516 9d36 a557 9d36 9d36 8d15 84f5 8516 8516 8536 8516 8516 8516 8515 8516 8516 84f6 84f6 84f6 84f6 84f6 8516 84f6 84f5 84f5 8516 8516 8516 84f6 84f6 84f6 84f6 84f6 84f6 84f6 84f6 84f6 84f6 84f6 84f6 84f6 84f6 84f6 84f6 84f6 84f6 84f6 84f6 84f6 84f6 84f6 84f6 84f6 84f6 84f6 84f6 84f6 84f6 84f6 84f6 84f6 84f6 84f6 84f6 84f6 84f6 84f6 84f6 84f6 84f6 84f6 84f6 84f6 84f6 84f6 84f6 84f6 84f6 84f6 84f6 84f6 84f6 84f6 84f6 84f6 84f6 84f6 84f6 84f6 84f6 84f6 84f6 84f6 84f6 84f6 84f6 84f6 84f6 84f6 84f6 84f6 84f6 84f6 84f6 84f6 84f6 84f6 84f6 84f6 84f6 84f6 84f6 84f6 84f6 84f6 84f6 84f6 84f6 84f6 84f6 84f6 84f6 84f6 84f6 84f6 84f6 84f6 84f6 84f6 84f6 84f6 84f6 84f6 84f6 84f6 84f6 84f6 84f6 84f6 84f6 84f6 84f6 84f6 84f6 84f6 84f6 84f6 84f6 84f6 84f6 84f6 84f6 84f6 84f6 84f6 84f6 84f6 84f6 84f6 84f6 84f6 84f6 84f6 84f6 84f6 84f6 84f6 84f6 84f6 84f6 84f6 84f6 84f6 84f6 84f6 84f6 84f6 84f6 84f6 84f6 84f6 84f6 84f6 84f6 84f6 84f6 84f6 84f6 84f6 84f6 84f6 8516 8516 84f6 84f6 84f6 84f6 84f6 84f6 84f6 84f6 8516 8516 84f6 84f6 84f6 84f6 84f6 84f6 8516 8cf6 84f6 84f6 8516 8516 84f6 84f6 8516 84f6 8516 84f6 8516 8516 84f6 84f6 8516 84f6 84f6 84f6 84f6 84f6 84f6 84f6 84f6 84f6 84f6 84f6 84f6 84f6 84f6 84f6 84f6 84f6 84f6 84f6 84f6 84f6 84f6 84f6 84f6 84f6 84f6 84f6 84f6 84f6 84f6 84f6 84f6 84f6 84f6 84f6 84f6 84f6 84f6 84f6 84f6 84f6 8516 8516 8516 8516 8516 84f6 84f6 84f6 84f6 84f6 84f6 84f6 8516 8516 8516 8516 8516 8516 8516 8516 84f5 84f6 8516 84f6 84f6 84f6 8516 8516 8516 8516 8516 8516 84f6 84f6 8516 8516 84f6 84f6 
7cf6 7d16 84f6 8516 84f6 84f6 8cf6 8cf6 84f6 84f6 84f6 84f6 84f6 84f6 84f6 84f6 84f6 84f6 84f6 84f6 84f6 84f6 84f6 84f6 84f6 84f6 84f6 84f6 84f6 84f6 84f6 84f6 84f6 84f6 84f6 84f6 84f6 84f6 84f6 84f6 84f6 84f6 84f6 84f6 84f6 84f6 84f6 84f6 84f6 84f6 84f6 84f6 84f6 84f6 84f6 84f6 84f6 84f6 84f6 84f6 84f6 84f6 84f6 84f6 84f6 84f6 84f6 84f6 84f6 84f6 84f6 84f6 84f6 84f6 84f6 84f6 84f6 84f6 84f6 84f6 84f6 84f6 84f6 84f6 84f6 84f6 84f6 84f6 84f6 84f6 84f6 84f6 84f6 84f6 84f6 84f6 84f6 84f6 84f6 84f6 84f6 84f6 84f6 84f6 84f6 84f6 84f6 84f6 84f6 84f6 84f6 84f6 84f5 84f5 84f6 84f6 84f6 84f6 8516 8516 84f6 84f6 84f6 84f6 84f6 84f6 84f6 84f6 84f6 84f6 84f6 84f6 84f6 84f6 84f6 84f6 84f6 84f6 84f6 84f6 84f6 84f6 84f6 84f6 84f6 84f6 84f6 84f6 84f6 84f6 84f6 84f6 84f6 84f6 84f6 84f6 84f6 84f6 84f6 84f6 84f6 84f6 84f6 84f6 84f6 84f6 84f6 84f6 84f6 84f6 84f6 84f6 84f6 84f6 84f6 84f6 84f6 84f6 84f6 84f6 84f6 84f6 84f6 84f6 84f6 84f6 84f6 84f6 84f6 84f6 84f6 84f6 84f6 84f6 84f6 84f6 84f6 84f6 84f6 84f6 84f6 84f6 84f6 84f6 84f6 84f6 84f6 84f6 84f6 84f6 84f6 84f6 84f6 84f6 84f6 84f6 84f6 84f6 84f6 84f6 84f6 84f6 84f6 84f6 8515 8515 84f6 84f6 84f6 84f6 84f6 84f6 84f6 84f6 84f6 84f6 84f6 84f6 84f6 84f6 8516 8516 8516 8516 8516 8516 8516 8516 84f6 84f6 84f6 84f6 84f6 84f6 84f6 84f6 84f6 84f6 84f6 84f6 84f6 84f6 84f6 84f6 84f6 84f6 84f6 84f6 84f6 84f6 84f6 84f6 84f6 84f6 84f6 84f6 84f6 84f6 84f6 84f6 84f6 84f6 84f6 84f6 84f6 84f6 84f6 84f6 8516 8516 8516 8516 8516 84f6 84f6 84f6 84f6 84f6 84f6 84f6 84f6 84f6 84f6 8516 8516 8516 8516 8516 8516 8516 8516 8516 84f6 84f6 84f6 84f6 84f6 84f6 84f6 84f6 
8516 8516 8516 8516 84f6 84f6 84f6 84f6 8516 8516 8516 8516 8516 8516 8516 8516 8516 8516 8516 8516 8516 8516 8516 8516 8516 8516 8516 8516 8516 8516 8516 8516 8516 8516 8516 8516 8516 8516 8516 8516 8516 8516 8516 8516 8516 8516 8516 8516 8516 8516 8516 8516 8516 8516 8516 8516 8516 8516 8516 8516 8516 8516 8516 8516 8516 8516 8516 8516 8516 8516 8516 8516 8516 8516 8516 8516 8516 8516 8516 8516 8516 8516 8516 8516 8516 8516 8516 8516 8516 8516 8516 8516 8516 8516 8516 8516 8516 8516 8516 8516 8516 8516 8516 8516 8516 8516 8516 8516 8516 8516 8516 8516 8516 8516 8516 8516 84f6 84f6 8516 8516 8516 8516 8516 8516 8516 8516 8516 8516 8516 8516 8516 8516 8516 8516 8516 8516 8516 8516 8516 8516 8516 8516 8516 8516 8516 8516 8516 8516 8516 8516 8516 8516 8516 8516 8516 8516 8516 8516 8516 8516 8516 8516 8516 8516 8516 8516 8516 8516 8516 8516 8516 8516 8516 8516 8516 8516 8516 8516 8516 8516 8516 8516 8516 8516 8516 8516 8516 8516 8516 8516 8516 8516 8516 8516 8516 8516 8516 8516 8516 8516 8516 8516 8516 8516 8516 8516 8516 8516 8516 8516 8516 8516 8516 8516 8516 8516 8516 8516 8516 8516 8516 8516 8516 8516 8516 8516 8516 8516 8516 8516 8516 8516 8516 8516 8516 8516 8516 8516 8516 8516 8516 8516 8516 8516 8516 8516 8516 8516 8516 8516 8516 8516 8516 8516 8516 8516 8516 8516 8516 8516 8516 8516 8516 8516 8516 8516 8516 8516 8516 8516 8516 8516 8516 8516 8516 8516 8516 8516 8516 8516 8516 8516 8516 8516 8516 8516 8516 8516 8516 8516 8516 8516 8516 8516 8516 8516 8516 8516 8516 8516 8516 8516 8516 8516 8516 8516 8516 8516 8516 8516 8516 8516 8516 8516 8516 8516 8516 8516 8516 8516 
84f6 84f6 8516 8516 8516 8516 8516 8516 8516 8516 8516 8516 8516 8516 8516 8516 8516 8516 8516 8516 8516 8516 8516 8516 8516 8516 8516 8516 8516 8516 8516 8516 8516 8516 8516 8516 8516 8516 8516 8516 8516 8516 8516 8516 8516 8516 8516 8516 8516 8516 8516 8516 8516 8516 8516 8516 8516 8516 8516 8516 8516 8516 8516 8516 8516 8516 8516 8516 8516 8516 8516 8516 8516 8516 8516 8516 8516 8516 8516 8516 8516 8516 8516 8516 8516 8516 8516 8516 8516 8516 8516 8516 8516 8516 8516 8516 8516 8516 8516 8516 8516 8516 8516 8516 8516 8516 8516 8516 8516 8516 8516 8516 8516 8516 8516 8516 8516 8516 8516 8516 8516 8516 8516 8516 8516 8516 8516 8516 8516 8516 8516 8516 8516 8516 8516 8516 8516 8516 8516 8516 8516 8516 8516 8516 8516 8516 8516 8516 8516 8516 8516 8516 8516 8516 8516 8516 8516 8516 8516 8516 8516 8516 8516 8516 8516 8516 8516 8516 8516 8516 8516 8516 8516 8516 8516 8516 8516 8516 8516 8516 8516 8516 8516 8516 8516 8516 8516 8516 8516 8516 8516 8516 8516 8516 8516 8516 8516 8516 8516 8516 8516 8516 8516 8516 8516 8516 8516 8516 8516 8516 8516 8516 8516 8516 8516 8516 8516 8516 8516 8516 8516 8516 8516 8516 8516 8516 8516 8516 8516 8516 8516 8516 8516 8516 8516 8516 8516 8516 8516 8516 8516 8516 8516 8516 8516 8516 8516 8516 8516 8516 8516 8516 8516 8516 8516 8516 8516 8516 8516 8516 8516 8516 8516 8516 8516 8516 8516 8516 8516 8516 8516 8516 8516 8516 8516 8516 8516 8516 8516 8516 8516 8516 8516 8516 8516 8516 8516 8516 8516 8516 8516 8516 8516 8516 8516 8516 8516 8516 8516 8516 8516 8516 8516 8516 8516 8516 8516 8516 8516 8516 8516 8516 8516 8516 8516 8516 8516 8516 8516 8516 
8d16 8d16 8516 8516 8516 8516 8516 8516 8516 8516 8516 8516 8516 8516 8516 8516 8516 8516 8516 8516 8516 8516 8516 8516 8516 8516 8516 8516 8516 8516 8516 8516 8516 8516 8516 8516 8516 8516 8516 8516 8516 8516 8516 8516 8516 8516 8516 8516 8516 8516 8516 8516 8516 8516 8516 8516 8516 8516 8516 8516 8516 8516 8516 8516 8516 8516 8516 8516 8516 8516 8516 8516 8516 8516 8516 8516 8516 8516 8516 8516 8516 8516 8516 8516 8516 8516 8516 8516 8516 8516 8516 8516 8516 8516 8516 8516 8516 8516 8516 8516 8516 8516 8516 8516 8516 8516 8516 8516 8516 8516 8516 8516 8516 8516 8516 8516 8516 8516 8516 8516 8516 8516 8516 8516 8516 8516 8516 8516 8516 8516 8516 8516 8516 8516 8516 8516 8516 8516 8516 8516 8516 8516 8516 8516 8516 8516 8516 8516 8516 8516 8516 8516 8516 8516 8516 8516 8516 8516 8516 8516 8516 8516 8516 8516 8516 8516 8516 8516 8516 8516 8516 8516 8516 8516 8516 8516 8516 8516 8516 8516 8516 8516 8516 8516 8516 8516 8516 8516 8516 8516 8516 8516 8516 8516 8516 8516 8516 8516 8516 8516 8516 8516 8516 8516 8516 8516 8516 8516 8516 8516 8516 8516 8516 8516 8516 8516 8516 8516 8516 8516 8516 8516 8516 8516 8516 8516 8516 8516 8516 8516 8516 8516 8516 8516 8516 8516 8516 8516 8516 8516 8516 8516 8516 8516 8516 8516 8516 8516 8516 8516 8516 8516 8516 8516 8516 8516 8516 8516 8516 8516 8516 8516 8516 8516 8516 8516 8516 8516 8516 8516 8516 8516 8516 8516 8516 8516 8516 8516 8516 8516 8516 8516 8516 8516 8516 8516 8516 8516 8516 8516 8516 8516 8516 8516 8516 8516 8516 8516 8516 8516 8516 8516 8516 8516 8516 8516 8516 8516 8516 8516 8516 8516 8516 8516 8516 8516 8516 8516 8516 8516 
8516 8516 8516 8516 8516 8516 8516 8516 8516 8516 8516 8516 8516 8516 8516 8516 8516 8516 8516 8516 8516 8516 8516 8516 8516 8516 8516 8516 8516 8516 8516 8516 8516 8516 8516 8516 8516 8516 8516 8516 8516 8516 8516 8516 8516 8516 8516 8516 8516 8516 8516 8516 8516 8516 8516 8516 8516 8516 8516 8516 8516 8516 8516 8516 8516 8516 8516 8516 8516 8516 8516 8516 8516 8516 8516 8516 8516 8516 8516 8516 8516 8516 8516 8516 8516 8516 8516 8516 8516 8516 8516 8516 8516 8516 8516 8516 8516 8516 8516 8516 8516 8516 8516 8516 8516 8516 8516 8516 8516 8516 8516 8516 8516 8516 8516 8516 8516 8516 8516 8516 8516 8516 8516 8516 8516 8516 8516 8516 8516 8516 8516 8516 8516 8516 8516 8516 8516 8516 8516 8516 8516 8516 8516 8516 8516 8516 8516 8516 8516 8516 8516 8516 8516 8516 8516 8516 8516 8516 8516 8516 8516 8516 8516 8516 8516 8516 8516 8516 8516 8516 8516 8516 8516 8516 8516 8516 8516 8516 8516 8516 8516 8516 8516 8516 8516 8516 8516 8516 8516 8516 8516 8516 8516 8516 8516 8516 8516 8516 8516 8516 8516 8516 8516 8516 8516 8516 8516 8516 8516 8516 8516 8516 8516 8516 8516 8516 8516 8516 8516 8516 8516 8516 8516 8516 8516 8516 8516 8516 8516 8516 8516 8516 8516 8516 8516 8516 8516 8516 8516 8516 8516 8516 8516 8516 8516 8516 8516 8516 8516 8516 8516 8516 8516 8516 8516 8516 8516 8516 8516 8516 8516 8516 8516 8516 8516 8516 8516 8516 8516 8516 8516 8516 8516 8516 8516 8516 8516 8516 8516 8516 8516 8516 8516 8516 8516 8516 8516 8516 8516 8516 8516 8516 8516 8516 8516 8516 8516 8516 8516 8516 8516 8516 8516 8516 8516 8516 8516 8516 8516 8516 8516 8516 8516 8516 8516 8516 8516 8516 8516 8516 
8516 8516 8516 8516 8516 8516 8516 8516 8516 8516 8516 8516 8516 8516 8516 8516 8516 8516 8516 8516 8516 8516 8516 8516 8516 8516 8516 8516 8516 8516 8516 8516 8516 8516 8516 8516 8516 8516 8516 8516 8516 8516 8516 8516 8516 8516 8516 8516 8516 8516 8516 8516 8516 8516 8516 8516 8516 8516 8516 8516 8516 8516 8516 8516 8516 8516 8516 8516 8516 8516 8516 8516 8516 8516 8516 8516 8516 8516 8516 8516 8516 8516 8516 8516 8516 8516 8516 8516 8516 8516 8516 8516 8516 8516 8516 8516 8516 8516 8516 8516 8516 8516 8516 8516 8516 8516 8516 8516 8516 8516 8516 8516 8516 8516 8516 8516 8516 8516 8516 8516 8516 8516 8516 8516 8516 8516 8516 8516 8516 8516 8516 8516 8516 8516 8516 8516 8516 8516 8516 8516 8516 8516 8516 8516 8516 8516 8516 8516 8516 8516 8516 8516 8516 8516 8516 8516 8516 8516 8516 8516 8516 8516 8516 8516 8516 8516 8516 8516 8516 8516 8516 8516 8516 8516 8516 8516 8516 8516 8516 8516 8516 8516 8516 8516 8516 8516 8516 8516 8516 8516 8516 8516 8516 8516 8516 8516 8516 8516 8516 8516 8516 8516 8516 8516 8516 8516 8516 8516 8516 8516 8516 8516 8516 8516 8516 8516 8516 8516 8516 8516 8516 8516 8516 8516 8516 8516 8516 8516 8516 8516 8516 8516 8516 8516 8516 8516 8516 8516 8516 8516 8516 8516 8516 8516 8516 8516 8516 8516 8516 8516 8516 8516 8516 8516 8516 8516 8516 8516 8516 8516 8516 8516 8516 8516 8516 8516 8516 8516 8516 8516 8516 8516 8516 8516 8516 8516 8516 8516 8516 8516 8516 8516 8516 8516 8516 8516 8516 8516 8516 8516 8516 8516 8516 8516 8516 8516 8516 8516 8516 8516 8516 8516 8516 8516 8516 8516 8516 8516 8516 8516 8516 8516 8516 8516 8516 8516 8516 8516 8516 8516 
8516 8516 8516 8516 8516 8516 8516 8516 8516 8516 8516 8516 8516 8516 8516 8516 8516 8516 8516 8516 8516 8516 8516 8516 8516 8516 8516 8516 8516 8516 8516 8516 8516 8516 8516 8516 8516 8516 8516 8516 8516 8516 8516 8516 8516 8516 8516 8516 8516 8516 8516 8516 8516 8516 8516 8516 8516 8516 8516 8516 8516 8516 8516 8516 8516 8516 8516 8516 8516 8516 8516 8516 8516 8516 8516 8516 8516 8516 8516 8516 8516 8516 8516 8516 8516 8516 8516 8516 8516 8516 8516 8516 8516 8516 8516 8516 8516 8516 8516 8516 8516 8516 8516 8516 8516 8516 8516 8516 8516 8516 8516 8516 8516 8516 8516 8516 8516 8516 8516 8516 8516 8516 8516 8516 8516 8516 8516 8516 8516 8516 8516 8516 8516 8516 8516 8516 8516 8516 8516 8516 8516 8516 8516 8516 8516 8516 8516 8516 8516 8516 8516 8516 8516 8516 8516 8516 8516 8516 8516 8516 8516 8516 8516 8516 8516 8516 8516 8516 8516 8516 8516 8516 8516 8516 8516 8516 8516 8516 8516 8516 8516 8516 8516 8516 8516 8516 8516 8516 8516 8516 8516 8516 8516 8516 8516 8516 8516 8516 8516 8516 8516 8516 8516 8516 8516 8516 8516 8516 8516 8516 8516 8516 8516 8516 8516 8516 8516 8516 8516 8516 8516 8516 8516 8516 8516 8516 8516 8516 8516 8516 8516 8516 8516 8516 8516 8516 8516 8516 8516 8516 8516 8516 8516 8516 8516 8516 8516 8516 8516 8516 8516 8516 8516 8516 8516 8516 8516 8516 8516 8516 8516 8516 8516 8516 8516 8516 8516 8516 8516 8516 8516 8516 8516 8516 8516 8516 8516 8516 8516 8516 8516 8516 8516 8516 8516 8516 8516 8516 8516 8516 8516 8516 8516 8516 8516 8516 8516 8516 8516 8516 8516 8516 8516 8516 8516 8516 8516 8516 8516 8516 8516 8516 8516 8516 8516 8516 8516 8516 8516 8516 
8d16 8d16 8516 8516 8516 8516 8516 8516 8516 8516 8516 8516 8516 8516 8516 8516 8516 8516 8516 8516 8516 8516 8516 8516 8516 8516 8516 8516 8516 8516 8516 8516 8516 8516 8516 8516 8516 8516 8516 8516 8516 8516 8516 8516 8516 8516 8516 8516 8516 8516 8516 8516 8516 8516 8516 8516 8516 8516 8516 8516 8516 8516 8516 8516 8516 8516 8516 8516 8516 8516 8516 8516 8516 8516 8516 8516 8516 8516 8516 8516 8516 8516 8516 8516 8516 8516 8516 8516 8516 8516 8516 8516 8516 8516 8516 8516 8516 8516 8516 8516 8516 8516 8516 8516 8516 8516 8516 8516 8516 8516 8516 8516 8d16 8d17 8516 8516 8516 8516 8515 8516 8516 8516 8516 8516 8516 8516 8515 8516 8516 8516 8516 8516 8516 8516 8516 8516 8516 8516 8516 8516 8516 8516 8516 8516 8516 8516 8516 8516 8516 8516 8516 8516 8516 8516 8516 8516 8516 8516 8516 8516 8516 8516 8516 8516 8516 8516 8516 8516 8516 8516 8516 8516 8516 8516 8516 8516 8516 8516 8516 8516 8516 8516 8516 8516 8516 8516 8516 8516 8516 8516 8516 8516 8516 8516 8516 8516 8516 8516 8516 8516 8516 8516 8516 8516 8516 8516 8516 8516 8516 8516 8516 8516 8516 8516 8516 8516 8516 8516 8516 8516 8516 8516 8516 8516 8516 8516 8516 8516 8516 8516 8516 8516 8516 8516 8516 8516 8516 8516 8515 8516 8d16 8d16 8d16 8d16 8d16 8d16 8d16 8d16 8516 8516 8516 8516 8516 8516 8516 8516 8516 8516 8516 8516 8516 8516 8516 8516 8516 8516 8516 8516 8516 8516 8516 8516 8516 8516 8516 8516 8516 8516 8516 8516 8516 8516 8516 8516 8516 8516 8516 8516 8516 8cf6 8cf6 8cf6 8516 8516 8516 8516 8d16 8d16 8d16 8516 8516 8515 8515 8515 8516 8d16 8516 8516 8516 8516 8516 8516 8516 8516 8516 8516 8516 8516 8516 8516 
8d36 8d36 8d36 8d36 8d36 8d36 8d36 8d36 8d36 8d36 8d36 8d36 8d36 8d36 8d36 8d36 8d36 8d36 8d36 8d36 8d36 8d36 8d36 8d36 8d36 8d36 8d36 8d36 8d36 8d36 8d36 8d36 8d35 8d35 8d35 8d35 8d36 8d36 8d36 8d36 8d36 8d36 8d36 8d36 8d36 8d36 8d36 8d36 8d35 8d35 8d36 8d36 8d36 8d36 8d36 8d36 8d36 8d36 8d36 8d36 8d16 8d16 8d16 8d16 8d36 8d36 8d36 8d36 8d36 8d36 8d36 8d36 8d36 8d36 8d36 8d36 8d36 8d36 8d36 8d36 8535 8535 8535 8535 8d36 8d36 8d36 8d36 8d15 8d15 8d16 8d16 8d16 8d16 8d16 8d36 8535 8535 8535 8535 8d36 8d36 8d36 8d16 8515 8d15 8d36 8d16 8d16 8d16 8d36 8d36 8535 8515 8d35 8d35 8515 8d15 8d36 8d16 8516 8516 8d16 8d16 8d16 8d16 8d16 8d36 8d36 8d36 8d36 8d36 8d36 8d36 8d36 8d36 8d36 8d36 8d36 8d36 8d36 8d36 8d36 8d36 8515 8515 8d36 8d36 8d36 8d36 8d36 8d36 8d36 8d36 8d36 8d36 8d36 8d36 8d36 8d36 8d36 8d36 8d36 8d36 8d36 8d36 8d36 8d36 8d36 8d36 8d36 8d36 8d36 8d36 8d36 8d36 8d36 8d36 8d36 8d36 8d36 8d36 8d36 8d36 8d36 8d36 8d36 8d36 8d36 8d36 8d36 8d36 8d35 8d35 8d36 8d36 8d36 8d36 8d36 8d36 8d36 8d36 8d36 8d36 8d16 8d16 8d16 8d16 8d36 8d36 8d36 8d36 8d36 8d36 8d36 8d36 8d36 8d36 8d36 8d36 8d36 8d36 8d36 8d36 8535 8535 8535 8d36 8d36 8d36 8d36 8d36 84f5 8516 8d16 8d36 8d16 8d16 8d36 8d36 8515 8515 8535 8d36 8d16 8d16 8d36 8d36 8d35 8d36 8d36 8d36 8d16 8d16 8d16 8d16 8d36 8d36 8d36 8d36 8d36 8d36 8d36 8d36 8d36 8d36 8d36 8d36 8d36 8d36 8d36 8d36 8d36 8d36 8d36 8d36 8d36 8d36 8d36 8d36 8d36 8d36 8d36 8d36 8d36 8d36 8d36 8d36 8d36 8d36 8d36 8d36 8d36 8d36 8d36 8d36 8d36 8d36 8d36 8d36 8d36 8d36 8d36 8d36 8d36 8d36 8d36 8d36 8d36 8d36 8d36 8d36 8d36 8d36 8d36 8d36 8d36 8d36 8d36 8d36 
8536 8536 8536 8536 8536 8536 8536 8536 8536 8536 8536 8536 8536 8536 8536 8536 8536 8536 8536 8536 8536 8536 8536 8536 8536 8536 8536 8536 8536 8536 8536 8536 8536 8536 8536 8536 8536 8536 8536 8536 8536 8536 8535 8535 8535 8535 8535 8535 8536 8536 8536 8536 8536 8536 8536 8536 8536 8536 8536 8536 8536 8536 8536 8536 8536 8536 8536 8536 8536 8536 8536 8536 8536 8536 8536 8536 8536 8536 8536 8536 8d36 8d36 8d36 8d36 8d36 8d36 8536 8536 8536 8536 8536 8536 8536 8536 8535 8535 8536 8536 8d36 8d36 8d36 8d36 8536 8536 8516 8516 8516 8537 8d36 8516 8d36 8516 8536 8d36 8d16 8d36 8536 8516 8536 8d37 8d36 8d16 8d35 8d36 8d16 8d16 8d16 8515 8536 8536 8536 8536 8536 8536 8536 8536 8536 8536 8536 8536 8536 8536 8536 8536 8d36 8d36 8d36 8d36 8536 8536 8536 8536 8536 8536 8536 8536 8536 8536 8536 8536 8536 8536 8536 8536 8536 8536 8536 8536 8536 8536 8536 8536 8536 8536 8536 8536 8536 8536 8536 8536 8536 8536 8536 8536 8536 8536 8536 8536 8536 8536 8536 8536 8536 8536 8536 8536 8536 8536 8536 8536 8536 8536 8536 8536 8536 8536 8536 8536 8536 8536 8536 8536 8536 8536 8536 8536 8536 8536 8536 8536 8536 8536 8536 8536 8d36 8d36 8d36 8535 8536 8536 8536 8536 8536 8536 8536 8516 8536 8536 8536 8536 8d36 8516 8536 8536 8536 8d37 8516 8516 8536 8536 8536 8536 8535 8535 8536 8536 8536 8536 8536 8536 8536 8536 8536 8536 8536 8536 8536 8536 8536 8536 8536 8536 8536 8536 8536 8536 8536 8536 8536 8536 8536 8536 8536 8536 8536 8536 8536 8536 8536 8536 8536 8536 8536 8536 8536 8536 8536 8536 8536 8536 8536 8536 8536 8536 8536 8536 8536 8536 8536 8536 8536 8536 8536 8536 8536 8536 8536 8536 8536 8536 
8d16 8d16 8d16 8d16 8d16 8d16 8d16 8d16 8d16 8d16 8d16 8d16 8d16 8d16 8d16 8d16 8d16 8d16 8d16 8d16 8d16 8d16 8d16 8d16 8d16 8d16 8d16 8d16 8d16 8d16 8d16 8d16 8d16 8d16 8d16 8d16 8d16 8d16 8d16 8d16 8d16 8d16 8d16 8d16 8d16 8d16 8d16 8d16 8d16 8d16 8d16 8d16 8d16 8d16 8d16 8d16 8d16 8d16 8d16 8d16 8d16 8d16 8d16 8d16 8d16 8d16 8d16 8d16 8d16 8d16 8d16 8d16 8d16 8d16 8d16 8d16 8d16 8d16 8d16 8d16 8d16 8d16 8d16 8d16 8d16 8d16 8536 8536 8d36 8536 8536 8536 8536 8536 8536 8516 8d16 8d16 8d16 8d16 8d16 8d16 8d16 8d16 8d16 8516 8536 8536 8516 8d36 7cb4 84d5 8d36 8d16 8516 8d37 8536 8556 8536 8536 8d36 8536 8536 8d36 8536 8d36 8536 8536 8d16 8d16 8d16 8d16 8d16 8d16 8d16 8d16 8d16 8d16 8d16 8d16 8d16 8d16 8d16 8d16 8d16 8d16 8d16 8d16 8d16 8d16 8d16 8d16 8d16 8d16 8d16 8d16 8d16 8d16 8d16 8d16 8d16 8d16 8d16 8d16 8d16 8d16 8d16 8d16 8d16 8d16 8d16 8d16 8d16 8d16 8d16 8d16 8d16 8d16 8d16 8d16 8d16 8d16 8d16 8d16 8d16 8d16 8d16 8d16 8d16 8d16 8d16 8d16 8d16 8d16 8d16 8d16 8d16 8d16 8d16 8d16 8d16 8d16 8d16 8d16 8d16 8d16 8d16 8d16 8d16 8d16 8d16 8d16 8d16 8d16 8d16 8d16 8d16 8d16 8d16 8d16 8d16 8d16 8d16 8d16 8d36 8d16 8d16 8516 8516 8516 8d16 8536 8536 8536 8536 8536 8536 8d16 8d36 8d16 8516 7493 8516 8d16 8516 8d37 8536 8536 8536 8d16 8d16 8d16 8d16 8d16 8d16 8d16 8d16 8d16 8d16 8d16 8d16 8d16 8d16 8d16 8d16 8d16 8d16 8d16 8d16 8d16 8d16 8d16 8d16 8d16 8d16 8d16 8d16 8d16 8d16 8d16 8d16 8d16 8d16 8d16 8d16 8d16 8d16 8d16 8d16 8d16 8d16 8d16 8d16 8d16 8d16 8d16 8d16 8d16 8d16 8d16 8d16 8d16 8d16 8d16 8d16 8d16 8d16 8d16 8d16 8d16 8d16 8d16 8d16 8d16 8d16 8d16 8d16 8d16 8d16 8d16 
8d16 8d16 8d16 8d16 8d16 8d16 8d16 8d16 8d16 8d16 8d16 8d16 8d16 8d16 8d16 8d16 8d16 8d16 8d16 8d16 8d16 8d16 8d16 8d16 8d16 8d16 8d16 8d16 8d16 8d16 8d16 8d16 8d16 8d16 8d16 8d16 8d16 8d16 8d16 8d16 8d16 8d16 8d16 8d16 8d16 8d16 8d16 8d16 8d16 8d16 8d16 8d16 8d16 8d16 8d16 8d16 8d16 8d16 8d16 8d16 8d16 8d16 8d16 8d16 8d16 8d16 8d16 8d16 8d16 8d16 8d16 8d16 8d16 8d16 8d16 8d16 8d16 8d16 8d16 8d16 8d16 8d16 8d16 8d16 8d16 8d16 8d16 8d16 8d16 8d16 8d16 8d16 8d16 8d16 8d16 8d16 8d16 8d16 8d16 8d16 8d16 8d16 8d16 8d16 8d16 8d16 8d35 8d35 8d15 8d15 4aec 63af 8d16 8d15 8d16 8d16 8d15 8d35 8d35 7cd3 8515 8515 8516 8d36 8d15 8d36 8d36 8d16 8d16 8d16 8d16 8d16 8d16 8d16 8d16 8d16 8d16 8d16 8d16 8d16 8d16 8d16 8d16 8d16 8d16 8d16 8d16 8d16 8d16 8d16 8d16 8d16 8d16 8d16 8d16 8d16 8d16 8d16 8d16 8d16 8d16 8d16 8d16 8d16 8d16 8d16 8d16 8d16 8d16 8d16 8d16 8d16 8d16 8d16 8d16 8d16 8d16 8d16 8d16 8d16 8d16 8d16 8d16 8d16 8d16 8d16 8d16 8d16 8d16 8d16 8d16 8d16 8d16 8d16 8d16 8d16 8d16 8d16 8d16 8d16 8d16 8d16 8d16 8d16 8d16 8d16 8d16 8d16 8d16 8d16 8d16 8d16 8d16 8d16 8d16 8d16 8d16 8d16 8d16 8d16 8d16 8d16 8d16 8d16 8d16 8d16 8d16 8d16 8d16 8d16 8d16 8d16 84f4 84d4 8d35 8d15 8d15 8d16 8d15 8d15 84b4 42ab 7c72 8d15 8d15 8d16 8d15 8d16 8d16 8d16 8d16 8d16 8d16 8d16 8d16 8d16 8d16 8d16 8d16 8d16 8d16 8d16 8d16 8d16 8d16 8d16 8d16 8d16 8d16 8d16 8d16 8d16 8d16 8d16 8d16 8d16 8d16 8d16 8d16 8d16 8d16 8d16 8d16 8d16 8d16 8d16 8d16 8d16 8d16 8d16 8d16 8d16 8d16 8d16 8d16 8d16 8d16 8d16 8d16 8d16 8d16 8d16 8d16 8d16 8d16 8d16 8d16 8d16 8d16 8d16 8d16 8d16 8d16 8d16 8d16 8d16 8d16 8d16 8d16 8d16 
8d35 8d35 8d35 8d35 8d35 8d35 8d35 8d35 8d35 8d35 8d35 8d35 8d35 8d35 8d35 8d35 8d35 8d35 8d35 8d35 8d35 8d35 8d35 8d35 8d35 8d35 8d35 8d35 8d35 8d35 8d35 8d35 8d16 8d16 8d16 8d16 8d35 8d35 8d35 8d35 8d35 8d35 8d35 8d35 8d35 8d35 8d35 8d35 8d35 8d35 8d35 8d35 8d35 8d35 8d35 8d35 8d35 8d35 8d35 8d35 8d35 8d35 8d35 8d35 8d35 8d35 8d35 8d35 8d35 8d35 8d35 8d35 8d35 8d35 8d35 8d35 8d35 8d35 8d35 8d35 8d35 8d35 8d35 8d35 8d35 8d35 8d35 8d35 8d36 8d36 8d36 8d36 8d15 8d15 8d15 8d36 8d35 8d35 8d35 8d35 8d35 8d35 8d16 8d16 8d16 8d15 8d15 8d36 8d15 7c32 428b 8493 8d16 8d36 8d16 8d16 8d15 9536 8cf4 4acc 7411 8d15 8d15 8d15 8d15 8d15 8d15 8d15 8d35 8d35 8d35 8d35 8d35 8d35 8d35 8d35 8d35 8d35 8d35 8d35 8d35 8d35 8d35 8d35 8d35 8d35 8d35 8d35 8d35 8d35 8d35 8d35 8d35 8d35 8d35 8d35 8d35 8d35 8d35 8d35 8d35 8d35 8d35 8d35 8d35 8d35 8d35 8d35 8d35 8d35 8d35 8d35 8d35 8d35 8d35 8d35 8d35 8d35 8d35 8d35 8d35 8d35 8d35 8d35 8d35 8d35 8d35 8d35 8d35 8d35 8d35 8d35 8d35 8d35 8d35 8d35 8d35 8d35 8d35 8d35 8d35 8d35 8d35 8d35 8d35 8d35 8d35 8d35 8d35 8d35 8d35 8d35 8d35 8d35 8d35 8d35 8d35 8d35 8d35 8d35 8d35 8d35 8d35 8d35 8d16 8d16 8d35 8d35 8d35 8d35 8d15 8d15 5b4e 5b6e 8d15 8d16 8d16 8d36 8515 8d36 8d15 5b2e 5b2d 94f5 8d15 8d15 8d16 8d36 8d15 8d15 8d16 8d16 8d35 8d35 8d35 8d35 8d35 8d35 8d35 8d35 8d35 8d35 8d35 8d35 8d35 8d35 8d35 8d35 8d35 8d35 8d35 8d35 8d35 8d35 8d35 8d35 8d35 8d35 8d35 8d35 8d35 8d35 8d35 8d35 8d35 8d35 8d35 8d35 8d35 8d35 8d35 8d35 8d35 8d35 8d35 8d35 8d35 8d35 8d35 8d35 8d35 8d35 8d35 8d35 8d35 8d35 8d35 8d35 8d35 8d35 8d35 8d35 8d35 8d35 8d35 8d35 8d35 8d35 8d35 8d35 
8d36 8d36 8d36 8d36 8d36 8d36 8d36 8d36 8d36 8d36 8d36 8d36 8d36 8d36 8d36 8d36 8d36 8d36 8d36 8d36 8d36 8d36 8d36 8d36 8d36 8d36 8d36 8d36 8d36 8d36 8d36 8d36 8d36 8d36 8d36 8d36 8d36 8d36 8d36 8d36 8d36 8d36 8d36 8d36 8d36 8d36 8d36 8d36 8d36 8d36 8d36 8d36 8d36 8d36 8d36 8d36 8d36 8d36 8d36 8d36 8d36 8d36 8d36 8d36 8d36 8d36 8d36 8d36 8d36 8d36 8d36 8d36 8d36 8d36 8d36 8d36 8d36 8d36 8d36 8d36 8d36 8d36 8d36 8d36 8d36 8d36 8d36 8d36 8516 8d16 8d16 8d16 8d16 8d16 8d16 8d36 8d36 8d36 8d36 8d36 8536 8536 8d36 8d36 8d36 8d16 8d36 8d36 8cf5 530e 534e 8d36 8d36 8536 8536 8d16 8d16 8d16 6bf1 428c 84f5 8d16 8d36 8d16 8d36 8d36 8d16 8d16 8d36 8d36 8d36 8d36 8d36 8d36 8d36 8d36 8d36 8d36 8d36 8d36 8d36 8d36 8d36 8d36 8536 8536 8536 8536 8d36 8d36 8d36 8d36 8d36 8d36 8d36 8d36 8d36 8d36 8d36 8d36 8d36 8d36 8d36 8d36 8d36 8d36 8d36 8d36 8d36 8d36 8d36 8d36 8d36 8d36 8d36 8d36 8d36 8d36 8d36 8d36 8d36 8d36 8d36 8d36 8d36 8d36 8d36 8d36 8d36 8d36 8d36 8d36 8d36 8d36 8d36 8d36 8d36 8d36 8d36 8d36 8d36 8d36 8d36 8d36 8d36 8d36 8d36 8d36 8d36 8d36 8d36 8d36 8d36 8d36 8d36 8d36 8d36 8d36 8d36 8d36 8d36 8d36 8d36 8d36 8536 8536 8536 8536 8d36 8d36 8d36 8d16 7432 42ac 8494 8d16 8d16 8d36 8536 8536 8d16 7c73 42ab 7c52 8d15 8d16 8516 8d16 8d36 8d36 8d36 8d36 8536 8536 8d36 8d36 8d36 8d36 8d36 8d36 8d36 8d36 8d36 8d36 8d36 8d36 8d36 8d36 8d36 8d36 8d36 8d36 8d36 8d36 8d36 8d36 8d36 8d36 8d36 8d36 8d36 8d36 8d36 8d36 8d36 8d36 8d36 8d36 8d36 8d36 8d36 8d36 8d36 8d36 8d36 8d36 8d36 8d36 8d36 8d36 8d36 8d36 8d36 8d36 8d36 8d36 8d36 8d36 8d36 8d36 8d36 8d36 8d36 8d36 8d36 8d36 8d36 8d36 8d36 8d36 
8d15 8d15 8d15 8d15 8d15 8d15 8d15 8d15 8d15 8d15 8d15 8d15 8d15 8d15 8d15 8d15 8d15 8d15 8d15 8d15 8d15 8d15 8d15 8d15 8d15 8d15 8d15 8d15 8d15 8d15 8d15 8d15 8d15 8d15 8d15 8d15 8d15 8d15 8d15 8d15 8d15 8d15 8d15 8d15 8d15 8d15 8d15 8d15 8d15 8d15 8d15 8d15 8d15 8d15 8d15 8d15 8d15 8d15 8d15 8d15 8d15 8d15 8d15 8d15 8d15 8d15 8d15 8d15 8d15 8d15 8d15 8d15 8d15 8d15 8d15 8d15 8d15 8d15 8d15 8d15 8d15 8d15 8d15 8d15 8d15 8d15 8d15 8d15 8d15 8d15 8d15 8d15 8d15 8d16 8d16 8d16 8d15 8d15 8d15 8d15 8d15 8d15 8d15 8d15 8d35 8d15 8d15 9515 7c31 428b 84b3 8d15 8d15 8d15 8d15 8d15 8d15 8cf4 4acc 63af 8cf5 8d36 8d16 8d16 8d16 8d36 8d16 8d16 8d15 8d15 8d15 8d15 8d15 8d15 8d15 8d15 8d15 8d15 8d15 8d15 8d15 8d15 8d15 8d15 8d15 8d15 8d15 8d15 8d15 8d15 8d15 8d15 8d15 8d15 8d15 8d15 8d15 8d15 8d15 8d15 8d15 8d15 8d15 8d15 8d15 8d15 8d15 8d15 8d15 8d15 8d15 8d15 8d15 8d15 8d15 8d15 8d15 8d15 8d15 8d15 8d15 8d15 8d15 8d15 8d15 8d15 8d15 8d15 8d15 8d15 8d15 8d15 8d15 8d15 8d15 8d15 8d15 8d15 8d15 8d15 8d15 8d15 8d15 8d15 8d15 8d15 8d15 8d15 8d15 8d15 8d15 8d15 8d15 8d15 8d15 8d15 8d15 8d15 8d15 8d15 8d15 8d15 8d15 8d15 8d15 8d15 8d15 8d15 8d15 8d15 8d15 9515 94f4 52ed 5b6e 9515 8d15 8d15 9515 9515 9515 9515 5b2d 5b0d 9515 8d15 8d15 9515 8d15 8d15 8d15 8d15 8d16 8d16 8d15 8d15 8d15 8d15 8d15 8d15 8d15 8d15 8d15 8d15 8d15 8d15 8d15 8d15 8d15 8d15 8d15 8d15 8d15 8d15 8d15 8d15 8d15 8d15 8d15 8d15 8d15 8d15 8d15 8d15 8d15 8d15 8d15 8d15 8d15 8d15 8d15 8d15 8d15 8d15 8d15 8d15 8d15 8d15 8d15 8d15 8d15 8d15 8d15 8d15 8d15 8d15 8d15 8d15 8d15 8d15 8d15 8d15 8d15 8d15 8d15 8d15 8d15 8d15 8d15 8d15 
9d13 9d13 9d13 9d13 9d13 9d13 9d13 9d13 9d13 9d13 9d13 9d13 9d13 9d13 9d13 9d13 9d13 9d13 9d13 9d13 9d13 9d13 9d13 9d13 9d13 9d13 9d13 9d13 9d13 9d13 9d13 9d13 9d13 9d13 9d13 9d13 9d13 9d13 9d13 9d13 9d13 9d13 9d13 9d13 9d13 9d13 9d13 9d13 9d13 9d13 9d13 9d13 9d13 9d13 9d13 9d13 9d13 9d13 9d13 9d13 9d13 9d13 9d13 9d13 9d13 9d13 9d13 9d13 9d13 9d13 9d13 9d13 9d13 9d13 9d13 9d13 9d13 9d13 9d13 9d13 9d13 9d13 9d13 9d13 9d13 9d13 9d13 9d13 a533 a533 9d33 9d33 9d33 9d33 9d33 9d33 9d13 9d13 9d13 9d13 9d33 9d33 9d33 9d13 9d34 9d34 a534 9cf3 5aeb 6b6d 9d13 9d33 a514 a534 a514 9d14 9d34 73ef 4aa9 94d2 a533 a533 9d33 9d33 9d34 9d13 9d33 9d33 9d13 9d13 9d13 9d13 9d13 9d13 9d13 9d13 9d13 9d13 9d13 9d13 9d13 9d13 9d13 9d13 a533 9d33 9d33 9d33 9d13 9d13 9d13 9d13 9d13 9d13 9d13 9d13 9d13 9d13 9d13 9d13 9d13 9d13 9d13 9d13 9d13 9d13 9d13 9d13 9d13 9d13 9d13 9d13 9d13 9d13 9d13 9d13 9d13 9d13 9d13 9d13 9d13 9d13 9d13 9d13 9d13 9d13 9d13 9d13 9d13 9d13 9d13 9d13 9d13 9d13 9d13 9d13 9d13 9d13 9d13 9d13 9d13 9d13 9d13 9d13 9d13 9d13 9d13 9d13 9d13 9d13 9d13 9d13 9d13 9d13 9d13 9d13 9d13 9d13 9d13 9d13 9d13 9d13 9d13 9d13 a534 a514 a513 a513 9d13 9d13 9d33 9d13 a533 8430 4a69 8c92 9d34 9d14 9d13 9d14 a534 a514 8c51 5269 8450 9d34 9d14 9d14 9d13 9d13 9d13 9d13 9d33 9d33 9d33 9d33 9d13 9d13 9d13 9d13 9d13 9d13 9d13 9d13 9d13 9d13 9d13 9d13 9d13 9d13 9d13 9d13 9d13 9d13 9d13 9d13 9d13 9d13 9d13 9d13 9d13 9d13 9d13 9d13 9d13 9d13 9d13 9d13 9d13 9d13 9d13 9d13 9d13 9d13 9d13 9d13 9d13 9d13 9d13 9d13 9d13 9d13 9d13 9d13 9d13 9d13 9d13 9d13 9d13 9d13 9d13 9d13 9d13 9d13 9d13 9d13 9d13 9d13 9d13 9d13 
a512 a512 a532 a532 a532 a532 ad32 ad32 a512 a512 a533 ad33 a513 ad13 a513 ad33 a512 a532 a532 ad32 a512 ad12 ad12 ad33 a512 a512 ad32 ad32 ad33 ad12 ad13 ad33 a512 a512 a532 ad32 ad33 ad33 ad33 ad33 a512 a512 ad33 ad33 ad13 ad13 ad13 ad33 a512 a512 a532 a532 a532 ad33 ad33 ad33 a4f2 a4f2 ad13 ad13 ad13 ad13 ad33 ad33 a512 a512 a533 a533 ad33 a512 ad33 ad33 a512 a512 a512 a532 ad12 ad12 ad33 a512 a512 a512 a532 a532 a532 a532 ad33 ad33 a512 a512 a532 a512 a532 a533 ad33 ad32 a512 a532 a532 a532 a532 a532 a533 a533 a532 a512 a533 842f 5269 9c91 a513 ad12 a512 a532 a532 a532 9cf3 5aca 73ad ad33 a512 a512 ad33 ad32 ad33 ad33 ad33 ad33 a512 a512 a532 a532 a512 a512 ad32 a532 a512 a512 a532 a532 ad32 ad12 ad13 ad13 a512 a532 a532 a532 a533 a512 ad33 ad12 a512 a512 ad32 ad32 ad32 ad32 ad32 ad32 a512 a512 ad32 ad32 a512 a512 a513 ad33 a512 a512 a512 a512 ad12 ad12 ad13 ad12 a512 a511 ad32 a512 a532 a512 ad33 ad33 a512 a512 ad33 a512 a513 a513 ad13 ad13 a512 a512 ad32 ad32 a532 a532 ad33 ad33 a512 a512 a532 a532 ad33 a512 ad12 ad33 a512 a512 a532 a532 a512 a512 ad33 ad33 ad12 a512 a512 a532 a512 a512 ad33 a533 a512 a532 a532 a532 a532 a532 ad33 ad33 a512 9cf2 5b0b 6b4c a534 a513 ad13 ad33 a512 a532 a532 634b 630b a513 a533 a512 a512 a512 a513 ad13 ad13 ad13 ad13 ad33 a512 a512 a532 a532 a513 a513 ad33 ad33 a512 a512 a532 a532 a533 a532 ad33 ad33 a512 a512 a532 a532 ad32 a512 a512 ad33 a512 a512 ad32 ad33 ad12 ad13 ad33 ad33 a512 a512 a532 a532 a533 a512 ad33 ad33 a512 a512 a532 ad32 ad12 ad33 ad13 ad33 a512 a512 a532 a532 ad32 a532 ad33 ad33 a512 a512 a533 a533 ad33 a513 ad33 ad33 
a533 a533 a533 a533 a532 a512 ad33 ad33 a533 a533 a533 a512 a512 a513 a532 a532 a512 a512 a512 a512 ad12 ad13 ad12 ad12 a512 a512 a512 a512 a513 a513 a513 a513 ad12 ad12 ad12 ad12 ad13 ad12 a513 a512 a513 a513 ad33 a513 a513 ad33 a513 a512 a512 a533 a532 ad32 a512 a512 a513 a512 a512 a512 a513 a513 a512 a513 a512 a512 a513 a513 a513 a512 a512 a512 a512 a512 a512 a512 a513 a513 a533 a533 a513 a513 a532 a532 a512 a512 a512 a512 ad12 ad12 a512 a512 a532 a532 a532 a532 a512 ad33 a512 a512 a533 a512 a533 a533 a533 a533 a532 ad33 a512 5aea 52a9 9cd2 a512 a512 ad33 ad33 a532 a533 7bef 5289 9cd2 a513 a512 ad33 a512 a512 a512 a512 a533 a533 ad33 ad33 a512 a512 a512 a512 a512 a512 a512 a512 a532 a532 a533 a512 a533 a533 ad32 ad32 a512 a532 a532 a533 a512 a512 a512 a513 a512 a512 ad12 ad12 ad12 ad12 a512 ad33 ad33 ad33 ad33 a513 a512 a512 ad33 a513 ad13 ad13 ad13 ad13 ad13 ad12 ad32 a532 a512 ad33 a513 a512 a513 a513 a513 a513 a512 a512 a512 a512 a513 a513 a512 ad33 a512 a532 a512 a512 a513 a513 a513 a513 a532 a512 a532 a532 ad33 ad33 a532 a532 a512 ad33 a512 a512 ad33 a512 a513 a513 a512 a512 a512 a512 a512 a513 a532 a532 ad33 a512 ad33 ad33 a513 ad33 a512 a533 8c4f 4a68 9491 ad33 a513 a512 ad33 a513 a513 738d 4a48 8c50 a513 a513 a512 a512 a533 a512 a512 a512 a512 ad33 a533 a533 a512 a513 a513 ad33 ad33 a513 ad33 a512 a512 a512 a512 a512 a532 a532 a512 a512 a512 a512 a512 a513 a513 ad33 a513 a512 a532 ad32 ad12 ad12 a513 a513 a512 a512 a532 a532 a532 a512 a512 ad12 a513 a513 a512 a512 a512 a512 a533 a512 a532 a533 a512 a533 ad33 a512 a513 a513 a512 ad33 a512 a512 a513 a512 a512 a512 
a512 a513 a513 a513 a513 ad33 a532 a512 a533 a533 a512 a512 a533 a512 a533 a533 a532 a532 a533 a533 a533 a533 a533 a532 a533 a532 a532 a533 a532 a532 a532 a532 a532 a532 ad33 a532 a533 a533 a533 a512 a533 a533 a533 a533 a533 a533 a533 a533 a533 a512 a512 a532 a533 a532 a533 a533 a533 a533 a512 a512 a532 a533 a532 a532 a512 a533 a532 a512 a533 a532 a532 a532 a533 a533 a533 a533 a533 a533 a532 a533 a533 a533 a533 a533 a532 a533 a532 a512 a512 a533 a533 a512 a532 a532 a533 a533 a533 a512 a533 a533 a533 a533 a532 a532 a512 a513 8c2f 4a68 5aca 9cd2 a512 a512 8c2f a4f3 a513 a513 5aaa 630b a513 ad33 ad33 a513 a513 a513 a512 a512 a513 a513 a533 a532 a532 a533 a532 a532 a533 a533 a533 a533 a532 a512 a532 a532 a532 a532 a532 a533 a532 a532 a532 a532 a533 a512 a533 a533 a533 a533 a533 a533 a533 a533 a512 a512 a533 a533 a533 a533 a533 a533 a533 a533 a532 a512 a532 a533 a533 a512 a512 a512 a533 a533 a512 a512 a533 a533 a533 a533 a533 a533 a533 a533 a533 a533 a533 a533 a532 a512 a533 a532 a532 a512 a533 a533 a533 a533 a532 a533 a512 a512 a532 a533 a532 a533 a532 a532 a533 a532 a533 a533 a533 a512 a532 a532 a512 ad33 ad13 ad13 a513 a513 a513 a512 ad33 a512 ad33 a512 9cb1 5268 6b4c a513 ad33 9470 9c91 ad13 a513 738d 52a9 62eb a513 a513 a512 a512 ad33 a513 a512 ad33 a532 a533 a533 a533 a532 a532 a512 a532 a533 a533 ad33 a513 ad33 ad33 a533 a512 a533 a533 a532 a532 a532 a532 a533 a533 a533 a533 a512 a533 a512 a532 a512 a533 a532 a532 a533 a512 a533 a532 a532 a532 ad33 a512 ad33 a513 a512 a512 a512 a512 a532 a512 a512 a512 a533 a533 a532 a512 a532 a532 a532 ad33 a512 a512 a512 a512 a532 a532 
9cd0 a511 ad12 ad33 ad13 ad13 a512 a512 a532 a532 a512 a512 a512 a512 ad12 ad12 ad33 a513 a533 a533 a532 a512 a512 a512 ad33 a512 a512 a512 ad33 a512 a512 a512 a532 ad32 a532 ad32 a532 a532 a512 a512 a512 a512 a512 a512 a512 a512 a512 ad33 ad13 ad13 ad12 ad12 a532 ad32 a512 ad33 a512 a512 a532 ad32 a512 ad32 a532 a532 a533 a533 a512 a512 a512 a512 ad33 ad12 ad12 ad12 ad13 ad12 ad12 ad12 ad12 ad33 ad33 ad13 a512 a512 ad33 a512 a512 a512 ad33 ad33 a512 a512 ad33 a512 a512 a512 a532 a532 a512 a512 a532 a532 ad32 ad33 ad33 a513 5aca 6b6c 6b2b a4f2 a513 8c50 5269 9491 a533 7bce 5269 630b a513 a512 a4f2 9491 a512 a533 a532 ad32 ad12 ad12 ad33 a512 a513 a513 a512 a513 a512 a512 a513 ad33 a512 a513 a512 a512 a532 a532 a533 a533 a532 a532 ad32 a512 a512 a512 ad33 a512 a513 a513 ad33 a512 a512 ad33 ad12 ad12 ad12 ad12 ad33 a512 a512 a512 ad32 a532 ad32 ad32 a532 a512 a532 a532 a512 ad12 a512 a512 a512 a512 a512 a512 ad12 ad12 ad12 ad12 a512 ad33 a512 a512 a512 a512 a512 a512 a532 a532 a532 a532 a512 a513 a512 ad33 a532 a512 ad12 ad12 a533 a532 a512 a512 a512 ad32 a512 a512 a512 a512 a513 a513 ad33 ad12 ad12 ad12 ad33 ad33 a512 a512 a533 ad53 a4f2 9490 a512 ad33 9cb1 5289 5269 9491 ad33 630a 6b0b a513 a513 738d 7bce 5269 8c2f a513 a512 a512 ad12 ad12 a512 ad33 a512 a512 ad32 ad32 a512 a532 a532 a532 ad33 ad33 a513 ad33 a513 a513 a512 a513 a532 a512 a513 a513 a512 ad33 a512 a512 ad33 a512 a512 a512 a532 a532 a532 a532 a532 a532 a512 a512 a532 a532 a512 a532 a512 a512 ad32 a532 a512 ad32 a532 a512 ad33 ad12 ad33 a512 ad33 a512 a512 a512 a512 a512 ad33 a513 a512 a512 a512 a532 ad33 a512 
9cd0 9cb0 a4f1 a512 ad12 ad12 ad32 a532 a512 a532 a532 a532 ad12 ad12 ad32 ad12 ad12 ad33 ad12 ad32 ad12 ad12 ad32 ad32 ad32 ad12 ad32 ad32 ad12 ad12 ad33 ad12 ad12 ad33 ad32 ad32 ad32 ad32 ad32 ad32 ad12 ad12 ad12 ad12 ad12 ad33 ad12 ad12 ad12 ad12 ad32 ad32 a532 a512 a532 a512 ad32 ad32 ad12 ad12 ad32 ad12 ad32 ad32 a532 a532 ad12 ad32 ad12 ad32 ad12 ad12 ad32 ad32 ad32 ad32 ad32 ad32 ad12 ad12 ad13 ad12 ad33 ad12 a512 a512 a512 a512 ad33 a512 ad32 ad12 ad12 ad32 ad12 ad12 ad32 ad32 ad12 ad12 ad12 ad32 a532 a512 a533 842f 5269 9491 632b a4f2 a513 630b 6b2b a513 9cf2 52a9 736c 632b a512 a533 8c2f 52a9 9cf2 a533 a532 a532 a532 ad32 a532 ad32 ad12 ad12 ad12 ad12 ad32 a512 ad13 ad12 ad33 ad33 a532 a532 a512 a512 ad13 ad13 ad12 ad12 ad32 ad12 ad32 ad33 ad32 ad33 ad12 ad13 ad13 ad12 ad12 ad12 ad12 ad12 ad12 ad12 ad12 ad12 ad12 ad12 ad32 ad12 ad12 ad12 ad12 ad12 ad12 ad12 ad12 ad33 ad33 ad12 ad12 ad33 ad12 ad33 ad12 ad12 ad12 ad12 ad12 ad12 ad12 ad12 ad12 ad12 ad33 ad12 ad12 ad12 ad32 a512 ad33 ad33 ad12 ad12 ad12 ad12 ad33 a512 a532 a532 ad32 ad32 ad12 ad32 ad12 ad12 ad12 ad12 ad12 ad12 ad12 ad12 ad12 ad12 a512 ad33 a512 ad33 a533 a533 9490 5288 94b1 a513 9cd2 630b 630b 6b6c a533 9470 5289 9470 ad13 7b8d 8c30 6b4c 62ea a4f2 a513 ad33 ad33 ad12 ad32 a512 a532 a532 ad12 ad33 ad12 ad32 a532 a532 ad32 ad12 ad12 ad12 ad33 ad33 ad12 ad12 ad12 ad32 ad12 ad12 ad12 ad12 ad12 ad12 ad13 ad12 ad12 ad12 ad33 ad12 ad12 ad33 a512 ad32 ad32 ad32 ad12 ad32 ad12 ad12 ad33 a512 a512 ad32 ad32 a532 ad32 ad12 ad32 ad12 ad32 ad32 ad33 ad33 ad12 ad12 ad12 ad12 ad32 ad32 ad12 ad32 ad12 ad32 ad32 ad12 
9cd0 9cd0 9cd0 9cd0 a4f1 ad12 ad33 ad33 ad33 ad33 ad53 ad33 ad33 ad33 a512 ad12 ad33 ad33 ad33 ad33 ad33 ad33 ad33 ad33 ad33 a513 ad33 ad33 ad33 ad33 ad33 ad33 ad33 ad33 ad33 ad53 a533 a533 ad33 ad33 ad33 ad33 ad33 ad33 ad33 ad33 ad33 ad33 ad12 ad33 ad33 ad33 a533 ad33 a533 a533 ad33 ad33 a512 a512 ad33 ad33 ad33 ad33 a533 a533 ad33 ad33 ad33 ad33 a513 a513 ad33 ad33 ad33 ad33 ad33 ad33 ad33 ad33 ad13 ad13 ad33 ad33 a533 ad53 a533 a533 ad33 a513 ad33 ad33 a532 a512 ad53 ad33 ad33 ad33 ad53 a533 ad33 ad33 a513 a513 9cf2 5aca 6b6c a533 632b 9cd2 8c71 5269 9470 a533 7bce 5289 94b2 632c a533 a513 52a9 738d ad53 ad33 ad33 a512 a533 a533 ad33 ad33 ad33 ad33 ad33 a533 ad33 ad33 a512 ad33 ad33 ad53 ad33 ad33 ad53 ad53 ad33 ad33 ad33 ad33 a512 ad33 ad33 ad33 ad53 ad33 ad33 a533 ad33 ad33 ad12 ad33 ad33 ad33 ad33 ad33 ad33 ad33 ad33 ad33 ad33 ad33 ad33 a533 ad33 ad33 ad33 ad33 ad53 ad33 ad33 ad33 a512 a533 ad33 a513 ad33 ad33 ad33 ad33 ad33 ad33 ad33 ad33 ad12 ad33 ad33 ad33 ad33 a533 ad53 a533 ad33 ad33 a512 a512 ad33 ad33 ad33 ad34 a533 a533 ad33 ad33 ad33 ad33 ad13 ad13 ad33 ad33 ad33 ad33 ad33 ad33 ad33 ad33 a553 a532 a533 a533 a533 a553 a513 5aea 6b6d a533 9cd2 632b 8c50 5289 9470 ad13 632b 632b a513 7bad 8c50 9491 5289 842f a513 ad33 ad33 ad33 ad33 ad33 ad33 ad33 ad53 ad33 ad33 a512 ad53 ad33 a533 ad33 ad33 ad33 ad33 ad33 ad33 a512 ad33 ad33 ad33 ad53 ad33 ad33 ad33 ad33 ad33 ad33 ad32 ad12 ad33 ad33 ad33 ad33 a533 a533 ad33 ad33 ad33 a512 a512 ad33 a512 ad33 a533 a533 ad33 a533 ad33 ad33 a512 ad13 ad33 a513 ad33 ad33 ad33 ad33 ad33 ad33 a533 a533 a533 ad33 ad53 ad33 ad33 ad33 
632b 632b 6b4b 9490 9cb1 73ad 6b4c 6b6d 6b6c 6b4d 6b6d 6b4d 6b4c 6b8d 9cd2 a513 7bef 6b6d 6b4c 6b4c 6b4c 6b4c 6b4c 6b4c 6b6c 94b1 a513 840f 6b4c 6b4c 6b4d 6b4c 6b4c 6b4c 6b4c 6b6c 9491 a533 842f 6b6c 6b4c 6b4c 6b4c 6b4c 6b4c 6b4c 6b4c 8c71 a513 8c50 6b4c 6b4c 6b4d 6b4d 6b4d 6b4d 6b4c 6b4c 8c50 a533 8c70 6b6d 6b4c 6b4d 6b6d 6b6d 6b4c 6b4c 6b4c 842f a513 9491 6b4c 6b4c 6b4c 6b4c 6b4c 6b4c 6b4c 6b4c 840f a533 94b1 6b6d 6b4c 6b6c 636c 636c 6b4d 6b4d 6b6c 7bce a533 9cb2 6b6d 6b4d 6b4c 6b6d 6b6c 6b6c 6b6c 6b4c 7bce a513 7c0f 5289 9cb2 a4f3 630b 9cd2 5aca 6b4c a513 9cf2 52aa 73ae 6b6d 4a89 634c 630c 4228 5b0c 6b4d 6b4c 738d a513 a513 7bad 6b4c 6b4c 6b6c 6b4c 6b6c 6b6c 6b4c 736d 9cf2 9cf2 7bce 6b4c 6b6c 6b4c 6b4c 6b4c 6b4d 6b4c 6b8d 9cd2 a533 7bce 6b6c 6b6d 6b6c 6b4c 6b4c 6b6d 6b6c 6b6d 9cd1 a513 840f 6b6c 6b4c 6b4c 6b4c 6b4c 6b4c 6b6c 6b4c 9491 a534 842f 6b4c 6b4c 6b6c 6b4c 6b4c 6b4c 6b4c 6b6c 9491 a533 8c50 6b4c 6b4c 6b4c 6b4c 6b4c 6b4d 6b2c 6b6d 8c50 a533 8c70 6b6c 634c 634c 634c 636d 6b6d 6b6c 6b4c 844f a513 9491 6b6c 6b4c 6b6d 6b6d 6b4d 6b4c 6b4c 6b4c 840f a513 94b1 6b4c 6b4c 6b4c 6b4c 6b4c 6b4c 6b4c 6b4c 7bee a533 94b2 6b6d 6b4c 6b6c 6b6d 52ca 4248 634c 632c 52cb 9cf3 630b 6b4c a513 8c71 5269 8c70 738d 8c2f a513 6b6d 62eb 9cd2 6b6d 6b4c 6b4c 6b4d 6b4c 6b4c 6b4c 6b4c 73ad a513 94b1 6b6c 6b6c 6b6c 6b6c 6b4c 6b4c 6b6c 6b4c 7bef a534 94d2 6b6c 6b4c 6b4d 6b4c 6b4c 6b4c 6b4c 6b4c 7bee a513 9cd2 6b6d 6b4c 6b4d 6b4d 636d 6b6d 6b4c 6b6d 73ae a513 9cf2 6b8d 6b6c 636d 636c 636c 6b4d 6b4c 6b6c 73ad a513 a4f2 73ad 6b4c 6b6c 6b4c 6b4c 6b4c 6b6c 6b6c 738d 9cf2 a533 73ae 6b6c 6b4d 6b4d 634c 
39e8 3a08 39e7 630b 842f 39e7 39e7 39e8 31e8 31e8 31c7 39e8 39e7 39e7 5aeb 9491 39e8 39e8 39e8 39e8 31c7 39e7 39e7 39e7 3a08 5acb 94b2 4228 39e7 39e7 31e7 31c7 39e8 39e8 39e7 3a08 52aa 94d3 3a08 39e7 39e8 39e7 31e7 31c7 39e7 39e7 39e7 4a69 9d34 4a69 39e7 39e8 31e7 31e7 31e7 31e7 3a08 3a08 4248 94d2 4a89 3a07 39e7 31c7 31e8 31e8 39e8 39e8 3a07 4228 94d2 52aa 3a08 3a08 39e8 31c7 31c7 31e7 39e8 3a08 4228 9cd2 52eb 39e7 3207 31e7 31e7 31e7 3a08 3a08 39e7 3a07 8c91 634c 39e7 39e8 3a08 39e8 31c7 31c7 3a08 39e8 3a07 7c0f 5acb 5289 ad34 a513 632b 840f 4a68 94b1 ad33 7bce 528a 73ae 39e8 3a08 39e8 31c7 39c8 39c8 39e8 39e8 39e7 73ae 7bee 39e7 39e8 39e8 31c7 31c7 31e7 39e8 3a08 39e7 6b8d 8471 3a07 39e7 3a08 31e7 31e7 31e7 31e8 39e8 39e7 632c 8450 3a07 3a08 31e8 3207 31e7 31e7 31e8 39e7 3a07 5aeb 94d2 3a08 39e8 39e8 39e8 31c7 31e7 31e7 3a08 3a07 52aa 8c92 4228 39e7 39e7 31e7 31c7 39e8 39e8 39e8 3a08 52aa 9d13 4228 3a07 3a07 39e7 31e7 31e7 31e7 39e7 39e7 4228 9cf3 4a69 39e7 39e8 31e7 31e8 31c7 31e7 3a08 39e7 4228 9cf2 52aa 3a07 3207 31e7 39e8 31e8 31c7 39e8 39e7 3a08 94b2 52ca 3a08 3a08 39e8 31c7 31e7 31e7 39e7 39e8 41e8 9492 630c 39c7 39e8 39e7 31c7 31c7 39c8 39e8 39e7 39e7 8450 8c50 4a68 9491 a513 6b2c 6b0b 738d 8c30 a513 7bef 5289 52aa 39e7 3a07 39e7 31e7 31e7 31e7 39e7 3a07 3a08 7bef 52cb 39e7 39e7 39e7 31e7 39e7 39e7 39e7 3a07 3a07 8c91 5b0b 39e7 3a08 39e8 31c7 31c7 39e8 39e8 39e8 39e7 8c71 632c 39e7 39e7 3a08 31e7 31c7 31c7 39e8 39e8 39e7 8c51 6bae 39e7 31e7 31e8 31e7 31e7 31e8 39e8 3a08 39e7 73ee 73ce 39e8 39e8 39e8 39e7 31c7 31e7 39e7 39e7 3a07 73ae 7c10 39e8 3a08 39e8 31e7 31c7 
31c6 31c6 39e7 5aca 7bef 39e7 39e8 31e8 31a7 31c7 31c7 31c7 31e7 39e8 52aa 8c71 31c7 31e7 31c7 31c7 31c7 31c7 31c7 39e8 39e7 4a49 8c91 4207 39e8 31c7 31c7 31c7 31c7 31c7 31e7 3a07 4a69 8c71 3a07 39e8 31c7 31a7 31a7 31c7 31c7 39c8 39e8 4228 9cd2 4227 39e7 31e7 31c7 31c7 31c7 31c7 31c7 39e7 3a08 8c72 4228 39e8 31e8 31c7 31c7 31a6 31c6 31e7 39e7 3a08 9491 4a89 39e7 31c7 31c7 31c7 31c7 31c8 39c8 39e8 31e7 8471 4269 39e8 31e7 31c7 31c7 31c7 31c7 31c7 3a08 39e7 8c50 630b 39e8 39e8 31a6 31c6 31c7 31c7 31c7 39e8 39e7 52ab 4a69 5269 ad34 a513 630c 5aaa 6b2c ad34 94d1 4aa9 634b 6bad 39e7 39e8 31c7 31c7 29a7 31c7 31c7 31e8 39e8 5b0c 6b8e 3a08 31e7 31c7 31c7 31c7 31c7 31c7 39e8 39e8 634c 7c0f 3a07 39e7 31c7 31c7 31c7 31c7 29c6 31e7 39e7 52a9 7bef 39e7 3a08 31e7 29a7 31a7 31c7 31c7 31e8 39e8 52aa 94b2 39e7 39e8 31e7 31c7 31c7 31c7 31c7 39e8 31e7 3a28 8451 39e8 3207 31c7 31c7 31c7 29c6 31c7 31e7 3a07 4a89 9cf3 3a08 3a08 31c7 31a7 31a7 31c7 31c7 31c7 39e8 31c7 94b1 3a07 3207 31e7 31c7 31c7 31c7 31c8 39c7 39e7 4208 9cd2 4a89 39e7 31e7 31c7 31a6 31a7 31c7 31e7 39e8 39e7 8c91 4a69 39e7 31c7 31c7 31c7 31c7 31c7 31e8 39e8 39e6 8c70 52ea 3a07 39e8 31c7 31c7 31c7 31c7 31c7 39e7 39e7 7bcf a4f3 5aaa 630c a512 8c70 4a68 5aea 8c50 a533 83ef 5289 4a49 39e7 39e8 31c7 31c7 31c7 31c7 31c7 31e7 3207 6bad 4a89 39e8 39e7 31c7 31c7 31c7 31c7 31e8 3a08 3a08 8411 52ab 39e8 31c7 31c7 31c7 31c7 31c7 31c7 39e8 39e7 7c0f 5aca 39e8 39e8 31c7 31c7 31c7 31c7 31c7 39e7 39e7 7bef 632c 39e7 39e7 31c7 31a7 31c7 31c7 31c7 39e7 39e7 738e 738e 31c7 31c7 31c7 31c7 31c7 31c7 39e7 39e8 31c7 634c 73ae 39e7 39e8 31c7 31c7 31c7 
31c7 31c7 3a07 52ca 7bef 39e7 31e7 31c7 31c7 31c7 31c7 31c7 31c7 39e8 52aa 8c50 31c7 31e7 31c7 31c7 31c7 31c7 31c7 31c7 39e7 4a69 8c71 3a07 31c7 31c7 31c7 31c7 31c7 31c7 31c7 39e8 4a69 8c91 39e7 39e8 31c7 31c7 31c7 31c7 31c7 31c7 39e8 4228 9cf3 4228 31e7 31c7 31c7 31c7 31c7 31c7 31c7 39e7 3a08 8c92 4228 39c7 31c7 31c7 31c7 31c7 31c7 31c7 39e7 3a08 9491 4a69 39e7 31c7 31c7 31c7 31c7 31c7 31c7 31c7 39e7 8c72 4a6a 39e8 31c7 31c7 31a7 31a7 31c7 31c7 31e7 39e7 8450 5b0b 39e7 31c7 31c7 31c7 31c7 31c7 31c7 31c7 39e7 4a49 6b6d 5aca ad33 a513 62eb 5269 9cb1 a533 73ce 4a89 632c 6b8d 39e8 31c7 31c7 31c7 31c7 31c7 31c7 39c7 39e7 630b 738d 39e7 31c7 31c7 31c7 31c7 31c7 31c7 31c7 39e7 6b4c 8410 3a07 31e7 31c7 31c7 31c7 31c7 31c7 31e7 39e7 4aaa 7bef 39e7 31e7 31c7 31c7 31c7 31c7 31c7 31c7 39e8 5aca 94b2 39e7 31c7 31c7 31c7 31c7 31c7 31c7 31c7 31e7 4229 8451 39e8 31e7 31c7 31c7 31c7 31c7 31c7 31c7 39e8 4a69 9cf3 3a07 39e7 31c7 31c7 31c7 31c7 31c7 31c7 31e7 31c7 94d2 4227 31e7 31c7 31c7 31c7 31c7 31c7 31c7 31c7 4228 94d2 4a89 39e8 39e7 31c7 31c7 31c7 31c7 31c7 31c7 39e8 8c71 4248 39e7 31c7 31c7 31c7 31c7 31c7 31c7 31c7 39e7 8c71 5aea 39e7 31c7 31c7 31c7 31c7 31c7 31c7 31e7 39e7 7bce a4f3 5aca 4a69 8c70 a513 6b2b 4a68 8c50 a513 840f 6b4c 528a 4208 31c7 31c7 31c7 31c7 31c7 31c7 31c7 39e7 6bae 4a8a 39e7 31c7 31c7 31c7 31c7 31c7 31c7 31e7 3a07 8430 52aa 39e7 31c7 31c7 31c7 31c7 31a7 31c7 39e8 39e7 8430 5aeb 39e7 31c7 31c7 31c7 31c7 31c7 31c7 31c7 39e7 7bef 632c 39e7 31c7 31c7 31c7 31c7 31c7 31c7 31c7 39e7 6b8d 6b8d 39e7 31e7 31c7 31c7 31c7 31c7 31c7 31c7 39e7 634d 73ae 39e7 31c7 31c7 31c7 31c7 
31c7 31c7 3a07 52ca 7bef 39e7 31c7 31c7 31c7 31c7 31c7 31c7 31c7 31e7 5289 8430 31c7 31c7 31c7 31c7 31c7 31c7 31c7 31c7 39e7 4a69 8c91 3a07 31c7 31c7 31c7 31c7 31c7 31c7 31c7 39e7 4a69 8c91 39e7 31c7 31c7 31c7 31c7 31c7 31c7 31c7 31c7 4228 9cf3 4228 31c7 31c7 31c7 31c7 31c7 31c7 31c7 39e7 3a08 8c92 4208 39c7 31c7 31c7 31c7 31c7 31c7 31c7 31c7 3a08 8cb1 4a69 31c7 31c7 31c7 31c7 31c7 31c7 31c7 31c7 39e7 8c72 4a69 31c7 31c7 31c7 31c7 31c7 31c7 31c7 31c7 39e7 8450 630b 31c7 31c7 31c7 31c7 31c7 31c7 31a7 31c7 3a08 528a 94b2 5aaa ad33 a4f3 5aca 736d a513 9cd2 52a9 6b4c 6b4c 8430 7bef 73ae 52aa 39c7 31c7 31c7 31c7 39c7 39e8 630c 736e 39c7 31c7 31c7 31c7 31c7 31c7 31c7 31c7 39e7 634c 8430 39e7 31c7 31c7 31c7 31c7 31c7 31c7 31c7 31e7 4a89 7bef 39e7 31c7 31c7 31c7 31c7 31c7 31c7 31c7 39e7 52ca 94b2 39e7 31c7 31c7 31c7 31c7 31c7 31c7 31c7 31c7 4229 8451 39e7 31e7 31c7 31c7 31c7 31c7 31c7 31c7 39e7 4a69 9cf3 3a07 31c7 31c7 31c7 31c7 31c7 31c7 31c7 31c7 31c7 94b2 3a28 31e7 31c7 31c7 31c7 31c7 31c7 31c7 31c7 3a08 8c71 73ae 7bf0 6b4d 4208 31c7 31c7 31c7 31c7 31c7 39e8 8c71 4a49 31e7 31c7 31c7 31c7 31c7 31c7 31c7 31c7 39e7 8c71 5aeb 39e7 31c7 31c7 31c7 31c7 31c7 31c7 31c7 39e7 7bee 9cf2 630b 630b 630b a513 8c70 5289 840f a533 840f 7bce 632c 4a69 31c7 31c7 31c7 31c7 31c7 31c7 31c7 39e8 6b8e 4a8a 31e7 31c7 31c7 31c7 31c7 31c7 31c7 31c7 39e7 8430 52aa 31c7 31c7 31c7 31c7 31c7 31c7 31c7 31c7 39e7 8410 5aeb 39e8 31c7 31c7 31c7 31c7 31c7 31c7 31c7 39e7 7bef 632c 39e7 31c7 31c7 31c7 31c7 31c7 31c7 31c7 39c7 6b8d 6b8d 31c7 31c7 31c7 31c7 31c7 31c7 31c7 31c7 39e7 634d 73ae 39e7 31c7 31c7 31c7 31c7 
31c7 31c7 31e7 52ca 7bef 39e7 31c7 31c7 31c7 31c7 31c7 31c7 31c7 31e7 4a89 840f 31c6 31c7 31c7 31c7 31c7 31c7 31c7 31c7 31c7 4a69 8c91 39e7 31c7 31c7 31c7 31c7 31c7 31c7 31c7 31c7 4a69 8c91 39e7 31c7 31c7 31c7 31c7 31c7 31c7 31c7 31c7 4228 9cf3 4208 31c7 31c7 31c7 31c7 31c7 31c7 31c7 31c7 3a08 8c92 4208 39c7 31c7 31c7 31c7 31c7 31c7 31c7 31c7 3a08 94b2 4a69 31c7 31c7 31c7 31c7 31c7 31c7 31c7 31c7 39e7 8c71 4269 31c7 31c7 31c7 31c7 31c7 31c7 31c7 31c7 31c7 8450 5b0b 31c7 31c7 31c7 31c7 31c7 31c7 31c7 31c7 4a49 738d a513 5aaa ad33 8c2f 5269 9491 a513 7bae 5aca 8c50 736d 9492 9491 8410 7bef 52aa 31c7 31c7 31c7 31c7 31e7 5b0c 6b8e 31e7 31c7 31c7 31c7 31c7 31c7 31c7 31c7 31c7 634c 8410 39e7 31c7 31c7 31c7 31c7 31c7 31c7 31c7 31c7 4a89 7bef 39e7 31c7 31c7 31c7 31c7 31c7 31c7 31c7 39e7 52ca 94b2 39e7 31c7 31c7 31c7 31c7 31c7 31c7 31c7 31c7 4229 8451 39e7 31c7 31c7 31c7 31c7 31c7 31c7 31c7 31e7 4a69 9cf3 39e7 31c7 31c7 31c7 31c7 31c7 31c7 31c7 31c7 31c7 94b2 3a08 31c7 31c7 31c7 31c7 31c7 31c7 31c7 31c7 4229 7bf0 7c0f 8c71 9492 73ae 39e7 31c7 31c7 31c7 31c7 39e7 8c71 4a48 31c7 31c7 31c7 31c7 31c7 31c7 31c7 31c7 39c7 8c71 5aeb 39c7 31c7 31c7 31c7 31c7 31c7 31c7 31c7 39e7 7bce a513 630b 8c70 5289 8c50 a513 6b2c 630a a513 840f 7bce 632c 4a49 3a08 31c7 31c7 31c7 31c7 31c7 31c7 31c7 6b8e 4a89 31e7 31c7 31c7 31c7 31c7 31c7 31c7 31c7 39e7 8430 52aa 31c7 31c7 31c7 31c7 31c7 31c7 31c7 31c7 31c7 840f 5aeb 31c7 31a7 31c7 31c7 31c7 31c7 31c7 31c7 39e7 7bef 632c 31c7 31c7 31c7 31c7 31c7 31c7 31c7 31c7 39c7 6b8d 6b8d 31c7 31c7 31c7 31c7 31c7 31c7 31c7 31c7 31c7 634d 73ae 31c7 31c7 31c7 31c7 31c7 
31c7 31c7 31c7 52ca 7bef 31c7 31c7 31c7 31c7 31c7 31c7 31c7 31c7 31c7 4a89 840f 31c6 31c7 31c7 31c7 31c7 31c7 31c7 31c7 31c7 4a69 8c71 39e7 31c7 31c7 31c7 31c7 31c7 31c7 31c7 31c7 4a69 8c92 31c7 31c7 31c7 31c7 31c7 31c7 31c7 31c7 31c7 3a08 9cf3 4228 31c7 31c7 31c7 31c7 31c7 31c7 31c7 31c7 3a07 8c91 4208 39c7 31c7 31c7 31c7 31c7 31c7 31c7 31c7 39e8 8cb1 4a69 31c7 31c7 31c7 31c7 31c7 31c7 31c7 31c7 39e7 8c71 4a69 31c7 31c7 31c7 31c7 31c7 31c7 31c7 31e7 31c7 8450 5aeb 31c7 31c7 31a7 31a7 31c7 31c7 31c7 3a08 4a69 7bce a513 5aa9 a533 62ea 6b6c a513 9cf2 5289 7bee 9492 8c30 9492 8c71 8410 7bef 738e 31c7 31a7 31c7 31c7 31e7 5b0c 638d 31e7 31c7 31c7 31c7 31c7 31c7 31c7 31c7 31c7 634c 8410 31c7 31c7 31c7 31c7 31c7 31c7 31c7 31c7 31c6 4aaa 7bef 39e7 31c7 31c7 31c7 31c7 31c7 31c7 31c7 31c7 52aa 94b2 31c7 31c7 31c7 31c7 31c7 31c7 31c7 31c7 31c7 4229 8451 39e7 31c7 31c7 31c7 31c7 31c7 31c7 31c7 31c7 4a49 9cf3 39e7 31c7 31c7 31c7 31c7 31c7 31c7 31c7 31c7 31a7 94b2 3a08 31c7 31c7 31c7 39c7 31c7 31c7 31c7 31a7 52cb 7c10 7c0f 8c71 9492 8c71 4a69 31c7 31c7 31c7 31a7 31c7 8c71 4248 31c7 31c7 31c7 31c7 31c7 31c7 31c7 31c7 31c7 8c71 5acb 39c7 31c7 31c7 31c7 31c7 31c7 31c7 31c7 31c7 7bee 9cf2 632b a513 6b2c 6b2c a513 9491 5268 8c50 840f 7bce 630c 4228 4249 39e7 31c7 31c7 31c7 31c7 31c7 31e7 6b8e 4a89 31e7 31c7 31c7 31c7 31c7 31c7 31c7 31c7 39e7 8430 52aa 31c7 31c7 31c7 31c7 31c7 31c7 31c7 31c7 31c7 8410 5aeb 31c7 31c7 31c7 31c7 31c7 31c7 31c7 31c7 31e7 7bef 632c 31c7 31c7 31c7 31c7 31c7 31c7 31c7 31c7 39c7 6b8d 6b8d 31c7 31c7 31c7 31c7 31c7 31c7 31c7 31c7 31c7 634d 73ae 31c7 31c7 31c7 31c7 31c7 
31c7 31c7 31c7 52ca 7bef 31c7 31c7 31c7 31c7 31c7 31c7 31c7 31c7 31c7 4a89 840f 31c6 31c7 31c7 31c7 31c7 31c7 31c7 31c7 31c7 4a69 8c71 39e7 31c7 31c7 31c7 31c7 31c7 31c7 31c7 31c7 4a49 8c91 31c7 31c7 31c7 31c7 31c7 31c7 31c7 31c7 31c7 3a08 9cf3 4207 31c7 31c7 31c7 31c7 31c7 31c7 31c7 31c7 39e7 8c91 4228 39c7 31c7 31c7 31c7 31c7 31c7 31c7 31c7 39e8 8cb1 4a69 31c7 31c7 31c7 31c7 31c7 31c7 31c7 31c7 31c7 8c71 4a69 31c7 31c7 31c7 31c7 31c7 31c7 31c7 31e7 31c7 8c50 5b0b 31c7 31c7 31a7 31c7 31c7 31c7 31c7 4a49 4a48 73ae a513 5aaa 8c50 5269 94b1 a513 738d 5aa9 9cf2 9cd2 9472 9472 9471 840f 7bf0 7bf0 39c7 31a7 31c7 31c7 31c6 5b0b 6b8e 31c7 31c7 31c7 31c7 31c7 31c7 31c7 31c7 31c7 634c 840f 31c7 31c7 31c7 31c7 31c7 31c7 31c7 31c7 31c6 528a 7bef 39e7 31c7 31c7 31c7 31c7 31c7 31c7 31c7 31c7 52aa 94b2 31c7 31c7 31c7 31c7 31c7 31c7 31c7 31c7 31c7 4229 8c51 39e7 31e7 31c7 31c7 31c7 31c7 31c7 31c7 31c7 4a49 9cf3 39e7 31c7 31c7 31c7 31c7 31c7 31c7 31c7 31c7 31a7 94b2 3a08 31c7 31c7 31c7 31c7 31a7 31a7 31c7 31c7 632c 8410 8410 8c50 9492 94b2 5b0c 31c7 31c7 31c7 31c7 31c7 8c71 4248 31c7 31c7 31c7 31c7 31c7 31c7 31c7 31c7 31c7 8c71 5acb 39c7 31c7 31c7 31c7 31c7 31c7 31c7 31c7 39e7 632b 9cd2 630b a513 9471 5269 8c50 ad13 6b4c 62ea 83ef 7bce 630b 39e7 4a6a 39e8 31c7 31c7 31c7 31c7 31c7 31e7 6b8e 4a8a 31e7 31c7 31c7 31c7 31c7 31c7 31c7 31c7 39e7 8430 52aa 31c7 31c7 31c7 31c7 31c7 31c7 31c7 31c7 31c7 7c30 5aeb 31c7 31c7 31c7 31c7 31c7 31c7 31c7 31c7 31e7 7bef 632c 31c7 31c7 31c7 31c7 31c7 31c7 31c7 31c7 39c7 6b8d 6b8e 31c7 31c7 31c7 31c7 31c7 31c7 31c7 31c7 31c7 634d 73ae 31c7 31c7 31c7 31c7 31c7 
31c7 31c7 31c7 52ca 7bef 31c6 31c7 31c7 31c7 31c7 31c7 31c7 31c7 31c7 4a89 7c0f 31c6 31c7 31c7 31c7 31c7 31c7 31c7 31c7 31c7 4a69 8c71 39e7 31c7 31c7 31c7 31c7 31c7 31c7 31c7 31c7 4a49 8c71 39e7 31c7 31c7 31c7 31c7 31c7 31c7 31c7 31c7 3a08 9cf3 4207 31c7 31c7 31c7 31c7 31c7 31c7 31c7 31c7 39e7 8c91 4228 39c7 31c7 31c7 31c7 31c7 31c7 31c7 31c7 39e8 9491 4a69 31c7 31c7 31c7 31c7 31c7 31c7 31c7 31c7 31c7 8c71 4a69 31c7 31c7 31c7 31c7 31c7 31c7 31c7 31c7 31c7 8c50 5b0b 31c7 31c7 31c7 31c7 31c7 31c7 3a08 4a69 4a48 7bae a513 5a89 62eb 736d ad13 9cd2 5289 738d a533 9cd2 9492 9492 8c71 7c10 7bf0 7bf1 31eb 29cb 31ca 31c9 31c8 5b0d 6b8e 39c7 31c7 31c7 31c7 31c7 31c7 31c7 31c7 31c7 634c 8410 31c7 31c7 31c7 31c7 31c7 31c7 31c7 31c7 31c7 5289 7bef 39e7 31c7 31c7 31c7 31c7 31c7 31c7 31c7 31c7 52aa 94b2 31c7 31c7 31c7 31c7 31c7 31c7 31c7 31c7 31c7 4229 8c51 39e7 31c7 31c7 31c7 31c7 31c7 31c7 31c7 31c7 4a69 9cf3 39e7 31c7 31c7 31c7 31c7 31c7 31c7 31c7 31c7 31c7 94b2 4208 31e7 31c7 31c7 31c7 31c7 3a08 4249 5aec 7bf0 7bf0 8410 8430 94b2 94b2 6b6d 31c7 31c7 31c7 31c7 31c7 8c71 4248 31c7 31c7 31c7 31c7 31c7 31c7 31c7 31c7 31c7 8c71 5aeb 39c7 31c7 31c7 31c7 31c7 31c7 31c7 31c7 31c7 4a49 8c71 630b a513 a533 62ea 632b a513 9491 5289 630b 7bce 630c 39e7 4a6a 4a49 39c7 39c7 31c7 31c7 31c7 39e7 738e 4a89 31e7 31c7 31c7 31c7 31c7 31c7 31c7 31c7 39e7 8430 52aa 31c7 31c7 31c7 31c7 31c7 31c7 31c7 31c7 31c7 7c30 5aeb 31c7 31c7 31c7 31c7 31c7 31c7 31c7 31c7 31c7 7bef 632c 31c7 31e7 31c7 31c7 31c7 31c7 31c7 31c7 39c7 738d 738d 31c7 31c7 31c7 31c7 31c7 31c7 31c7 31c7 31c7 634d 73ae 31c7 31c7 31c7 31c7 31c7 
31c8 31c7 31c7 52ca 7bef 31c6 31c7 31c7 31c7 31c7 31c7 31c7 31c7 31c6 4a88 840f 31c6 31c7 31c7 31c7 31c7 31c7 31c7 31c7 31c7 4a49 8430 39e7 31c7 31c7 31c7 31c7 31c7 31c7 31c7 39c7 4a49 8c72 39c7 31c7 31c7 31c7 31c7 31c7 31c7 31e7 31c7 3a08 9d13 4228 31c7 31c7 31c7 31c7 31c7 31c7 31e7 31c7 3a07 8c91 4208 39c7 31c7 31c7 31c7 31c7 31c7 31c7 31a7 39e8 9491 4a48 31c7 31c7 31c7 31c7 31c7 31c7 31c7 31a7 39e7 8c72 4a49 31c7 31c7 31c7 31c7 31c7 31c7 31c7 31c7 31c7 8450 5b0b 31c7 31c7 31e7 31c8 31c7 31c7 4a69 4228 4228 7bae a513 5aa9 5289 9cb2 a533 738d 4a68 738d ad33 a4f3 9492 9492 8c51 8410 7bf1 6b94 3a75 3257 3235 3213 3210 52f1 5b31 31ca 31a9 31a8 31a8 31c7 31c7 31c7 31c7 31c6 634c 8430 31c7 31c7 31c7 31c7 31c7 31c7 31c7 31c7 31c7 528a 7bef 39e7 31c7 31c7 31c7 31c7 31c7 31c7 31c7 31c7 52aa 94b2 39e7 31c7 31c7 31c7 31c7 31c7 31c7 31c7 31c7 4229 8451 39e7 31c7 31e7 31c7 31c7 31c7 31c8 31c7 39c7 4a49 9cf3 39c7 31c7 31c7 31c7 31c7 31c7 31e7 31e7 31c7 31c7 94d2 4208 39e7 4269 5aec 7bf0 9d34 c638 df1c f7bf ce7a 8410 7c10 8430 9492 9492 73cf 31c7 31c7 31a7 31c7 31c7 8c71 4248 31c7 31c7 31c7 31c7 31c7 31c7 31c7 31a7 39c7 8c72 5aeb 39c7 31c7 31c7 31c7 31c7 31c7 31c8 31c7 31c7 4248 632c 630b 9cf2 a533 630b 5268 8c50 a513 6b6c 5269 7bce 632c 39e7 4229 4a49 4208 31c7 31c7 31c7 31c7 39c7 738e 4a69 31e7 31c7 31c7 31c7 31c7 31c7 31c7 31c7 39e7 8450 4aaa 31c6 31c7 31c7 31c7 31c7 31a7 31a7 31c7 31c7 8430 5aeb 31c7 31c7 31c7 31c7 31c7 31c7 31c7 31c7 31c7 7bef 632c 31c7 31c7 31c7 31c7 31c7 31c7 31c7 31c7 31c6 6b8d 6b8d 31c7 31c7 31c7 31c7 31c7 31c7 31c7 31c7 31c7 634d 73ce 31c7 31c7 31c7 31a7 31c7 
29c7 29a6 31e7 52ca 7c0f 31e7 31c7 31c7 31a7 31a7 31c7 31c7 31c7 31c7 4a8a 8430 29a6 31c7 31c7 31c7 31c7 31c7 31c7 31c7 31a7 4a49 8450 39e7 31c7 31c7 31a7 31c7 31c7 31a6 31e7 31c7 4269 8c72 39e7 31c7 31a6 31c7 31e7 31c7 31a7 31c8 31a7 4229 94f3 3a28 31c7 31c7 31c7 31c7 31c7 31c7 31c7 31c7 3a08 8cb2 4228 31c7 31c7 31c7 31c7 29c6 31c7 31c7 31c7 39e8 94b3 4a6a 31a7 31a7 31c7 31c7 31c7 31c7 31c8 31c7 31c7 8c71 4a89 31c7 31c7 31c7 31c7 31c7 31a7 31a7 31c7 31e7 8451 5b0c 31c7 39e8 31c7 31c6 31c6 3a08 4a69 39e7 4248 73ce 9cd2 5289 6b4c a513 9cd2 5289 6b4c 738d a553 94f1 8cb1 94b1 8430 7c10 7bf3 6355 3257 325b 325b 325b 325a 3a7a 3a79 3236 2a12 2a10 29ed 29eb 29ca 31c9 31c8 31c7 632d 8410 39c7 31c7 31a8 31a8 31c8 31c7 29c7 29c6 31e7 4aa9 7bef 31c7 31c7 31c7 31a7 31a7 31c7 31c7 39c7 39c7 52aa 94b2 31c7 29c7 31c7 31c7 31e7 31c7 31c7 31c7 31a7 4208 8451 39e8 31c7 31c7 31c7 31c7 29c6 29c7 31c7 31e7 4269 9cf3 39e8 31c7 31c7 31a6 31a7 31c7 31c7 39e8 4a49 630c b5d7 a534 c638 df1b f79e ffff ffff ffff ffff ffff e71c 8410 83f0 8410 9492 9492 8410 39e7 31c7 31c7 31e7 31e7 8c92 4249 31a7 31a7 31c7 31c7 31c8 31a7 31c7 31c7 31c6 8471 52eb 31c7 31c7 31c7 31c7 31c7 31a7 31a7 31c7 39c7 630c 4a6a 5acb a534 a533 632b 630b 630b a513 9491 5289 7bef 5b0b 39e7 4228 4229 4249 39c7 39c8 31c7 31a6 31c6 6bae 4a8a 31c7 31c7 31c7 31c7 31c7 31a7 31c7 31c7 31c7 8431 52ab 31c7 29c6 29c7 31e7 31c7 31c7 31c7 31c7 39e8 7c10 52cb 31c7 31c7 31a7 31a7 39c7 31c7 31c7 29c6 31e7 7c0f 5b2c 31c7 31c7 31c7 31a7 31c7 31c7 31a7 39c7 31a7 738e 738e 31c7 31c7 31c7 31c7 31c7 31c7 31c7 31c7 31a6 634d 73ae 31e7 31c7 31c7 31c7 31e8 
39e8 39e8 39e7 4a89 5b0c 39e8 39e8 39e8 31c7 31c7 31c7 31e8 39e8 39e8 4229 5b0c 31c7 39e8 31e8 31c7 31a7 31c7 39e8 39e8 39e7 4229 632c 3a08 31e8 39e8 31c7 31c7 31c7 31e7 39e8 39e8 4249 634d 39e8 39e8 39e8 31c7 31c7 31c7 39e8 39e8 39e7 3a08 6b8e 3a08 39e8 39c8 31e8 31c7 31c7 31e7 31c7 39e8 3a08 634d 4229 39e8 39e8 31e8 31c7 31c7 31c7 39e8 31c7 39e8 6b6d 4229 39e8 39e8 31e7 31c7 31c7 31e7 31e8 39e8 39e7 634d 4249 39e8 31c7 31c7 31c7 31c7 39c8 39e8 39e8 39e8 632d 4a8a 31c7 39e8 31e7 31c7 39e7 4a49 3a08 31c7 4228 7bce 840f 4a69 9cd2 a513 738d 5aea 73ce 5aca 73ae 8c71 8c91 9492 8430 8411 73f3 5b35 3a78 2a5b 325c 325c 325b 325b 327b 327a 327a 325a 3259 3258 3235 3233 2a0f 2a0c 4acd 5b2e 31e9 31e8 31e8 31e7 31c7 31c7 31e7 39e8 31e7 4249 5b0c 39e8 39e8 39e8 31e7 31c7 31c7 39c8 39e8 39e7 4a69 6b4d 39e8 39e8 39e8 31e7 31a7 31c7 31c8 39e8 39e8 4229 634d 3a08 31c7 31e8 31e7 31c7 31c7 39e8 31e7 39e8 4249 6b8e 3a08 31c7 39e7 4229 5aeb 7bef 9d14 c659 df1c ef9e ffff ffff ffff ffff ffff ffff ffff ffff ffff ffff f79e 8430 83f0 8410 8c71 9492 8c71 4208 39e8 39e8 31e7 31e7 634d 4229 39e8 39e8 31c7 31c7 31c7 31c7 31e8 31e7 39e7 634d 4a8a 39e8 39c8 39e8 31c7 31c7 31e8 31e7 39e8 39e8 5aec 4a6a 4a8a 738e 73ce 5aeb 8c30 5269 8c50 a533 6b6d 5aeb 5b0c 39e8 4228 31c7 4a69 3a08 39e7 39c8 31e7 39e8 52cb 4249 39e8 39e8 39e8 31c7 31c7 31e8 39e8 31e8 39e8 632d 4249 39e8 39e8 31e7 31c7 31c7 31e8 39e8 39e8 39e8 5b0c 4a8a 39e8 39e8 39e8 31c7 31c7 31c7 39e8 39e8 39e7 5b0c 4a8a 39e8 39e8 39e8 31c7 31c7 31c7 39e8 39e7 39e8 52cb 52cb 39e7 39e8 31e8 31c7 31c7 31c7 31e8 31c8 39e8 52ab 52cb 39e8 39e8 39e8 31e7 31c7 
3a09 3a29 3a08 39e8 31e7 3a08 3a08 3a09 3a08 31c8 39e8 3a09 3a09 3a08 39e8 39e8 3a08 3a09 3a08 3a08 31c7 39e8 3a08 4209 3a08 3a08 39e8 3a08 3a08 3a09 3a08 31c7 39e8 3a08 3a08 3a08 39e8 31c7 39e8 4209 3a08 3a08 31c7 39e8 3a09 3a09 3a08 39e8 39e8 39e8 3a09 39e9 3a09 31c8 31e8 3a08 3a08 3a08 3a08 39e8 39e8 3a08 3a08 3a08 39e8 31c7 3a08 3a08 3a08 39e8 39e8 39e8 3a08 3a08 3a08 39e8 31e8 3a08 3a08 3a08 39e8 39e8 39e8 3a29 3a08 3a08 31c7 31e8 39e8 3a09 3a08 39e8 3a08 39e8 3a08 3a08 3a08 39e8 4208 4a49 31c7 31c7 4249 73ae 5aea 738d a513 9cb2 5289 7bce 4228 3a08 3a08 8431 94b2 9492 8410 7bf2 73f4 4ad5 3279 325c 327c 325c 325c 325c 325c 325c 327c 2a7c 2a5b 325b 327b 325b 325b 325a 3a59 3a36 3a33 320f 3a0a 3a07 31c7 39e8 3a08 3a08 3a08 31e7 31e7 3a08 3a08 3a09 3a08 31c8 39e9 3a09 3a08 3a08 39e8 39e8 3a08 3a08 3a08 3a08 31c7 39e8 3a29 3a09 3a08 39e8 39e7 39e8 3a08 3a08 3a08 31c7 39e8 3a08 3a08 3a08 39e8 39e8 4a8a a514 ce59 e73c f7be ffdf ffff ffff ffff ffff ffff ffff ffff ffff ffff ffff ffff ffff ffff ffff f7be 8c71 8410 8410 8c71 94b2 8c72 4a6a 3a08 3a29 3a08 3a08 39e8 39e8 3a08 3a08 3a08 31c7 31c7 3a08 3a08 3a08 39e8 39e8 39e8 3a08 3a09 3a09 31e7 31e7 3a08 3a28 3a08 3a08 39e8 39e8 39e8 3a08 3a08 4a69 94b2 6b4c 5aea a513 9491 5289 4a69 3a08 4228 31c7 4228 4a69 3a08 3a08 39e8 3a08 31e8 39e8 3a08 3a08 3a08 31e8 31e8 3a08 3a09 3a08 3a08 39e7 39e8 3a08 3a08 3a08 31e8 31c7 3a08 3a08 3a08 3a08 39e8 39e8 3a08 3a09 3a09 39e8 31c7 3a08 3a08 3a09 3a08 39e8 39e8 3a08 3a29 3a09 3a08 31c7 39e8 3a09 3a08 3a08 3207 3a08 3a08 3a08 3a08 3a08 31c8 3a08 3a09 3a09 3a08 39c8 39e8 3a08 3a09 3a09 39e8 31c7 
3a09 39e9 31e8 39e8 31e8 31e8 39e8 3a09 3a09 31e8 3a09 3a09 39e8 39e8 39e8 39e8 31e8 3a08 3a08 3a08 31c7 3a08 3a08 3a08 31e8 39e8 39e8 31e8 39e8 3a09 3a09 31e8 3a08 3a29 3a08 31e8 39e8 39e8 31e8 39e8 3a08 3a09 31c7 39e8 3a09 3a09 39e8 39e8 39e8 31e8 39e8 3a09 3a09 39e8 39e8 3a08 3a09 39e8 31e7 31c7 39e8 39e8 3a09 3a09 39e8 31e8 3a29 3a08 39e8 31e8 39e8 31c7 39e8 3a08 3a08 39e8 31c8 3a09 3a08 39e8 31e8 39e8 31e8 39e8 3a08 3a09 39e8 31e8 3a09 3a08 39e8 39e8 39e8 39e8 31e8 3a08 3a09 3a08 4a49 4208 31c7 39e7 4249 528a 5289 9cd2 a513 736d 5aca 8c71 4228 3a08 4229 8451 94b2 9472 83f0 7bf2 73f6 42b5 3a79 325c 327c 325c 325c 325c 325c 325c 325c 325c 325c 325b 327b 325b 325c 325c 325c 325b 3259 3a55 31ed 3a09 31c8 3a09 3a09 3a08 39c8 39e8 39e8 31c7 39e8 3a09 3a09 31c8 3a09 3a09 3a09 31e8 39e8 39e8 31e8 39e8 3a08 3a08 39e8 39e8 3a29 3a08 39e8 39e8 31e8 31e8 39e8 3a09 3a08 31c7 39e8 3a09 3a08 39e8 31e8 39e8 94d3 ffff ffff ffff ffff ffff ffff ffff ffff ffff ffff ffff ffff ffff ffff ffff ffff ffff ffff ffff ffff 9cf3 8410 7bef 8451 9492 94b2 52cb 3a29 3a08 31e8 31e8 39e8 39e8 39e8 3a08 3a29 39e8 31c7 3a08 3a08 39e8 39c8 39e8 39e8 39e8 3a08 3a09 39e8 39e8 3a08 3a08 31e8 31e8 31c8 39e8 39e8 39e8 3a08 4a49 9cd2 94b1 4a68 8c2f a513 6b4c 4a69 3a08 4229 31c7 39e7 4a69 3a29 3a08 31e8 39e8 39e8 31e8 39e8 3a08 3a08 39e8 31e8 3a29 39e8 39e8 39e8 39e7 39e8 39e8 3a08 4229 39e8 31c7 3a08 3a08 39e8 39e8 39c8 39e8 39e8 39e8 3a09 39e8 31e8 3a08 3a09 39e8 39e8 39e8 39e8 39e8 3a08 3a09 3a08 31c8 3a09 3a09 3a08 31e8 31e8 31e8 39e8 39e8 3a08 3a08 31c8 3a08 3a09 39e8 39e8 39e8 39e8 31e8 39e8 3a09 3a08 31c7 
3a09 39e8 39e8 39e8 39e8 31e8 39e8 39e8 3a08 39e8 3a08 3a08 39e8 39e8 31e8 39e8 39e8 39c8 39e8 3a08 31c7 3a08 3a08 39e8 31c8 39e8 31e8 39e8 39e8 39e9 3a08 31e8 3a08 3a08 39e8 39e8 39e8 39e8 31e8 31e8 39e8 3a08 39e8 39e8 3a08 39e8 31e8 39e8 39e8 39e8 39e8 39e8 3a09 31e8 39e8 3a08 31e8 39e8 31e8 39e8 39e8 31e8 39e8 3a08 39e8 39e8 3a08 39e8 39e8 39e8 39e8 39e8 39e8 39e8 3a08 39e8 39e8 3a08 39e8 39e8 31e8 31e8 31e8 31e8 39e8 3a09 39e8 31e8 3a09 39e8 31e8 39e8 39e8 39e8 39e8 39e8 3a08 4229 4a6a 4208 39e7 39e8 4a49 4a49 73ad a513 9cb2 5289 840f 9492 3a08 39e8 4249 9472 9491 8c71 83f0 7bf2 73d6 4295 3a79 325c 325c 325c 325c 325c 325c 325c 325c 325c 325c 325c 325c 325c 325c 325b 327b 327b 327a 3255 31ed 3a0a 31e8 3a09 39e8 39c8 39e8 39e8 39e8 31e8 39e8 39e8 3a09 31c8 3a09 39e8 31e8 39e8 31e8 31e8 39e8 39e8 39e8 3a08 31c7 39e8 3a09 39e8 39e8 39e8 39e8 39e8 39e8 39e8 3a08 31c7 39e8 3a08 39e8 39e8 39e8 39e8 8c71 ffff ffff ffff ffff ffff ffff ffff ffff ffff ffff ffff ffff ffff ffff ffff ffff ffff ffff ffff ffff b596 8410 8410 8430 9492 9492 632d 3a08 39e8 31e7 39e8 39e8 31e8 39e8 39e8 3a08 39e8 31e8 3a08 39e8 39e8 39e8 39e8 39e8 39c8 39c8 3a09 39e8 31c7 3a28 3a08 31e8 31e8 31e8 31e8 31e8 31e8 3a08 4a69 9cd2 a513 632b 62ea a4f2 9c91 5289 4229 4229 39c7 31c7 4a69 4269 39e8 31e7 39e8 39e8 39e8 31c8 39e8 3a08 39e8 39e8 3a08 39e8 39e8 39e8 39e8 31e8 39e8 39e8 3a09 39e8 31c8 3a08 39e8 39e8 39e8 39e8 31e8 39e8 39e8 3a08 3a08 39e8 3a08 3a08 39e8 39e8 39e8 31e8 31e8 31e8 3a08 3a08 31e7 3a08 3a08 31e8 31e8 31e8 31e8 31e8 39e8 3a08 3a08 31e8 3a08 3a08 31c8 39e8 39e8 39e8 39e8 39e8 39e8 3a08 31c7 
39e8 31e8 39e8 31e8 39e8 31e8 39e8 39c8 3a08 39e7 3a08 39e8 31e8 39e8 31e8 39e8 39e8 39e8 3a08 3a08 3a08 39e8 39e8 39e8 31c8 39e8 39e8 39e8 31e8 39e8 3a08 39e8 3a08 39e8 39e8 39e8 31e8 39e8 39e8 39e8 39c8 3a08 39e7 39e8 39e8 39e8 39e8 31e8 31e8 39e8 31e8 39e8 3a08 3a08 3a08 3a08 39e8 39e8 39e8 39e8 39e8 39e8 31c8 3a08 3a08 39e8 3a08 39e8 39e8 39e8 39e8 39e8 39e8 31e8 3a08 39e8 39e8 3a08 31e8 39e8 3a08 31e8 39e8 31e8 39e8 39e8 3a08 39e8 3a08 39e8 39e8 39e8 39e8 39e8 39e8 39e8 39e8 4a6a 4a49 4228 39e7 4208 4a49 5289 9cb2 a513 738d 4a48 8c50 9491 3a08 39e8 528a 9492 9492 8c51 8410 7c12 6b96 4276 325a 325b 325b 325b 325c 325c 325c 325c 325b 325c 325b 325c 327c 327c 2a7c 2a5c 325c 325b 3279 3234 29ab 3a29 3208 3a08 31e8 31e8 39e8 31e8 39e8 39e8 39e8 39e8 3a08 39c8 4209 39e8 39e8 39e8 39e8 31e8 39e8 39e8 39e8 3a08 39e8 39e8 39e8 31c7 39e8 39e8 31e8 39e8 31e8 39e8 3a08 39e8 3a08 3a08 31c8 31e8 39e8 39e8 6b8e ffff ffff ffff ffff ffff ffff ffff ffff ffff ffff ffff ffff ffff ffff ffff ffff ffff ffff ffff ffff c638 8410 7bef 8410 9492 9492 73ae 3a08 39c8 39e8 39e8 39e8 39e8 39e8 31c8 3a08 39e8 31e8 3a08 39e8 39e8 31e8 31e8 39e8 39e8 39e8 39c8 3a08 39e8 3a08 39e8 31e8 31e8 31e8 31e8 31e8 31e8 39e8 4249 9cd2 a513 6b6c 4a68 8c2f a513 6b6c 4a69 4228 39e7 3a07 4a49 4a69 3a08 31e7 39e8 39e8 39e8 39e8 31c8 3a08 39e8 39e8 3a08 31c7 31e8 31e7 39e8 39e8 39c8 39e8 3a08 3a08 39e8 3a08 39e8 39e8 39e8 39e8 39e8 39e8 39e8 3a08 39e8 39e8 4209 39e8 39e8 39e8 39e8 39e8 39e8 31e8 31e8 39e8 31e8 3a08 39e8 31e8 31e8 31e8 31e8 39e8 31c8 39e8 3a08 3a08 3a08 39e8 39e8 31e8 31e8 39e8 39e8 39e8 39e8 3a08 3a07 
31e8 39e8 31e8 31e8 31e8 39e8 39e8 31e7 3a08 6b8e 4229 39e8 39e8 39e8 39e8 39e8 39e8 31e7 39e7 3a08 73ce 4269 3207 31e8 39e8 39e8 39e8 39e8 39c8 39c7 39e8 738e 4a8a 39e8 39e8 39e8 39e8 39e8 39e8 31e8 39e8 39e8 6b8e 4aaa 3a08 39e8 31e8 31e8 31e8 31e8 39e8 39e8 39e8 636d 5aec 39e8 39e8 39e8 39e8 39e8 39e8 39e8 31e8 39e8 634d 632c 39e8 39e8 39e8 39e8 39e8 39e8 39e8 39e8 39e8 5b0c 632d 39e8 31e8 39e8 39e8 39e8 39e8 39e8 39e8 39e8 5aec 73af 39e8 31e8 39e8 39e8 39e8 39e8 31e8 39c8 4229 52aa 73ae 6b6d 8c71 8430 4a69 738d a533 9cb1 5269 5aca 8c50 9491 3a08 39e8 630c 9492 9492 8c31 8410 7bf3 6376 3a77 325a 325c 325c 325c 325c 325c 325c 325c 327b 327b 325c 325c 2a5c 2a7c 2a7c 2a7c 327b 327a 3278 3213 31cb 3a08 7c0f 3a07 39e8 31e8 39e8 39e8 39e8 39e8 39e8 39e7 3a08 8c71 4a69 39e8 39c8 39e8 39e8 31e8 39e8 39e8 39e8 39e8 6bae 4269 39e8 39e8 31e8 31e7 39e8 39e8 39e8 39c8 3a08 7c10 52ab 31c7 31e8 31e8 31e8 39e8 5aeb ffdf ffff ffff ffff ffff ffff ffff ffff ffff ffff ffff ffff ffff ffff ffff ffff ffff ffff ffff ffff dedb 8410 8410 8410 9492 8c92 7c10 3a08 39e8 39e8 39e8 39e8 31e8 39e8 39e8 39e8 5b0c 73af 39e8 39e8 39e8 31e8 31e8 31e8 31e8 39e8 39e8 4a8a 6b8e 39e8 39e8 39e8 39e8 39e8 39e8 39e8 39e8 39e8 4248 9cd2 a533 6b6c 62eb 5aca a4f2 9cb1 5269 6b2c 8c71 8430 4a69 4249 4249 39e8 31e8 39e8 39e8 31e8 31e8 39e8 52eb 6b8e 39e8 31c7 39e8 39e7 31e7 39e8 39e8 39e8 3a08 52cb 73af 3a08 31c7 39e8 39e8 39e8 39e8 31e8 39e8 31c7 52ab 73af 3a08 31e8 39e8 39e8 39e8 3a08 31e8 39e8 39e8 4a69 7bef 39e8 39c8 31e8 31e8 39e8 39e8 39e8 39e8 39e8 4249 6bce 3a48 39e7 39e8 31e8 31e8 31e8 39e8 31e8 39e8 4248 6bad 
39e8 39e8 39c8 39e8 39e8 39e8 39e8 39e7 3a07 7c30 4228 39e7 31e7 31e7 31e7 39e8 39e8 39e8 31c7 3a08 8471 4a89 31e7 39e7 39e8 39e8 39e8 39e8 39e8 39e8 39e7 7c0f 52aa 39e8 39e8 39c8 39e8 39e8 31e8 39e8 3a08 3a08 7bef 52ca 3207 31e7 31e7 31c7 3a08 39e8 31c8 39c8 31c7 6b8e 5b0c 39e8 39e8 39e8 39e8 31c7 31e8 31e8 31e8 31e8 73af 738e 39e8 39e8 39e8 39e8 31e7 31e7 39e8 39e8 31e7 636d 6b8e 39e8 31e7 31c7 39e8 39e8 39e8 39c8 39e8 39e7 632d 7c10 3a08 39e8 39e7 39e8 31e8 31e7 31e8 31e7 4a69 5acb 8c30 7bae a533 83ef 5289 9cd2 ad33 734c 5aca 7bce 842f 94b1 39e7 31c7 6b6e 9492 9493 8411 8410 73f3 5336 3a58 327b 325c 325c 325c 325c 325c 325c 325c 325d 325d 325c 325c 325c 325c 325c 325c 325c 327b 3277 2a11 31ca 3a08 8c92 3a08 39e8 39e8 39e8 39e8 39e8 39e8 39c8 39e7 3a07 9d34 4a89 39e7 39e7 39e8 39e7 39e7 39e8 39e8 39c8 39e8 8451 426a 31e8 31e7 3208 3208 31e7 31e8 39e8 39e8 39e7 8c92 630c 39e8 31e8 31e8 31e8 39e8 4229 ef5d ffff ffff ffff ffff ffff ffff ffff ffff ffff ffff ffff ffff ffff ffff ffff ffff ffff ffff ffff e73c 8430 8410 8410 8c91 94b2 8c51 3a08 39e8 31e7 39e8 39e8 39e8 39e8 39e8 31c7 634d 7c50 31e7 31e7 31e7 39e8 39e8 39e8 39e8 39e8 39e8 52ab 7c10 3a08 39e8 39e8 31e8 39e8 39e8 39c8 39c8 39e8 4a49 9cd2 ad33 6b6c 840f 5289 840f ad33 738d 5aca a4f3 9cd2 4a69 39e7 4a69 4229 39c8 39e8 39e8 39e8 39e8 31e7 5b2c 7bf0 39e8 39e8 39e8 3207 31e7 31e7 31e8 39e8 31c8 5b0c 8430 39e7 39e7 39e7 31e7 39e8 39e8 39e8 39e8 31e7 52cb 8430 3a08 39e8 39e8 39e8 39e8 39e8 39e8 31e8 39e8 4a8a 8451 3a08 39e7 39e8 39e8 31c7 39e8 39e8 39c8 39e7 4249 8450 3a28 31e7 31e7 31e8 31e8 39e8 31e8 31e7 31e7 4248 7c2f 
31e7 31e7 31e7 39e8 39e8 39e8 39e8 39e8 39c7 7c10 4228 39e8 39e8 39e8 31e8 31e8 31c7 31e7 39e8 39e7 8450 4a89 39e7 39e8 31c7 31c7 39e8 39e8 39c8 39e8 39e7 842f 4a89 31e7 31e7 31e7 39e8 39e8 39e8 39e8 31c7 31c7 7bef 52aa 39e8 31c8 39e8 39e8 31e7 31e7 31e8 31e8 31e7 6bae 5b0c 39e8 31c7 31c7 39e8 39e8 39c8 39e8 39e8 39e7 6bad 6b8d 31e7 39e8 31e8 39e8 39e8 39e8 31c7 39e7 39e7 634c 738e 39e8 39e8 39e8 31c7 31e7 3208 3a08 31e8 39e7 634c 8430 31c7 31c8 31e8 39e8 39e8 39e8 39e8 4229 4269 52a9 8450 73ce a513 52a9 738d ad33 9491 5269 8c2f 7bce 8430 9492 39e8 39e8 73ae 9491 8cb1 7c10 7bf0 7bf4 5318 325a 325b 325c 325c 325c 325c 325c 325c 325c 325c 327b 325c 325c 325c 325c 325c 325c 2a5b 3259 3a76 29d0 31ca 4209 8c72 4208 31e7 31e7 3208 3208 31e8 3a09 31e8 39e8 39e7 9d13 528a 39e8 39e8 39e8 39e8 39e8 31e7 31e7 39e7 39e7 8430 4a69 39e8 39e8 31c7 31c7 31e8 39e8 39e8 39c8 3a07 9492 52eb 31e7 3207 39e8 39e8 39e8 3a08 d6bb ffff ffdf ffff ffff ffff ffff ffff ffff ffff ffff ffff ffff ffff ffff ffff ffff ffff ffff ffff f79e 8c71 8410 8410 8c71 8c91 8c91 4248 39e8 39e8 39e8 39e8 39e8 31e7 31c7 31e7 6b4d 8430 39c7 39e8 39e8 31e7 31e7 31e7 31e8 31e8 39e7 52ca 8410 39e7 31c7 39e8 39e8 39e8 39e8 39e8 39e8 31e7 3a08 8c70 a534 6b6c 9471 6b8d 5aeb a4f2 9cb1 5289 840f 9cb2 4a49 39e8 4229 4249 39e7 31e7 31e8 31e8 31e8 31e7 632c 7bef 39c7 39e8 39e8 39e8 39e8 39e8 39e8 31e7 31c7 5b2c 8430 39e8 39e8 39e8 39e8 31e7 31e8 39e8 39e8 39e7 5acb 8431 3a08 31e7 31e7 31e8 31e8 39e8 39e8 39e8 39e8 4a69 8430 39e7 39e8 39e8 39e8 39e8 39e8 31e7 31e7 39e7 4248 8450 4227 39e7 39e8 31c7 31c7 31e8 31e8 31e8 39e8 4248 840f 
31e7 31e7 39e8 39e8 39c8 39e8 39e8 39e8 39e7 8410 4228 39e8 31e7 39e8 31e8 39e8 31e7 39e8 39c8 39e8 8450 4a89 39e7 39e8 39e8 39e8 31e8 39e8 31e8 39e8 39e7 7c0f 4a8a 39e7 39e7 39e8 39e7 39e8 39e8 39e8 39e8 39e7 7c0f 52ca 31e7 31e8 31e8 31e8 31e7 31e7 39e8 39e8 31c7 6b8e 5b0c 39e7 31e7 39e8 39e8 39e8 39c8 39e8 39e8 39e7 6b8d 6b6c 39e7 39e8 39e8 31e8 39c8 39e8 39e8 39e8 39e7 634d 6b8e 39e7 39e8 39e8 31e7 39e8 31e8 39e8 39e8 39e7 634c 8430 31e7 31e8 39e8 39e8 31c7 39e8 39e8 4a69 4228 52aa 8430 7bce 7bee 5289 9cd2 a513 6b6c 5aca a533 7bce 842f 8c91 39e7 3a08 8450 9491 8c91 7c10 7c10 7bf4 4ad7 325a 325b 325c 325c 325c 325c 325c 325c 325c 325c 325c 325c 325c 325c 325c 325c 325c 327c 325a 3a56 29b0 31cb 4209 8c72 4208 39e8 39e8 39e8 39e8 39e8 39e7 39e7 31e7 3a07 9d14 4a8a 39e8 39e8 39e8 31e8 39e8 39e8 39e8 39e7 39e7 8430 4a6a 39e8 39e8 39e8 31e8 31e8 31e8 39e8 31e8 39e7 8c92 5b0b 31e7 39e8 31e8 39e8 39e8 39e8 bdd7 ffff ffff ffff ffff ffff ffff ffff ffff ffff ffff ffff ffff ffff ffff ffff ffff ffff ffff ffff ffff 9cd3 8410 8410 8c51 94b2 94b2 4a8a 39e8 39e8 39e8 39e8 39e8 31e8 31e8 31e7 634c 8430 39c7 39e8 39e8 31e7 39e8 31e8 31e8 39e8 39e8 52cb 8410 3a08 39e8 39e8 39e8 31e8 39e8 31e8 31e8 31e7 3a08 630b a533 6b4c 8c70 94b1 5289 842f a533 738d 5aea 94b2 4a69 39e7 39e8 4a69 4228 39e7 31e8 31e8 31e8 31e7 632c 7bef 39e7 39e8 39e8 39e8 39e8 39e8 39e8 39e8 39e7 5b0c 8430 39e7 39e7 39e8 31e8 31e8 31e8 31e8 39e8 39e7 52cb 8430 3a08 39e8 39e8 39e8 31e8 39e8 39e8 39e8 39e8 4a69 8430 39e7 39e7 31e7 31e8 39e8 39e8 31e8 39e8 39e7 4248 8430 4208 39e7 31e8 39e8 39e8 39e8 39e8 3208 31e7 4248 842f 
31e8 39e8 39e8 39e8 39e8 39e8 39e8 39e8 39e7 7c10 4228 39e8 39e8 39e8 31e8 31e8 31e8 39e8 39c8 39e7 8450 4a89 39e7 39e8 39e8 39e8 31e8 31e8 31c8 39c8 39e7 7c0f 4a8a 39e8 31e7 39e8 39e8 39e8 39e8 39e8 39e8 39e7 7c0f 52ca 39e8 31e8 31e8 39e8 39e8 39e8 39e8 39e8 39e7 6b8e 5b0c 39e8 31e7 39e8 39e8 39e8 39e8 39e8 39e8 39e8 6b8d 6b4c 3a07 39e8 31e8 31e8 39e8 39e8 39e8 39c8 39e7 632d 6b8e 39e8 31e8 31e8 39e8 39e8 31e8 31e8 39e8 39e8 634c 8430 39e8 31e8 39e8 39e8 39e7 39c7 4209 4a6a 3a08 52ca 842f 738d 52aa 73ad a533 9491 5288 8c50 a513 7bce 842f 6b8d 3a08 3a08 8c91 9492 8c91 7c10 7bf0 73d4 4297 327a 327b 325c 325c 325c 325c 325c 325c 325c 325c 325c 325c 325c 325c 325c 325c 325c 325b 3a79 3a55 29ce 31c9 4208 8c71 3a08 39e7 31e7 39e8 39c8 39e8 39e8 39e8 39c8 39e8 9cf3 4a8a 39e8 39e8 39e8 31e8 39e8 39e8 39e8 39e7 39e8 8431 4a6a 39e8 39e8 39e8 31e8 39e8 39e8 39e8 39e8 39e7 8c91 5b0b 39e8 39e8 31e8 39c8 39c8 31c7 9d14 ffff ffff ffff ffff ffff ffff ffff ffff ffff ffff ffff ffff ffff ffff ffff ffff ffff ffff ffff ffff a534 8410 8410 8c51 9492 9492 5b0c 31e7 39e8 39e8 39e8 39e8 39e8 39e8 31c7 634d 8430 39c7 39e8 39e8 31e8 31e8 31e8 31e8 39e8 39e8 52cb 8410 39e8 39e8 39e8 39e8 31e8 39e8 39e8 39e8 39e7 4249 5289 8c50 6b4c 9490 a533 736c 5aca a513 94b1 5289 73ae 4a69 31c7 39e8 4a49 4a6a 39e8 39e8 39e8 39e8 39e8 632c 7bef 39e7 39e8 39e8 31e8 39e8 39e8 39e8 39e8 31e7 5b0c 8430 39e8 39e7 39e8 39e8 31e8 31e8 31e8 31e8 39e7 4a8a 7bef 39e8 39e8 39e8 39e8 39e8 39e8 31e8 39e8 39e7 4a69 8430 3a07 39e8 31e8 31e8 31e8 31e8 31e8 39e8 31e7 4249 8450 4228 39e7 31e7 31e8 31e8 39e8 39e8 31e8 39e8 4228 840f 
39e8 39e8 39e8 31e8 31e8 39e8 39e8 39e8 39e7 7c10 4228 39e8 39e8 39e8 31e8 31e8 39e8 39e8 39e8 39e8 8450 4a69 39e8 39e8 39e8 39e8 31e8 31c8 31e8 39e8 39e7 7c10 4aaa 31e7 31e8 31e8 39e8 39e8 39e8 39e8 39e8 39e8 7c10 52cb 31e8 31e8 31e8 31e8 31e8 31e8 39e8 39e8 39e7 6b8e 5b0c 39e8 39e8 39e8 39e8 39e8 39e8 39e8 31e8 31e7 6b6d 6b6d 39e7 39e8 31e8 31e8 39e8 39e8 39e8 31e8 39e8 632d 6b6d 3a08 39e8 39e8 3a08 31e7 31e8 31e8 31e8 39e8 634c 7c10 31e8 31e8 39e8 39e8 39e8 39e8 4a6a 4a6a 3a08 52cb 8450 52a9 52a9 a4f3 a513 6b6c 4a68 9cd2 a533 7bce 7bce 4a89 3a08 4a6a 8c92 9492 8c71 7c10 7c11 73d5 3a77 327b 325b 325c 325c 325c 325c 325c 325c 325c 325c 325c 325c 325c 325c 325c 325c 325c 325c 3a7a 3234 21ad 31ca 3a09 8c72 3a09 31e8 39e8 31c8 39c8 39e8 39e8 31e7 39e7 3a08 9d14 4a8a 39e8 39e8 39e8 31e7 31e7 39e8 39e8 39e8 39e8 8431 4a6a 31e8 31e8 39e8 39e8 39e8 39e8 39e8 39c8 39e7 8c91 5b0c 31e7 39e8 39e8 39e8 4209 4a6a 9cf4 ffff ffff ffff ffff ffff ffff ffff ffff ffff ffff ffff ffff ffff ffff ffff ffff ffff ffff ffff ffff bdf7 8410 8410 8430 9492 9492 6b6d 39e8 39e8 39e8 39e8 39e8 39e8 39e8 31c7 634d 8430 39c8 31e8 31e8 31e8 31e8 31e8 31e8 31e8 39e8 52ab 7c10 39e8 39e8 39e8 39e8 31e8 39e8 39e8 39e8 39e8 52cb 634d 630c 6b6d 8c71 a513 83ef 4a68 842f a513 738d 5289 4a49 39e8 39e8 4a49 4a6a 4209 39c8 39e8 39e8 31c7 5b0c 7c10 39e8 39e8 31c8 31e8 31e8 31e8 31e8 39e8 31e8 5b0c 7c10 39e8 39c8 39e8 39e8 31e8 31e8 39e8 39e8 39e7 52aa 7c0f 39e7 39e8 39e8 39e8 31e8 39e8 39e8 39e8 39e8 4a6a 8430 3a08 39e8 31e8 31e8 31e8 31e8 39e8 39e8 39e8 4249 8430 4228 39e8 39e8 31e8 31e8 39e8 39e8 31e8 31e8 4228 8410 
3a09 3a09 3a09 3a09 31e8 3a08 3a08 3a08 4229 634d 4249 3a08 3a09 3a08 3a08 31e7 3a08 3a08 3a08 3a08 6b8e 4a6a 3a08 3a09 3a08 39e8 31e8 39e8 3a08 3a29 3a08 634d 4a8a 3a08 3a08 3a08 39e8 39e8 3a08 3a08 3a08 3a08 634d 4a8a 3a08 3a08 3a08 31e8 31e8 3a08 3a08 3a08 3a28 5b0c 52cb 3a08 3a28 3a09 3a08 31e8 39e8 3a09 3a09 3a08 5aeb 5aeb 3a08 3a08 3a08 39e8 31e8 39e8 3a09 3a09 3a08 52cb 5aec 4229 3a09 3a09 3a08 39e8 31e8 3a08 3a09 3a08 52cb 6b6d 3a28 3a09 3a08 3a08 31c7 4229 4a69 4249 4208 5acb 8430 4a48 7bce a533 9491 5289 5289 7bef 7c0f 632d 52aa 4249 4229 5aec 9492 9492 8450 7c10 7bf2 6b95 3a77 325b 327c 325c 325c 325c 325c 325c 325c 325c 325c 325c 325c 325c 325c 325c 325c 325c 327c 327b 29f8 2154 2151 2990 52f3 31ed 31cc 39eb 3a0a 31e9 31e8 3a08 3a08 3a09 4229 7bf0 4a6a 3a08 3a08 3a08 31e8 31e7 39e8 3a09 3a08 3a29 6b6e 4249 3a09 3a09 3a09 31e8 31e8 31e8 3a08 4209 4228 738e 52cb 4a8a 5b0c 7c10 a514 bdf8 d6ba ef5d ffff ffff ffff ffff ffff ffff ffff ffff ffff ffff ffff ffff ffff ffff ffff ffff ffff ffff ffff ffff ce59 7bef 8410 8410 9492 9492 73cf 3a08 3a08 3a09 31c8 39e8 3a29 3a08 3a08 5aec 6b6e 3a08 3a08 3a09 3a08 31e8 39e8 3a08 3a08 3a09 4a8a 6b4e 4229 3a29 3a09 3a08 31c8 31e8 3a08 3a09 3a09 52ab 6b6e 4a49 52aa 738e 8c50 7bef 5289 52ca 9d13 94b2 52aa 4249 39e8 39e8 4249 4229 4249 39e8 3a08 3a08 3a08 52cb 6b6e 3a08 39e9 3a09 3a08 31e7 31e8 3a08 3a08 3a09 52ab 632d 3a08 3a08 3a09 3a08 31e8 31e8 39e8 3a08 3a08 4a8a 634d 3a28 3a08 3a29 3a08 31e8 39e8 3a08 3a08 3a08 4a6a 6b8e 3a29 3a08 3a08 3a09 31e8 31e8 39e8 3a09 39e8 4249 6b6e 4229 3a08 3a08 3a08 39e8 31e8 3a08 3a08 3a28 4249 636d 
424a 424a 424a 3a29 3208 3a29 4249 424a 4269 3a29 4229 4249 424a 426a 4229 39e8 4249 426a 424a 4249 4229 4249 424a 424a 424a 4229 31e8 4229 424a 424a 4249 4229 3a29 4269 4249 424a 3a29 31e8 4249 424a 4249 426a 4229 4229 4249 424a 424a 3a29 31e8 3a29 424a 424a 4249 4249 4229 4249 4249 424a 3a29 31e8 3a29 424a 424a 4249 4229 4229 4249 4249 424a 424a 31e8 4229 424a 424a 4249 4229 4229 4249 424a 424a 4249 39e8 3a29 426a 424a 4249 4229 4229 4249 424a 4249 4249 39e8 4a6a 4208 4229 3a08 52cb 7bce 52a9 9cf2 a512 6b4b 630b 630c 4229 4a4a 424a 4229 4229 4229 6b4e 9492 9492 8430 7bf1 7bf3 6375 3278 325b 325c 325c 325c 325c 325c 325c 325c 325c 325c 325c 325c 325c 325c 325c 325c 325c 325c 325b 21b8 1956 1955 2155 1934 2154 2153 2972 2990 29ae 31cc 424b 424a 4249 4249 4249 4249 4249 4249 4249 3a29 31e8 4249 426a 426a 4249 4229 4249 4249 424a 424a 3a29 31e8 4229 424a 5aec 8430 a534 be18 defc e73d ef7e ef7e ef9e f79e f79e ffff ffff ffff ffff ffff ffff ffff ffff ffff ffff ffff ffff ffff ffff ffff ffff ffff ffff ffff ffff e71c 8410 8410 8410 9491 9492 8c71 4249 4249 424a 31e8 4229 424a 4249 426a 4229 4229 424a 424a 424a 4249 39e8 3a09 424a 424a 4249 4229 4229 4249 424a 424a 4249 3a09 3a29 424a 424a 424a 4229 4229 422a 4249 4a49 4a49 632c 73ae 4a89 7bee a533 73ad 4a69 3a08 31c7 4249 39e8 4a4a 4229 4249 4249 4a6a 4229 4209 4249 424a 424a 4249 3a08 39e8 424a 424a 424a 4229 4229 4229 424a 424a 424a 3a08 31e8 424a 4249 4249 4249 4229 4249 4249 424a 424a 3a09 39e8 4249 424a 424a 4229 4249 4229 424a 4249 4249 3a29 39e8 424a 424a 424a 422a 4229 4249 4249 4249 424a 3a29 31c7 4249 426a 424a 4249 4249 
3a09 422a 424a 424a 3208 4249 424a 4249 3a08 3a29 3a09 3a29 424a 424a 424a 3a08 424a 424a 4229 3a09 4229 3a09 3a29 424a 4249 4229 3a08 424a 424a 4229 3a09 3a29 3a28 3a29 4249 424a 3a29 39e8 424a 424a 4249 3a29 4229 3a09 3a08 4249 424a 4249 31e8 4229 424a 4229 4229 4229 3a08 3a29 4229 424a 4249 31e8 4249 424a 3a49 3a29 3a29 4229 3a29 4229 424a 424a 3a08 4229 424a 424a 3a29 3a29 4229 4229 3a29 426a 426a 3a08 4249 4249 3a49 3a29 3a08 3a29 3a09 4249 424a 424a 4249 4249 39c7 4229 4209 4a6a 52a9 73ad 9cd1 9470 4a68 842f 632c 4a49 4229 4209 3a09 3a29 3a08 73cf 9492 9492 8430 7c11 7bf4 5b35 3258 325c 325c 325c 325c 325c 325c 325c 325c 325c 2a7c 325c 325c 325c 325c 325c 325c 325c 325c 325b 2197 1955 1956 1936 1936 2136 2155 2155 2135 2154 2171 31cf 422c 4249 3a29 3a29 3a08 3a29 422a 424a 4229 39e8 424a 424a 4229 3a29 3a09 3a09 3a09 424a 424a 424a 3a08 4249 52cb defc ef9e f79e ef9e ef7d f79e ef7d ef7d ef7d f77d f77e ffdf ffff ffff ffff ffff ffff ffff ffff ffff ffff ffff ffff ffff ffff ffff ffff ffff ffff ffff ffff ef7d 8430 7bef 8410 9492 94b2 8c71 4a4a 4249 424a 3a08 4249 424a 422a 3a08 3a29 3a09 3a09 424a 424a 424a 39e8 3a29 424a 4249 3a29 3a29 3a09 3a09 4229 424a 424a 3a09 3a29 424a 4249 422a 4209 3a09 3a09 3a29 424a 4269 52cb 7c0f 738d 5ac9 9cd1 9490 5289 4228 39e8 4249 39c8 3a08 4a6a 424a 424a 4229 3a09 4229 4209 3a29 424a 424a 3a29 3a09 424a 424a 3a29 3a29 3a29 3a29 3a09 424a 424a 3a29 3a08 424a 424a 3a29 3a08 3a29 3a09 3a29 424a 426a 3a29 3a08 424a 4249 3a29 3a29 3a09 3a29 3a09 424a 424a 4229 39e8 424a 424a 3a2a 3a29 3a09 3a28 3a29 4249 424a 4229 3a08 424a 424a 4229 3a09 4209 
4229 4229 424a 424a 31e8 4249 4249 3a09 3a49 3a29 3a29 3a29 3a29 424a 424a 39e8 4a6a 422a 3a09 3a09 3a29 3a09 3a09 3a29 424a 4249 31e8 4249 424a 3a29 3a29 3a28 4229 4229 3a29 424a 4229 39e8 424a 424a 3a29 3a29 4229 4229 3a28 3a29 3a49 3a49 31e8 424a 424a 3a29 3a29 3a08 3a29 3a29 3a29 4249 4249 39e8 4249 4249 3a29 3a09 4229 4209 4229 3a09 3a2a 424a 31e8 4249 424a 3a29 4229 3a09 3a29 3a29 3a29 4249 426a 3a08 4249 4249 3a29 3a29 3a29 3a29 3a29 3a29 4249 4249 4a6a 3a08 39e8 4249 4208 4a49 52a9 9490 9cb1 632a 5aea 9cd1 5b0b 4249 4229 3a09 3a28 3a29 3a28 7c30 9492 9492 8410 7bf1 7bf4 52f5 3279 325c 325c 325c 325c 325c 325b 325c 325c 327c 325c 325c 325c 325c 325c 325c 325c 325c 325c 323b 1976 1955 1935 1955 1955 1934 2155 1935 1955 1954 2171 31ef 422c 3a09 3a29 3a29 3a09 3a29 3a29 4249 3a29 39e8 424a 422a 3a09 3a09 3a29 3a29 3a09 3a29 424a 424a 31e8 4249 52cb df1c ef9d ef7d f79e ef7d ef7d f79d f79d ef7d f77e f77d ffff ffff ffff ffff ffff ffff ffff ffff ffff ffff ffff ffff ffff ffff ffff ffff ffff ffff ffff ffff f7be 8c51 8410 8410 8c71 9493 8c92 528b 4249 424a 39e8 4229 424a 4229 3a09 3a29 3a29 3a29 3a09 4229 424a 39e9 4229 4249 3a29 3a09 3a09 3a09 3a29 3a29 4229 4249 3a08 3a29 4249 4229 4229 4209 4229 4229 3a09 4229 4249 4aca 73ce 8c70 52a9 7bad 9cd1 6b4c 4a69 3a08 4249 39e8 39e8 4a4a 424a 4229 3a09 3a09 3a29 4229 3a09 3a29 4269 3a28 3a09 424a 422a 3a09 4209 4229 3a29 3a29 3a29 424a 3a29 3a09 424a 422a 3a29 3a49 3a29 3a09 3a29 422a 424a 3a29 39e8 424a 3a29 3a09 3a29 3a29 3a09 3a29 3a29 4249 4249 39e8 424a 424a 3a2a 3a09 3a09 3a09 3a28 3a29 426a 424a 39e8 424a 4249 3a09 3a29 3a08 
3a28 3a28 3a49 4249 3a08 4269 3a29 3a29 3a08 3a08 3a29 4229 3a09 4209 4a4a 4229 4249 3a28 3a29 3a29 3a09 3a29 4229 4229 4229 4229 4229 4249 3a09 3a09 4229 4229 3a08 3a29 3a29 4229 4249 39e8 424a 422a 3a09 3a09 4229 4229 4229 3a09 4229 4249 39e7 4228 3a29 4229 3a08 3a09 4229 4229 3a09 3a29 4249 4228 4229 422a 4209 4229 3a08 3a08 3a29 3a29 3a29 424a 3a08 4249 3a29 3a09 3a09 4209 3a09 4209 4209 4209 4249 3a08 4249 424a 3a09 3a09 4229 4229 3a08 3a08 4208 4a6a 4a69 4208 4209 4a49 4228 4a68 73ac 9cd1 844f 5288 840e 9cd1 5aeb 4228 3a29 3a09 3a09 4209 4a4a 8c51 8c91 8c70 7c0f 7c12 73f5 42b5 3a59 325c 2a3b 325c 325c 325c 325c 325c 2a5c 2a7c 2a5b 2a5b 2a7c 2a7c 325c 325c 327c 327c 2a3b 2a3a 1976 1955 1936 2136 2156 2155 1935 1955 1954 2172 29af 3a2e 424b 3a29 3a09 3a08 4229 3a09 3a29 422a 4249 4229 3a29 3a29 3a29 3a29 3a29 3a29 3a29 4229 3a09 3a2a 3a08 4249 3a08 7c10 ef5d f79e ef5d ef7d ef9d ef9d ef7d ef7d ef7d f79e f7be ffff ffff ffff ffff ffff ffff ffff ffff ffff ffff ffff ffff ffff ffff ffff ffff ffff ffff ffff ffff 9cf4 8410 8410 8450 9491 8cb2 5b0c 4229 424a 4228 4a69 4229 3a09 4229 3a09 3a09 4229 4209 4229 4249 3a08 4229 4229 4229 4229 3a29 4229 3a09 3a08 4209 4249 4208 4229 4a4a 4209 3a08 3a28 3a29 3a09 3a09 3a09 4249 52ab 73cd 94b0 6b6c 5ac9 9490 7bee 5269 4a49 4228 3a07 3a07 4248 4a69 4229 4229 422a 3a09 3a09 4229 4229 4229 4208 4229 424a 3a08 3a08 3a29 3a29 3a29 4229 4229 4249 3a08 4209 424a 4229 3a09 3a09 4229 4229 3a28 3a28 3a49 3a29 3a08 4249 3a29 3a29 3a09 3a08 4229 4229 3a09 422a 4249 4209 4249 3a28 3a29 3a29 3a29 3a29 3a09 3a09 4229 4229 4229 4249 3a29 3a09 4229 4229 
3a29 3a29 3a09 426a 73ae 4269 3a29 3a09 3a09 3a29 3a09 4209 3a29 3a09 4229 6b4d 4229 3a08 4229 4229 4229 3a29 3a29 4229 3a09 4aab 6b8e 4249 3a29 3a29 3a09 3a09 3a29 3a29 3a29 4229 4a8a 73ae 4229 3a29 4229 3a29 3a29 3a29 4229 3a09 3a29 4a6a 73cf 4a69 3a08 3a29 3a08 4209 4229 3a09 4229 3a09 4249 73ae 4a4a 4209 4229 3a09 4229 3a08 3a29 3a29 3a29 4229 73ce 52aa 3a29 3a29 4229 4229 3a09 3a29 4229 3a29 4249 6b8e 4aab 3a09 3a09 3a09 3a29 3a29 4229 3a09 4229 4a69 4a89 738d 7bee 630b 5289 52a9 9490 9cb1 630b 5289 9cb0 9cd1 5aeb 4229 3a28 3a29 3a09 3a09 4a6a 9493 9492 8c72 7c10 7c12 6bd6 4295 3279 327b 327c 327c 327b 327b 325b 325b 325b 325c 325c 325c 325c 2a5b 327c 325c 2a5b 325b 325c 2a1a 1956 1955 1935 1955 1955 1935 1955 1955 2154 31d2 5b31 422a 3a09 422a 4229 3a29 3a09 3a09 3a29 3a29 52cb 7bef 4229 4229 3a29 3a29 3a29 3a29 3a29 4229 3a29 4a6a 73cf 4249 3a08 4229 94d3 ef7d ef9d ef9d ef7d f79e ef7d f79e ef7d ef7d f7be ffff ffff ffff ffff ffff ffff ffff ffff ffff ffff ffff ffff ffff ffff ffff ffff ffff ffff ffff ffff ad75 7bef 840f 8430 9492 94b2 634d 3a29 4249 6b8e 4a8a 4229 3a29 3a29 3a29 3a29 3a29 4209 3a08 4229 6b8e 52cb 4209 4209 4209 4229 3a29 3a29 3a08 4229 4229 634d 52cb 4229 3a09 3a28 3a29 3a09 3a09 3a09 3a09 4229 52aa 73ad 9cd1 840e 4a68 73ad 94b1 6b6c 4a69 52aa 7bce 7bee 5aca 4a69 4249 3a29 3a29 3a29 3a29 3a29 3a29 4229 5b2c 632c 4229 3a08 3a08 3a29 3a29 3a29 4229 3a09 4229 5aeb 632d 4229 3a29 3a29 3a09 3a29 3a09 3a29 3a29 4229 52cb 6b8e 4229 3a08 3a29 4229 4229 4229 4229 3a29 3a09 4a8a 6b6e 4249 4209 4229 3a29 3a29 3a29 3a09 3a09 3a29 52ab 6b8e 4249 3a29 3a29 3a09 3a29 
3a08 3a29 3a09 4a6a 8c71 4a69 3a08 3a09 3a09 3a09 4229 3a09 3a09 3a09 4229 7bef 3a08 3a29 4229 3a29 4229 3a09 3a09 3a29 3a09 4a8a 8450 4249 3a28 3a29 3a09 4229 3a29 3a29 3a29 4229 4a89 8430 4229 3a09 3a29 4229 4229 3a29 3a29 3a29 3a09 4a4a 8c91 4a69 3a28 3a09 4229 3a08 3a09 4229 3a29 3a29 4249 8430 4a6a 4209 3a29 3a29 4209 4209 4209 4229 3a09 4249 8450 52aa 3a08 3a29 3a29 3a09 3a08 3a29 3a29 3a29 4228 8430 52ab 4209 4229 3a29 3a08 3a29 3a29 3a09 4249 4a69 4a88 844f 94b0 6b6b 4a68 73ad 9cb1 8c2f 5288 5288 9cb0 9cd1 5aeb 4229 3a29 3a29 3a09 3a29 52ab 94b2 9492 8c50 7c0f 7c12 6bb6 3a77 325a 325c 325c 325c 325c 325c 325c 325c 325c 325c 325c 325c 325c 325c 325c 325c 325c 325c 325c 29d9 1956 1955 1955 1955 1955 1955 2155 1954 2171 4a91 73d0 4248 4229 4209 3a29 3a29 3a09 4209 3a29 4229 5aeb 8c71 4249 4229 3a29 3a29 3a29 4229 3a29 3a29 3a09 4a6a 8430 4249 3a08 3a29 4a6a b5b7 f79e ef7d f79e f79e ef7d ef7d ef7d ef7d f7be ffff ffff ffff ffff ffff ffff ffff ffff ffff ffff ffff ffff ffff ffff ffff ffff ffff ffff ffff ffff bdf8 840f 840f 8410 9492 9492 73cf 3a08 4229 8430 4a8a 4229 4229 3a29 4229 3a09 3a29 3a29 4209 4228 8430 5aeb 4209 4209 3a09 4229 4229 3a29 3a29 3a08 4229 73cf 5b0c 3a29 4229 3a29 3a29 3a29 3a09 3a09 4229 4229 528a 7bcd 94b0 840f 5268 5ac9 9490 9470 5289 52a9 94b1 9cd1 630b 4248 4a69 4228 3a29 4229 3a09 4229 4229 4228 6b6d 6b8e 4228 4229 4209 3a29 3a29 3a29 3a29 3a29 4209 632c 73ae 4229 3a09 3a29 3a09 3a29 3a29 3a09 3a08 3a08 5aec 8410 4208 3a28 3a08 3a29 3a29 3a09 4229 3a09 3a08 52ca 8430 4249 3a29 4229 4229 4229 4229 3a29 3a09 4229 52ab 8430 4248 3a29 3a29 3a29 4229 
3a08 4209 4208 4a49 8c71 4a69 3a28 4229 3a09 3a09 4229 3a09 3a29 3a29 4249 7bef 3a08 4229 4229 3a09 4229 3a29 3a29 4229 3a28 52aa 8450 4248 4229 3a09 3a09 4229 3a29 4229 3a28 3a28 4a89 8450 4228 3a29 4229 4229 4229 3a29 4229 3a29 3a09 4a69 8cb2 4a48 3a28 4229 4228 4209 3a09 4229 4229 3a29 4248 8450 4a6a 4209 3a08 3a29 3a09 4209 4209 4209 4208 4a49 8c50 528a 4228 4209 3a09 3a29 4229 3a29 3a29 4229 4228 8430 4a8a 4209 4229 4229 3a09 3a29 4229 4229 4a4a 4229 4a89 842f 9cd0 6b4b 52a8 9490 9cb0 630a 630a 5aa9 9cb0 9cf1 5aeb 4229 3a29 3a29 3a29 3a09 632d 94b3 9492 8c51 7c0f 7bf2 6376 3a77 325a 325b 325c 325c 325d 325d 325c 325b 327b 325b 327c 325c 325c 325c 325c 325c 325c 325c 325b 21b9 1936 1936 1955 1955 1955 1935 1954 2172 31cd 4aad 73cf 4228 3a08 4209 3a29 3a29 4229 4209 4229 4208 5aca 8c51 4228 4209 3a29 3a29 3a29 4229 3a29 3a09 4209 4a8a 7c10 4228 4229 3a29 3a29 4aab ce9a ef9e ef7d f79e ef7d ef7d ef7d ef7d f79e ffff ffff ffff ffff ffff ffff ffff ffff ffff ffff ffff ffff ffff ffff ffff ffff ffff ffff ffff ffff d6bb 7bef 8410 8410 9492 9492 8431 3a08 4229 8430 4a89 3a28 4229 3a29 3a29 3a09 3a29 4229 4229 4228 8430 5aeb 4229 4209 4209 4229 4229 3a08 3a08 3a08 4228 73ce 5b0c 3a28 4229 4229 3a29 3a29 4229 4229 4229 3a08 4a49 7bcd 9cd0 8c0f 630b 5aa9 7bad 9cb1 738c 52a9 9470 9cd1 630b 4228 4249 4249 3a29 4209 4209 3a09 4229 3a28 6b6d 73ae 3a28 3a29 3a29 3a09 3a29 3a29 3a09 4229 4229 632c 73ae 4228 4209 3a08 3a09 3a29 3a29 4209 4229 4208 5aeb 8430 4208 3a08 3a29 3a29 3a29 3a09 3a09 3a29 3a08 52ca 8430 4249 3a29 3a29 3a29 3a29 3a29 3a29 3a29 3a08 52aa 8430 4228 4229 3a09 3a09 4229 
4209 4209 4208 4a49 8c71 4a69 4228 3a09 3a29 4229 4229 3a29 3a29 3a28 4228 7bef 3a08 3a29 4229 3a29 4229 4229 4229 3a29 4229 4aaa 8450 4228 3a28 3a29 3a09 3a09 3a09 3a09 3a09 4229 4aaa 8450 4228 4249 3a29 3a29 3a29 3a29 4229 3a29 3a08 4a69 94b1 4a69 4229 3a09 4229 3a29 3a09 3a29 3a08 3a28 4248 8450 4a69 3a08 3a08 3a08 4209 4209 4209 3a08 4209 4229 8c50 5289 4228 4209 3a29 4229 3a29 3a29 3a29 3a28 4248 8430 52aa 4229 3a29 3a09 4229 3a29 3a08 4249 4a49 4229 4a69 842f 9470 5288 73ac 9cd1 840e 5268 8c2f 5289 9cb0 9cd1 5aeb 4229 3a29 3a09 3a29 4229 73ae 9492 9492 8430 8410 7bf2 5b33 3a54 3a57 3a59 3a5b 325c 325b 325c 327c 2a5c 2a7c 2a5c 2a7c 325c 327c 327c 325c 325c 327b 325b 325b 21b8 1936 1936 1955 1955 1955 2154 2152 298f 3a0b 52cb 7baf 4229 4209 3a09 3a29 3a08 4229 4229 4229 3a08 5aea 8c70 4229 3a29 4229 4229 3a09 3a09 3a29 3a29 4229 4a6a 8410 4248 3a28 3a29 4229 4209 632d e71c ef7e ef7e ef9d ef7d ef7e f79e f79e ffff ffff ffff ffff ffff ffff ffff ffff ffff ffff ffff ffff ffff ffff ffff ffff ffff ffdf ffdf e73c b5b7 7bef 8410 8410 9472 9492 8c51 4249 4228 8430 4a89 3a08 3a29 4229 3a29 3a29 3a08 3a09 4209 4228 8430 5aeb 4209 4209 4209 4209 4229 3a08 4229 4228 4228 73ce 5b0b 3a28 3a29 4229 4229 4229 4229 3a09 4229 3a08 4248 73ad 9cd1 840e 6b4b 738c 5288 9490 9470 5a88 7b8d 9cb1 630b 4229 422a 4a6a 4209 4229 4229 3a29 3a29 4228 6b6d 6bae 3a28 3a29 3a29 3a29 4229 4229 3a09 3a29 3a29 632c 73ae 3a28 4229 3a29 3a09 4229 3a29 3a09 4209 4208 5aec 8430 4208 4229 3a08 3a29 3a28 4229 4229 3a29 3a28 52ca 842f 4249 4229 4229 3a29 4229 3a29 3a29 4229 4229 52aa 8430 4228 3a28 3a29 3a29 4229 
3a29 3a09 4228 4a69 8c70 4a69 3a08 4209 3a29 3a29 3a29 3a09 3a09 4229 4228 7bef 3a08 3a29 4229 3a29 3a29 3a29 4229 3a29 3a28 52aa 8450 4228 3a28 3a09 3a09 3a09 3a09 4229 3a08 3a08 4aa9 8450 3a28 3a28 3a08 3a29 3a29 4229 3a29 4229 3a08 4a69 9491 4a48 3a08 3a29 3a08 3a29 3a29 3a09 3a29 3a08 4248 8450 4a69 4209 4229 3a29 3a29 3a29 3a08 3a29 4209 4249 8c50 528a 4228 4209 4229 4229 3a29 3a29 3a29 3a28 4228 8450 52aa 4209 3a08 3a29 3a29 3a29 4229 4249 4229 4229 4a89 8430 6b6c 5aa9 94b0 94b0 630a 630a 9cd1 5aa9 94b0 8c4f 4a69 4229 3a09 4229 3a29 3a08 7bef 9492 9491 8430 840f 7c0f 530d 322b 322c 322e 3251 3253 3a56 3a58 3a79 325a 327b 325b 325b 325c 325c 325c 327c 325c 327b 327b 325a 2197 1956 1936 1955 1935 2154 2152 298e 39ec 3a0a 52ab 7bcf 4229 3a09 4209 3a29 3a29 4229 4229 3a29 4228 5aea 8c50 4228 3a29 3a29 3a29 3a09 3a09 3a09 3a29 3a08 4a8a 8410 4228 3a08 3a09 4229 3a09 3a08 7bf0 e73d ef9e ef9d ef7d f79e f79e ef7d ffdf ffff ffff ffff ffff ffff ffff ffff ffff ffff ffff ffff ffdf ef7e df1c c618 a534 8430 9d13 5acb 4a49 7bef 7bf0 8410 8c71 9492 8c92 4a8a 4228 8430 4a89 3a08 3a29 4229 3a29 4229 3a29 3a29 4229 3a28 8450 5aeb 4208 4209 3a09 3a09 4209 3a29 3a29 4228 4228 73ce 5b0b 4229 4229 3a29 4229 3a29 4229 4229 3a08 4229 4a89 5aca 94b1 8c2f 6b4b 9490 5288 738c 9cb1 736c 5289 9490 630b 4229 4209 4a6a 4a49 3a08 3a08 3a29 3a08 4228 6b6d 73ae 3a08 4229 4229 3a29 4229 4229 3a29 4229 3a28 632c 73ae 4228 3a08 3a09 3a09 4209 4229 4229 3a29 4228 5aeb 8430 3a08 3a29 3a29 3a29 3a08 3a09 3a09 3a29 4228 52aa 842f 4229 3a29 3a29 3a29 4229 3a09 3a09 3a29 3a28 52aa 8430 4228 3a08 3a29 3a29 4229 
3a09 3a09 4228 4a69 8c70 4a69 4229 3a09 3a29 3a29 3a08 4229 3a29 3a08 4228 7bef 4229 3a29 4229 3a09 3a29 3a29 3a29 4229 3a28 52aa 8450 4228 4229 3a29 3a09 4229 4229 3a29 3a08 3a08 4aaa 8450 4249 3a08 4229 4209 3a29 4229 3a29 3a29 4209 4a6a 8c91 4a69 3a29 4229 4229 3a29 3a29 3a29 3a09 3a08 4269 8450 4a6a 4209 4209 4209 3a29 3a29 3a28 3a29 3a09 4249 8450 52aa 3a08 3a29 4229 4209 3a29 4229 3a29 4229 4248 8430 52aa 3a08 3a29 3a29 3a08 3a08 4249 4a6a 3a29 4229 4a89 7bee 5289 7bcd 9cb1 842e 52a8 842f 9cd2 52a9 94b1 6b4c 4a69 4229 4229 3a09 4229 4229 8451 9492 9492 83f0 8410 83f0 4a8b 3a2a 3a2a 3a2a 3a2a 3a2a 3a2b 322c 3a4e 4ad2 4ad5 3a36 3258 3259 325a 325b 325b 325c 325c 325c 323b 1977 1956 1955 1955 1934 1953 2990 31ed 3a0a 3a29 52cb 73cf 4229 3a28 3a29 3a29 4229 3a09 4209 4229 4229 5aeb 8c71 4229 3a29 4229 4229 3a29 3a29 3a29 3a29 3a09 4a6a 8410 4249 4229 3a09 4229 4209 4209 4209 9cd3 ef7d ef9d ef9d f79e ef7d ef7d ffdf ffff ffff ffff ffff ffff ffff ffff ffdf e71c c639 a534 7c10 632d 4a6a 4209 4228 4248 8451 52aa 3a08 7bef 7c10 8410 8c51 9492 9492 52cb 4229 8430 528a 3a28 3a29 3a29 3a29 4229 3a29 4229 4229 4228 8430 5b0b 4229 4229 3a29 3a09 3a09 4229 3a29 4209 4228 73ce 5b0c 4209 4229 4229 4229 4229 4229 3a29 4229 4228 634c 5289 7bce 842f 6b4b 9cd1 738c 5288 9490 8c6f 52a9 73ad 630b 4228 4229 4249 4a6a 4229 4229 4209 4209 4229 6b6e 73ae 3a08 4229 4229 3a29 3a29 3a29 3a09 3a29 4229 632c 73af 4228 4229 3a09 3a09 4229 4209 3a29 3a29 3a28 5b0b 7c30 3a28 3a28 3a29 3a29 4229 3a09 4209 4229 4228 52aa 8430 4249 3a29 3a29 3a29 4229 3a29 4229 4229 3a08 52ab 8430 4228 3a29 3a29 3a29 3a29 
4209 3a09 3a08 4229 6b8d 4249 3a08 3a09 3a08 3a29 4209 3a08 3a08 3a08 3a28 632c 3a09 3a09 3a09 3a08 3a08 3a08 3a08 3a08 4229 4a6a 6b6d 3a28 3a08 3a29 3a28 3a29 3a29 3a09 3a08 3a08 4a69 6b6d 3a08 3a08 3a08 3a08 4209 4209 3a09 3a09 4228 4229 73ae 4229 3a09 39e9 3a09 3a29 3a29 3a09 3a09 4209 4228 6b6d 4229 3a08 3a09 3a09 3a09 3a09 3a09 3a08 3a09 3a29 6b8d 4a69 3a08 3a08 3a08 3a08 3a29 3a08 3a08 3a08 4228 6b6d 4a6a 4209 3a08 3a08 3a08 3a29 4a6a 4a6a 3a29 4249 4a89 5b0a 52c9 9490 9cb1 62ea 5aca 8c4f 7bce 5268 6b6c 4a48 4249 3a08 3a08 3a09 3a08 4249 8c91 9492 8c92 8410 840f 83f0 4249 3a08 3a08 3a08 422a 3a09 3a09 3a09 3a09 52ac 52ee 31ed 2171 2174 21b6 29d7 2a19 323a 325b 325b 323a 1956 1955 1955 1935 1953 2171 31cf 3a0c 39e9 3a29 426a 5b2c 4228 3a08 3a08 3a28 3a29 3a09 39e9 3a09 3a08 4aaa 6b8d 4228 3a09 3a09 3a09 3a09 3a09 3a08 3a08 3a09 4249 634c 4228 3a08 3a08 3a08 3a09 4229 4209 4228 b596 ef7d ef7d ef7d ef7d ef7d f7be ffff ffff ffff f7be ef7d defb d6bb ce59 6b4d 4208 3a08 3a08 3a29 3a09 3a08 3a08 4248 6b8e 4a69 39e8 6b8e 7c10 8410 8c31 94b2 9492 632d 3a08 6b6d 4a49 3a08 3a29 3a08 3a08 3a29 3a28 3a08 3a08 4228 6b6d 4a8a 3a08 3a08 3a09 3a09 3a09 3a29 3a09 39e8 4228 632c 52aa 3a08 3a08 3a09 3a29 4229 3a09 3a08 3a08 3a28 5b0c 52aa 5289 6b4b 5ae9 8c4f 8c4f 5268 738c 9cd1 73ad 52a9 5aca 4248 3a08 4249 4a6a 4249 3a08 3a08 3a08 3a28 52eb 5b0c 3a08 3a08 3a09 3a09 3a29 3a09 3a08 3a08 3a08 52cb 5b0c 4229 3a08 3a08 3a29 3a29 3a09 3a09 3a09 3a28 4aaa 634c 3a28 3a28 3a29 3a28 3a29 3a09 39e9 3a09 3a08 4a89 6b4c 4229 3a09 3a09 3a09 3a29 3a08 3a08 3a08 3a09 4a8a 634d 4228 3a08 3a09 3a09 3a29 
39e7 39e7 3a08 39e8 31e7 39e8 39e8 3a08 31c7 39e8 3a29 39e8 39e8 39e8 39e8 39e8 31c7 31e7 39e8 39e8 3a08 3a08 39e8 39e8 39e8 31c7 39e8 39e8 39e8 39e8 39e8 3a29 3208 31e7 3208 31e8 39e8 31e7 39e8 39e8 31c7 31e8 3a08 3a08 39e8 39e8 39e8 39e8 31c7 31e7 39e8 39e8 39e8 3a08 3a29 3a08 31e8 39c8 39e8 31e7 39e8 39e8 39e8 39e8 31e8 3a08 3a08 39e7 3a08 39e8 39e8 39e8 31c7 31e8 31e8 3a08 3a09 39e8 39e8 39e8 31e7 31e7 31e7 31e8 39e8 39e8 39e8 4a49 4229 4249 3a29 424a 4a69 5269 7bce 9cb1 840e 4a48 52ca 4a69 39e7 3a08 39e8 39e8 31c7 31c7 39e8 39c8 39e8 528b 9492 9492 8c50 7c0f 7c0f 7bef 3a08 39e8 39e8 39e8 3a08 39e8 39e8 39e8 31e7 39e8 31e8 31eb 192d 1130 1931 1911 1932 1933 1974 21b6 2176 1935 1955 1955 1935 2134 2971 31ce 31e9 3208 31e8 31e8 31e8 31e8 39e8 3a08 31e8 3a08 3a08 39e8 39e8 39e8 39e8 39e8 31e7 31e7 31e8 3208 3a08 3a08 39e8 39e8 31e7 31e7 39e7 39e8 39e8 39e8 39e8 3a08 31e8 31e8 39e7 9cd3 ef7e ef7e f79e f79e ef7d ef7d e73c d69a ce59 c639 c618 c618 bdf7 be17 6b6d 31e7 3208 3a08 3a28 3a08 31e7 31e7 39e8 39e8 39e8 39c8 630c 8410 7bef 8430 9492 9492 6b8e 39e7 31e7 39e8 31c7 31c7 3a08 39e8 3a09 39e8 39e8 3a08 31e7 31e7 31e7 39e7 39e8 39e8 3a08 3a29 39e8 39e8 39e8 39e8 39c8 39c8 39e8 39e8 31e7 31e7 3a28 31e8 31e8 3a08 3a08 39e7 31e7 31e7 3a08 39e8 4a69 840f 4a69 52a9 946f 946f 52a9 4a69 4249 3a08 4a69 4249 4249 39e8 39e8 39e8 39e8 39e8 39e8 39e8 31e7 31e7 3a08 3a28 3a08 39e8 31e8 39e8 31c7 31c7 39e8 39e8 39e8 3a08 3a29 3a08 31e7 39e7 39e8 31e7 39e8 39e8 3a08 39e8 31e8 3a08 3a08 31e8 39e8 39e8 39e8 39e8 31c7 31e7 3a08 3a08 3a08 39e8 3a08 39e8 39e8 31c7 39e8 39e8 39e8 39e8 31e8 3a09 
39e8 39e8 31e7 31c7 31c7 31c7 31e8 39e8 39e8 39e8 3a09 39e8 39e8 31e7 31c7 31c7 31a7 31c7 39e8 39e8 39e8 39e8 39e8 39e8 31c7 31c7 31c7 31c7 31c7 39e8 39e8 3a08 3a08 31e8 39e8 31c7 31c7 31a7 31c7 31c7 31e8 39e8 3a08 3a08 39e8 39e8 31c7 31c7 31c7 31c7 31c7 31e8 39e8 3a08 3a08 39e8 39e8 31c7 31c7 31c7 31c7 31c7 39e8 39e8 3a08 3a08 39e8 39e8 31e7 31c7 31c7 31c7 31c7 31c7 39e8 39e8 3a08 39e8 39e8 39c8 31c7 31c7 31c7 31c7 31c7 39e8 3a08 4a6a 4229 4249 4249 4249 4a69 52a9 9490 9cb0 5aca 5aea 52a9 4228 3a08 31e7 31c7 31c7 31c7 31c7 39e8 39e8 39e8 5aec 9492 9492 8c51 8410 7c10 738e 31c7 39e7 39e8 39e8 3a09 39e8 39e8 39e8 31c7 31c7 31c8 29ab 194e 1910 1930 1911 1911 1912 1112 1934 1955 1955 1955 2155 1955 2154 2171 29ae 31ea 31e8 31c7 31c7 31c7 31c7 39c8 39e8 31e8 3a08 39e8 39e8 39e8 31c7 31c7 31c7 31c7 31c7 31e8 31e7 3a08 3a08 39e8 39e8 31e7 31c7 31c7 31c7 31c7 39e8 39e8 3a08 3a08 39e8 4229 d69a ef7e f77e ef7d ef7d f79e ef7d ef5d ce59 c618 c618 c618 c618 c617 c638 73cf 39e7 31e8 3a08 3a08 3a08 39e8 31c7 31c7 31c7 31c7 31c7 52ab 8410 7c10 8430 9492 9492 73cf 31c7 31c7 31c7 31c7 31e7 39e8 39e8 3a08 39e8 39e8 39e8 31c7 31a7 31c7 31c7 39c8 39e8 31e8 3a29 39e8 3a08 31e7 31c7 31c7 31c7 31c7 31e7 3a08 3a08 3a28 39e8 39e8 39e7 31c7 31c7 31c7 31c7 31e8 39e8 3a07 7c0f 5aca 52a9 738c 94b0 73ad 4a89 4249 4229 4249 4229 4269 4229 39e8 31e7 31c7 31c7 31c7 31c7 31c7 39e8 39e8 3a08 39e8 39e8 31e8 31c7 31c7 31c7 31c7 31e7 39e8 39e8 3a28 31e8 39e8 31c7 31c7 31c7 31c7 31c7 31e7 39e8 3a08 3a08 3a08 3a08 39e8 31c7 31a7 31a7 31c7 31e8 3a08 31e8 3a08 39e8 39e8 31e8 31c7 31c7 31c7 31c7 31c7 39e8 39e8 3a08 
39e8 31e7 31c7 31c7 31c7 31a7 31c7 31c7 39e8 3a08 3a08 39e8 31e7 31c7 31c7 31c7 31c7 31c7 31c7 39e8 39e8 3a08 39e8 31c7 31c7 31c7 31c7 31c7 31c7 31e8 39e8 3a08 3a08 31e8 31c7 31c7 31c7 31c7 31c7 31c7 31c7 39e8 3a08 3a08 39e8 31e7 31a7 31c7 31c7 31c7 31c7 31c7 39e8 3a08 3a08 39e8 31c7 31c7 31c7 31c7 31c7 31c7 31c7 39e8 3a08 3a08 39e8 31e8 31c7 31c7 31c7 31c7 31c7 31c7 39e7 39e8 3a08 39e8 31e7 31c7 31c7 31c7 31c7 31c7 31c7 39e7 4249 4a4a 4229 4a6a 424a 4249 4a69 7bcd 9cb0 840d 5268 83ef 52ca 4208 39e7 31c7 31c7 31c7 31c7 31c7 31c7 39e8 39e8 6b4d 94b2 9492 8430 8410 7c10 632d 31c7 31c7 39e7 3a08 3a08 3a08 39c8 31c7 31c7 31a7 31c9 298b 192e 1930 1930 1911 1931 1932 1933 1955 1955 1955 1955 1935 1955 1954 1952 298f 31eb 31c8 31c7 31c7 31c7 31c7 31c7 31c7 39e8 3a08 3a08 39e8 31c7 31c7 31c7 31c7 31c7 31c7 31e7 31e8 3a08 3a08 39e8 31c7 31c7 31c7 31c7 31c7 31c7 31c7 39e8 39e8 3a08 3a08 634d ef7e ef7e f77e ef7d ef7d f79e f79e f79e ef5d ce79 c618 c618 c638 c618 c618 8c92 31c7 31e7 39e8 3a08 39e8 31e7 31c7 31c7 31c7 31c7 31c7 4249 8410 8410 8410 8c71 9492 8430 39e7 31c7 31c7 31c7 31c7 39e7 39e8 3a08 39e8 39e8 31c7 31c7 31c7 31a7 31c7 31c7 39e8 3a08 3a08 39e8 39e8 31c7 31c7 31c7 31c7 31c7 31c7 31e8 31e8 3a08 39e8 39e8 31c7 31c7 31c7 31c7 31c7 31c7 39e7 3a27 7bee 5b0a 7bcd 5288 9490 9490 52a9 4a69 4229 4a69 4229 4228 4a69 3a08 31c7 31c7 31c7 31c7 31c7 31c7 39e8 39e8 3a08 39e8 39c8 31c7 31c7 31c7 31c7 31c7 31c7 31e8 39e8 3a28 31e8 39e8 31c7 31c7 31c7 31c7 31c7 31c7 39e8 3a08 3a28 3a08 31e8 31c7 31c7 31c7 31c7 31c7 31c7 31c7 39e8 3a08 39e8 39e8 31c7 31c7 31c7 31c7 31c7 31c7 39e8 3a08 3a08 
39e8 31c7 31c7 31c7 31c7 31c7 31c7 31c7 31c7 39e8 4229 39e8 31c7 31c7 31c7 31c7 31c7 31c7 31c7 31c7 39e8 3a08 31e7 31c7 31c7 31c7 31c7 31c7 31c7 31c7 39e8 3a08 3a28 31e7 31c7 31c7 31c7 31c7 31c7 31c7 31c7 39e8 3a08 3a08 39e8 31c7 31a7 31c8 31c7 31c7 31c7 31c7 39e7 3a08 3a08 39e8 31c7 31c7 31c7 31c7 31c7 31c7 31c7 31e8 39e8 4209 39e8 31c7 31c7 31c7 31c7 31c7 31c7 31c7 31c7 3a08 4228 39e8 31c7 31c7 31c7 31c7 31c7 31c7 31c7 39e8 4a69 4249 4229 4a6a 4229 4a6a 5aca 9cd1 9cd1 62ea 6b2b 9cb1 5aca 4208 39e7 31c7 31c7 31c7 31c7 31c7 31c7 31c7 3a08 73cf 9492 9492 8410 7bef 7c10 52cb 31c7 31c7 31c7 39e8 4228 39e8 31c7 31c7 31c7 31c8 31c9 296b 192e 1930 1110 1111 1132 1933 1954 1955 1955 1935 1955 1955 1955 1954 1954 2170 31ac 31c8 31c7 31c7 31c7 31c7 31c7 31c7 39e8 3a08 3a08 39e8 31c7 31c7 31c7 31c7 31c7 31c7 31c7 39e7 3a08 3a08 39e8 31c7 31c7 31c7 31c7 31c7 31a7 31c7 31c7 3a08 3a08 39e8 a555 ef7e ef7e ef7e f79e ef7d ef7d ef7d ef7d f79e e73c ce59 c618 c618 c618 c618 9d14 39e7 31c7 3a08 3a08 39e7 31c7 31c7 31c7 31c7 31c7 31c7 39e8 7c0f 8410 8410 8c71 9492 8c71 3a08 31c7 31c7 31c7 31c7 31c7 39e8 4228 39e8 31c7 31c7 31c7 31c7 31c7 31c7 31c7 31c7 3a08 3a28 39e8 31c7 31c7 31c7 31c7 31c7 31c7 31a7 31c7 39e8 4229 39e8 31c7 31c7 31c7 31c7 31c7 31c7 31c7 31c7 3a28 840f 630b 9cb1 5ac9 738d 9cf2 7bee 4a69 4a49 4a49 4229 4228 4249 4228 31c7 31c7 31c7 31c7 31c7 31c7 31e8 39e8 3a08 39e8 31c7 31c7 31c7 31c7 31c7 31c7 31c7 31e7 39e8 4228 39e8 31c7 31c7 31c7 31c7 31c7 31c7 31c7 31c7 39e8 3a28 39e8 31c7 31a7 31c7 31c7 31c7 31c7 31c7 31c7 39e8 3a08 39e7 31c7 31c7 31a7 31c7 31c7 31c7 31c7 31c7 39e7 3a08 
39e7 31c7 31c7 31c7 31c7 31c7 31c7 31c7 31c7 4a69 6b8e 39e7 31a7 31c7 31c7 31c7 31c7 31c7 31c7 31c7 4229 52ab 39e8 31a7 31c7 31c7 31c7 31c7 31c7 31c7 39e7 5b0c 52eb 39e8 31c7 31c7 31c7 31c7 31c7 31c7 31c7 31c7 52cb 5b0c 31e7 31c7 31c7 31c7 31c7 31c7 31c7 31c7 39e7 4a8a 6b6d 31c7 31c7 31c7 31c7 31c7 31c7 31c7 31c7 31c7 4a69 634d 31c7 31c7 31c7 31c7 31c7 31c7 31c7 31c7 31c7 4a69 6b8e 39e7 31a7 31c7 31a7 31c7 31c7 31a7 31c7 4228 4a89 7bcf 7bef 5acb 6b6d 4a69 840f a513 8c50 5289 9491 9cf2 5aca 3a08 31c7 31c7 31c7 31c7 31c7 31c7 31c7 31c7 39e8 8430 9492 9492 8410 83f0 8410 4a49 31c7 31c7 31c7 31c7 7bef 4a69 31c7 31c7 31c7 31c8 31c9 216b 192e 1911 1931 1932 1933 1954 1955 1935 2155 2135 1935 1935 1955 1954 1954 2172 298d 31aa 31a8 31c7 31c7 31c7 31c7 31c7 39e7 632c 4a8a 31c7 31c7 31c7 31c7 31c7 31c7 31c7 31a6 31c7 632c 5aec 31c7 31c7 31c7 31c7 31c7 31c7 31c7 31e7 31c7 52cb 52aa 4228 defb ef7d f77d f77e ef7d ef7d f79e f79e ef7d ef7d ef7d e73c ce79 c618 c618 c618 ad76 4208 31c7 4a6a 632c 39e8 31c7 31c7 31c7 31c7 31c7 31c7 31e7 7bcf 8410 8410 8c71 9492 8c92 4a49 31c7 31c7 31c7 31c7 31c7 4228 6b8e 39e7 31a7 31c7 31c7 31c7 31c7 31c7 31c7 31c7 4229 73cf 3a08 31c7 31c7 31c7 31c7 31c7 31c7 31c7 31c7 39e8 6b8e 3a08 31c7 31c7 31c7 31c7 31c7 31c7 31c7 31c7 3a08 8430 632b ad33 7bce 52a9 9cd2 9cf2 5aca 5aeb 5aec 738e 73ce 4228 4a69 39e8 31c7 31c7 31c7 31c7 31c7 31c7 4228 6b8e 3a08 31c7 31c7 31c7 31c7 31c7 31c7 31c7 31c7 4228 73ae 39e8 31c7 31c7 31c7 31c7 31c7 31c7 31c7 31c7 31c7 73af 4229 31c7 31c7 31c7 31c7 31c7 31c7 31c7 31c7 39e7 6b6e 4249 31e7 31c7 31c7 31c7 31c7 31c7 31c7 31c7 39e7 6b8e 
31c7 31c7 31c7 31c7 31c7 31c7 31c7 31c7 31c7 52aa 8c71 39e7 31c7 31a7 31c7 31c7 31c7 31c7 31c7 31c7 4249 5b2c 31c7 31c7 31c7 31c7 31c7 31c7 31c7 31c7 31c6 73ae 6b6d 31c7 31c7 31a7 31c7 31c7 31c7 31c7 31c7 31c7 634d 6b8e 39e7 31c7 31c7 31c7 31c7 31c7 31c7 31c7 31c7 5b0c 8431 39c7 31c7 31c7 31c7 31c7 31c7 31c7 31c7 31c7 5acb 8410 39e7 31c7 31c7 31c7 31c7 31c7 31c7 31c7 31c7 52cb 8c71 39c7 31c7 31c7 31c7 31c7 31c7 31c7 39c7 4a6a 5289 a513 a513 6b4c 630b 5aca a533 a4f3 5aeb 5aeb ad33 9cf2 5aca 4208 31c7 31c7 31c7 31c7 31c7 31c7 31c7 31c7 3a08 8c51 9492 9492 8410 8410 8410 4208 31c7 31c7 31c7 31c7 9d14 528a 31c7 31c7 31c7 31c8 29aa 216c 192f 1911 1112 1933 1954 2155 1955 1955 2155 1935 2155 1935 1955 1955 1955 2153 216e 29ab 31a9 31a7 31c7 31e7 31c7 31c7 31c7 7c0f 52cb 31c7 31c7 31c7 31c7 31c7 31c7 31c7 31c7 31c7 7bef 6b8e 31a6 31c7 31c7 31c7 31c7 31c7 31c7 31c7 31c7 6b6d 632c 7bcf ef9e ef7d f79e ef7d ef7d f79e ef7d ef7d ef7d f79e ef7d ef7d e73d ce59 c638 c618 bdf7 4a6a 31c7 52cb 7c0f 31c7 31c7 31c7 31c7 31c7 31c7 31c7 31c7 6b6d 7c0f 840f 8c51 9492 94b2 52ab 31c7 31c7 31c7 31c7 31c7 4a49 9492 39e8 31c7 31a7 31c7 31c7 31c7 31c7 31a7 31c7 4249 94b2 3a08 31c7 31c7 31c7 31c7 31c7 31c7 31c7 31c7 3a08 8c72 4228 31c7 31c7 31c7 31c7 31c7 31c7 31c7 31c7 39e7 8430 632b a533 9cd2 5289 73ad a533 83ef 528a 630c 8c71 94b2 4228 4a6a 4229 31c7 31c7 31c7 31c7 31c7 31c7 4249 8c92 3a08 31c7 31c7 31c7 31a7 31c7 31c7 31c7 31c7 3a08 94b2 39e8 31c7 31c7 31c7 31c7 31c7 31c7 31c7 31c7 31c7 94d3 4229 31c7 31c7 31c7 31c7 31c7 31c7 31c7 39c7 39e7 8c71 4a6a 31c7 31c7 31c7 31c7 31c7 31c7 31c7 31c7 39c7 8c71 
31c7 31c7 31c7 31c7 31c7 31c7 31c7 31c7 31c7 52aa 8c71 31c6 31c7 31c7 31c7 31c7 31c7 31c7 31c7 31c7 4269 5b0c 31c7 31c7 31c7 31c7 31c7 31c7 31c7 31c7 31c7 73ae 634d 31c7 31e7 31c7 31c7 31c7 31c7 31c7 31c7 31c7 6b6d 73ae 31c7 31c7 31a7 31c8 31c7 31c7 31c7 31c7 31c7 5aec 8410 39c7 31c7 31c7 31c7 31c7 31c7 31c7 31c7 31c7 5acb 8410 31c7 31c7 31c7 31a7 31c7 31c7 31c7 31c7 39e7 52aa 8c71 39c7 31c7 31c7 31c7 31c7 31c7 31a7 4249 4a69 4a69 a533 a513 62eb 4a68 842f a513 8c2f 4a49 630b a533 a4f2 5aca 4208 31c7 31c7 31c7 31c7 31c7 31c7 31c7 31c7 4249 8c72 9492 8c71 7bef 8410 7bef 39e7 31c7 31c7 31c7 31c7 a513 4a69 31c7 31a7 31c7 31c8 29aa 214c 192f 1112 1934 1955 1955 1955 1955 1955 1955 1955 1955 1955 1955 1935 1955 1953 2170 298d 31c9 31c7 31c7 31c7 31c7 31c7 31c7 7c10 52cb 31c7 31c7 31c7 31c7 31c7 31c7 31c7 31c7 31c7 73ef 6b8d 31c7 31c7 31c7 31c7 31c7 31c7 31c7 31c7 31c7 6b6d 5b0b be18 f79e ef7d ef7d ef7d ef7d f79e ef7d f79e ef7d ef7d f79e ef7d f79e e73c c659 c638 be18 52cb 31c7 52aa 7c0f 31c6 31c7 31c7 31c7 31c7 31c7 31c7 39c7 632c 840f 840f 8430 9492 94b2 5b0c 31c7 31c7 31c7 31c7 31c7 4248 8c92 39c7 31c7 31c7 31c7 31c7 31c7 31c7 31c7 31c7 4228 94b2 3a08 31c7 31c7 31c7 31c7 31c7 31c7 31c7 31c7 3a08 8c91 3a08 31c7 31c7 31c7 31c7 31c7 31c7 31e7 31c7 31c7 6b4d 6b2c a533 9cd2 5289 5289 9cd2 a4f3 5acb 4a48 9471 94d2 4228 4248 4a6a 39e8 31c7 31c7 31c7 31c7 31c7 4228 8c71 3a08 31c7 31c7 31c7 31c7 31c7 31c7 31c7 31c7 4228 94b2 39e8 31c7 31a7 31c7 31c7 31c7 31c7 31c7 31c7 31c6 94b2 4228 39c7 31c7 31c7 31c7 31c7 31c7 31c7 39c7 39e7 8c51 4a69 31c7 31c7 31c7 31c7 31c7 31c7 31c7 31c7 39c7 8c51 
31c7 31a7 31c7 31c7 31c7 31c7 31c7 31c7 39c7 52aa 8c71 39c6 31c7 31a7 31c7 31c7 31c7 31c7 31c7 31c7 4249 5b0c 31c7 31c7 31c7 31c7 31c7 31c7 31c7 31e7 31c6 73ae 6b6d 39c7 31c7 31a7 31c7 31c7 31c7 31c7 31c7 31c7 634c 6b8e 31c6 31c7 31c7 31c7 31c7 31c7 31c7 31c7 39c7 5aec 8410 31c7 31c7 31c7 31c7 31c7 31c7 31c7 31c7 31c7 5acb 8410 39c7 31a7 31c7 31c7 31c7 31a7 31c7 31c7 31c7 52aa 8c71 31c6 31c7 31c7 31c8 39c8 31a7 39e8 4a6a 39e7 4a69 a513 a513 62eb 5aea a513 a512 62ea 5aeb 630b ad33 a4f2 52aa 39e7 31c7 31a7 31c7 31c7 31c7 31c7 31c7 31c7 4a8a 8c92 94b2 8c51 8410 8410 73af 31a7 31c7 31c7 31c7 31c7 a513 5289 31c7 31c7 31c7 31c8 29aa 194c 192f 1932 2154 1935 1955 1956 1935 1935 1955 1955 1955 1955 1935 1935 1955 1954 2172 298f 31aa 31c8 31c7 31c7 31c7 31a7 31c7 7bef 52ca 31c7 31c7 31c7 31c7 31c7 31c7 39c7 39c7 31a6 7bce 6b8d 31a6 31c7 31c7 31c7 31c7 31c7 31e7 31c7 31c6 6b6d 7c0f e73c ef7d f77e f77d ef7d ef7d ef7d f79e f79e ef7d ef7d ef9d ef9e ef7d ef9d ef5d ce59 be18 52ab 31a7 52aa 7c0f 31c7 31c7 31c7 31c7 31c7 31c7 31c7 31a6 5acb 8410 8410 8430 9492 9492 738e 31c7 31c7 31c7 31c7 31c7 4248 8c91 39e7 31c7 31a7 31c7 31c7 31c7 31c7 31c7 31c7 4248 9492 3a08 31c7 31c7 31c7 31c7 31c7 31c7 31c7 31c7 41e8 8c71 4208 31c7 31c7 31c7 31c7 31c7 31c7 31c7 31c7 39c8 4a69 630b a533 9cf2 630b 5289 738d ad34 83ef 4a69 8c70 9cb2 4228 3a08 4a49 4249 31c7 31c7 31c7 31e7 31c7 4228 8c71 3a08 39c7 31c7 31c7 31c7 31c7 31c7 31c7 31c7 3a08 94b2 39c7 31c7 31c8 31c7 31c7 31c7 31c7 31c7 31c7 31c7 94d2 4248 39c7 31c7 31c7 31c7 31c7 31c7 31c7 31c7 39c7 8c51 4a69 31c7 31c7 31c7 31c7 31c7 31c7 31c7 31c7 31a6 8c71 
31c6 31c6 31c7 31c7 31c7 31c7 31c7 31c7 31c7 528a 8c71 31c7 31c7 39c8 31c7 31c7 31c7 29c6 31c7 31c7 4249 5aec 31e7 31e7 29a6 31c7 31c7 31c7 31c7 31c7 31c7 73ae 634c 31c6 31e7 31c7 31e7 31e7 31c7 31e7 31a7 31a7 634d 6b8e 39c7 31c7 39c7 31c7 29c6 29c6 31c7 31c7 31c7 5aec 8410 39c7 31c7 31c7 31c7 31c7 31c7 31c7 31c7 31c7 52ca 7c0f 31e7 31c7 31c7 31c7 31c7 31c7 31a7 31a7 31a7 52ab 8c71 31a7 31c7 31c7 29c6 29c6 31e6 4248 4249 31c7 5289 a513 9491 5269 8430 a514 8c30 5269 8c30 6b2c a533 9cf2 4a89 39e7 39c7 31c7 39c7 31c7 31a7 31c7 31c7 31c7 5aec 9492 9492 8c51 7bef 7c0f 6b6d 31c7 31c7 31c7 31c7 31c7 9cf3 4a69 31c7 31c7 31c7 31c8 31c8 29a9 216b 216d 2170 2993 2153 2134 1934 2155 1935 1935 1955 1955 1935 1935 1935 2154 1952 196f 29ca 31e8 31e7 31c7 31c7 31c7 31c7 7bef 52cb 31c7 31c7 31c7 31c7 31c7 31a6 31c6 31c6 31c6 73ce 6b8d 31c7 31c7 31c6 31c6 31c7 31c7 31c7 31c7 31c7 6b6d b595 ef9d ef9d f79d ef7d ef7d f77d f77e ef5d ef7d f79e f79e f77e ef5d e71c ce7a ad95 8c71 5b0c 39e7 31c6 52aa 840f 39c7 31a7 31a7 31c7 31c7 31c7 31c7 31c7 4a6a 7c0f 7c0f 842f 8c91 9492 7bef 31c7 31c7 31c7 31c7 31c7 4248 8c91 39c7 39c7 39c7 31c7 29c7 31c7 31c7 31c7 31c7 4248 94b2 39e7 31c7 31c7 31c7 31c7 31c7 39c7 39c7 31c6 3a07 8c91 3a07 31e7 31c7 31c7 31c7 31a7 31a7 31c7 39c7 39e8 4a49 632b ad33 9cd1 630a 7bee 5289 94d1 9cf2 5aca 73ad 94b2 4208 3a08 39e8 4a6a 39c8 39c7 39c7 31c7 31c6 4228 8c71 3a07 31c7 31c7 31c7 29a7 31c7 31c7 31c7 31c7 4229 94b2 3a07 31c6 29c6 31c7 31c7 31c7 31c7 31c7 31c7 31a6 94b2 4249 31c7 31c7 31c7 31c7 31c7 31c7 31c7 31c6 39e7 8c50 4a69 39e7 31c7 31a7 31c7 31c7 31c7 31c7 31c7 31c7 8c71 
31c7 31c7 31c7 31c7 31c7 31c7 31c7 31c7 31c7 52aa 8c91 31c7 31c7 31c7 31c7 31c7 31c7 31c7 31c7 31c7 4269 5b0c 31c7 31c7 31c7 31a7 31c7 31c7 31c7 31c7 31c7 73ae 636d 31c7 31c7 31c7 31c7 31c7 31c7 31c7 31c7 31c7 634d 6b8e 31e7 31c6 31c7 31c7 31c7 31c7 31c7 31c7 31c7 5aec 8410 39c7 31c7 31c7 31c7 31e7 31c7 31c7 31c7 31c7 52cb 8430 31e7 31c7 31c7 31c7 31c7 31c7 31c7 31c7 39e7 52aa 8c71 31c7 31c7 31c7 31c7 31c7 39e7 4a69 39e8 39c7 5289 a513 6b6c 5aea a512 a513 62ea 734c 9491 6b2c ad33 8c70 4a69 39e7 31e7 31e7 31e7 31c7 31e7 31c7 31c7 31a6 6b8e 9492 94b2 8430 7c0f 8410 5b0c 31a7 31c7 31c7 31c7 31c7 9cf3 4a89 31e7 31c7 31c7 31c7 31c8 31c8 31c8 31c8 31e9 73d2 320d 298d 2170 2151 2153 2154 1954 2154 1955 2155 1955 2156 2155 2152 298d 31c9 31c8 31a7 31c7 31c7 31c7 7bef 52ab 31c7 31c7 31a7 31c7 31c7 31c7 31c7 31c7 31e7 73cf 6b8e 31c7 31c7 31a7 31c7 31c7 31c7 31c7 31c7 31c7 6b6e df1c ef7d ef7d f79e ef7d ef7d f79e ef7d ef7d e71c dedb ce59 8c92 738e 52ab 4208 31c7 31a6 31c7 31c7 39c7 528a 7c10 31c7 31c7 31c7 31c7 31c7 31c7 31c7 31c7 4228 7c0f 7bef 840f 8c71 94b2 8430 3a08 31c7 31c7 31a7 31c7 4249 8c92 31e7 31c7 31a7 31c7 31c7 31c7 31c7 31c7 31c7 4248 94d2 3a08 31c7 31c7 31c7 31c7 31c7 31a7 31a7 31c7 3a08 8c92 4229 31c7 31c7 31c7 31c7 31c7 31c7 31c7 31c7 3a08 6b4d 52aa 9cf2 9cd2 632b 9cf2 5aca 738d a533 7bef 5269 8c50 4228 3a08 31c7 4249 4228 39c7 39c7 31c7 31c7 4228 8c71 3a08 31c7 31c7 31c7 31c7 31c7 31c7 31c7 31c7 4229 94b2 3a08 31c7 31c7 31c7 31c7 31c7 31c7 31c7 31c7 31c7 94b2 4249 31c7 31c7 31c7 31c7 31e7 31c7 31c7 31c7 39e7 8c51 4a89 31c7 31c7 31c7 31c7 31e7 31c7 31c7 31c7 31c6 8c71 
39e8 31c7 31c7 31c7 31c7 31c7 39e8 31e8 39e7 4a8a 73ae 39e8 31c7 31c8 31c7 31c7 31c7 31c7 31c7 31c7 4249 52ab 39e8 31c7 31c7 31c7 31c7 31c7 31c7 31c7 39e7 632c 5aeb 39e8 31c7 31c7 31c7 31c7 31c7 31e8 31e8 39e8 5aec 632d 3a08 31c7 31c7 31c7 31c7 31c7 31e8 31c7 39c8 52ab 6b8e 39e8 31e7 31c7 31e7 31c7 31c7 31c7 31c7 39e8 4a8a 6b8e 39e7 31c7 31c7 31c7 31c7 31c7 31c7 31c7 31c7 528a 73cf 39e8 31c7 31c7 31c7 31c7 4229 4a29 31c7 31a7 5289 9491 5289 8c30 a513 8c2f 5288 9491 840f 5aca 842f 630b 4a69 3a08 31e8 31c8 31c8 31c7 31c7 39c7 39c7 39c7 73af 9492 94b2 8430 7c0f 8430 4aaa 31c7 31c7 31c8 31c7 39e7 8410 4a49 31c7 31c7 31c7 31c7 31c8 31c8 31c8 31c8 39e8 6b8d 3a48 31e8 31c8 31c9 29aa 298b 298d 298f 2171 2152 2154 1935 2135 2152 298d 31ca 31a8 31c8 31c8 31e8 39e8 634d 4a8a 39e8 31c7 31c7 31c7 31c7 31c7 31c7 31e7 39e7 634d 5b0c 31e7 31c7 31e7 31c7 31c7 31c7 31c7 39c8 31c7 634d ef7d ef7e f7be ef7e e71c ce9a b5b7 9492 73af 52cb 634d 6b8e 31c7 31c7 31c7 31c7 31c7 31c7 31c7 31e7 31c7 4a8a 6b6d 39e8 31e7 39e8 31c7 31c7 31c7 31c7 39e7 4208 7bef 7bef 83ef 8c71 94b2 8c71 4229 31a7 39c7 39c7 39e7 4229 73cf 3a08 31e8 31e8 31c7 31a7 31c7 31e7 31e8 39c8 4249 7bcf 3a08 39c8 31e8 31c7 31c7 31c7 31e8 31c7 31c8 3a08 73af 3a29 31e8 31c8 31c8 31c7 31c7 31e7 31c7 31c7 3a08 73ae 4248 6b8d 7c0f 5b0b a513 840f 52a9 9cb1 a4f3 5aaa 630b 4228 3a08 31c7 3a08 4a6a 39e8 31c7 39e8 39c8 4229 73af 3a08 31c7 31c7 31c8 31a7 31c7 31c7 31c7 39e8 3a08 7bef 3a08 31e7 31c7 31c7 31c7 31c7 31e7 31c7 31c7 31e7 73cf 4249 31e8 31c7 31c7 31c7 31c7 31c7 31c7 39e7 39e7 73ae 4a6a 31c7 31e8 31c7 31a7 31c7 31c7 31e8 31e7 39e7 73ce 
3a09 3a09 3a09 3a08 31c7 39e8 3a08 3a08 3a08 39e8 3a08 39e8 3a09 3a09 39e8 31c8 3a08 3a08 3a08 3a08 3a08 3a08 3a08 3a09 3a08 39e8 31c7 3a08 3a29 3a08 3a08 3a08 3a08 3a08 3a09 3a08 39e8 31c7 39e8 3a09 3a09 3a08 3a08 3a08 3a08 3a08 3a09 39e8 31c7 39e8 3a09 3a08 3a08 3a08 3a08 3a08 3a08 3a09 39e8 31c7 39e8 3a08 3a08 3a08 3a08 3a08 3a08 3a08 3a08 3a08 31c7 31e8 3a09 3a08 3a08 528a 4a49 39e8 39e8 39e8 3a08 3a08 4a6a 4a29 31c7 39c7 4a89 6b4c 5aeb a513 a513 5aaa 6b4c 73ae 4208 4208 4229 41e8 39e8 39e8 3a09 3a09 3a08 31c8 31e8 3a08 3a08 4229 8431 9493 8c72 8410 7c10 7c10 4249 31c7 3a08 3a08 3a08 39e8 3a08 3a08 3a08 3a09 3a08 31e7 31c7 3a08 3a08 4208 39e8 3a09 39e9 3a09 3a09 3a08 31e8 31c8 3a09 3a0a 320b 31ec 29ec 29cd 29ae 298d 31eb 31e8 31c8 3a08 3a09 3a09 3a08 3a08 3a08 3a08 3a08 3a09 39e8 31c7 3a08 3a09 3a08 3a08 3a08 3a08 3a08 3a08 3a08 39e8 31c7 39e8 3a08 39e8 3a08 4229 a555 b5d7 94d3 73af 52cb 3a08 3a08 4209 3a08 3a08 3a29 3a08 3a08 3a08 3a09 39e8 31c7 39e8 3a08 3a09 3a09 39e8 3a08 3a08 3a08 3a09 39e8 31c7 39e8 3a08 3a08 4228 73ae 840f 840f 8c51 9492 9492 4a6a 39e8 3a09 3a09 3a09 39e8 3a08 39e8 39e7 4208 3a08 31c8 31e8 3a09 3a09 3a09 3a08 3a08 3a08 3a08 3a08 3a08 31c7 31e8 3a08 3a08 3a09 3a08 3a08 39e8 39e8 4229 4a8a 39e8 31e8 3a08 3a08 3a09 3a08 3a08 3a08 3a08 3a08 4228 8c71 9cf3 5ac9 738d ad33 842f 4a69 4229 3a08 31c7 39e7 4a69 4249 3a08 3a29 3a09 39e8 3a08 3a08 3a08 3a08 3a09 31e8 31c7 3a08 3a08 3a08 3a08 39e7 3a08 3a08 3a08 3a08 31c7 31c7 3a08 3a08 3a08 3a08 3a08 3a09 3a09 3a08 3a09 31e8 31c7 3a09 3a08 3a08 3a08 3a08 39e8 3a08 3a08 3a09 39e8 31c7 3a08 3a08 3a08 3a08 3a07 
39e8 3a08 3a09 3a08 31c8 3a08 3a09 3a09 39e8 39e8 39e8 39e8 39e8 3a09 3a09 31e8 3a09 3a09 39e8 39e8 39e8 39e8 39e8 3a08 3a08 39e8 31e7 3a08 3a08 3a08 31e8 39e8 39e8 39e8 3a08 3a08 3a09 31e8 3a08 3a09 3a08 39e8 31e8 39e8 39e8 3a08 3a09 3a08 31c7 3a08 3a08 39e8 31e8 31e8 39e8 39e8 39e8 3a09 3a09 31c8 39e8 3a09 3a08 39e8 39e8 39c8 39c8 39e8 3a09 3a09 31e8 3a08 3a08 39e8 634d dedb d6ba bdf7 9cf3 738e 52ab 528a 4229 4a29 31c7 39e7 4a69 4a69 842f a533 840f 4a69 6b6d 632d 3a08 3a09 39e9 31c8 31c8 39e8 39e8 3a08 3a08 39e7 3208 3a29 3a09 3a29 8c72 9492 9471 8410 8410 7bf0 3a08 39c8 3a08 3a08 39e8 31e8 39e8 39c8 39e8 39e9 3a08 39e8 31c7 3a29 3a08 39e8 39e8 39e8 31c8 39c8 3a09 3a09 39e8 31e8 3a08 3a08 3a08 31e8 31e8 31e9 31e9 320a 3208 3a08 31c8 3a09 3a08 39e8 39e8 39e8 39e8 39e8 3a08 4229 39e8 31c7 3a08 3a09 39e8 39e8 39e8 31c7 39e8 3a08 3a08 3a08 31c8 3a08 3a09 3a08 31e8 31e8 39e8 39e8 39e8 3a08 3a08 39c8 3a08 3a09 3a08 39e8 31e8 39e8 31e8 39e8 3a09 3a09 31e7 3a08 3a09 3a08 31c8 31e8 31e8 31e8 39e8 3a09 3a08 31c8 3a08 3a09 3a08 39e8 6b6e 8410 840f 8c51 9492 9492 5aec 3a08 3a28 3a08 31e8 31e8 31c7 31e8 3208 3a28 3a08 31c7 31e8 3a29 3a09 31e8 31c8 31e8 39e8 39e8 3a08 3a08 39e8 39e8 3a08 39e8 3a08 4a49 630c 8c31 b596 ce59 e6fb 94b2 39e8 3a29 3a08 39e8 31e8 31e8 39e8 39e8 3a08 3a08 73ae a513 5aea 5289 9cd2 a513 5aca 4a69 4208 31c7 39e7 4a69 4a69 4229 3a08 39e8 31c8 39e8 39e8 39e8 3a09 3a09 39e8 39e8 3a09 3a09 3a08 39e8 31c7 31e8 39e8 3a09 3a09 39e8 39e8 3a08 3a09 39e8 31e7 39e8 31e8 31e8 3a08 3a08 3a08 31c7 3a09 3a09 39e8 39e8 39e8 39c8 39e8 3a08 3a09 3a09 31e8 39e8 3a08 3a08 31e8 31e7 
39e8 39e8 3a08 3a09 31c7 3a29 39e8 31e8 31e8 31e8 39e8 31e8 31e8 3a09 3a09 31c8 3a28 3a08 31e8 39e8 39e8 39e8 31e8 39e8 4229 39e8 31e7 39e8 39e8 31e8 31c8 39e8 31e8 31e8 31e8 3a08 3a08 31e8 3a08 3a08 39e8 31e8 39e8 39e8 39e8 31e8 3a09 3a09 31c7 3a08 3a08 31e8 31e8 31e8 31e8 31e7 39e8 3a08 3a09 31c8 3a09 3a09 39e8 31e8 39e8 39e8 39e8 39e8 39e8 3a09 31c7 3a08 3a09 31c7 8c71 ef7d ef5c ef5c ef5c ef7d e73c d69a b5b6 9cb2 6b6d 5aab 5289 62eb a513 9cf2 5aea 5aca 6b6d 6b2c 41e7 4207 5268 5288 4a47 4207 39e7 39e7 3a08 31e7 3a08 3a08 39e8 4a4a 8c92 9492 8c51 83f0 83f0 7bcf 39e8 39e8 3a08 39e8 31e8 31c7 39e8 31e8 39e8 39e8 3a09 39e8 31c7 3a08 3a08 31e8 31e7 31e8 39e8 31e8 39e8 3a09 31e9 31c8 3a09 39e8 39e8 39e8 39e8 39e8 31e8 31e8 39e8 3a09 31e8 39e8 3a08 39e7 31e8 31e8 31e8 39e8 39e8 3a09 3a08 31e8 3a08 3a08 39e8 39e8 39e8 39e8 31c7 39e8 3a08 39e8 31e8 3a08 3a08 31e8 31e8 39e8 39e8 39e8 39e8 3a08 3a08 31c8 3a09 3a08 39e8 39e8 31e8 39e8 31e8 31e8 3a09 3a09 31c7 3a08 3a08 39e8 39e8 39e8 31e8 31e8 31c8 3a09 3a29 31c7 3a08 3a09 31e8 31c7 5b0c 8410 8410 8430 9492 9492 6b6d 3a08 3a08 31e8 39e8 39e8 39c7 39e7 39e7 4a29 5a89 5248 4a28 4207 39e7 39c7 39e8 31e8 39e8 31c8 3a08 3a08 4a6a 630c 8430 ad55 c638 defb ef3c ef5c ef3c f75d ef3c ce38 3a08 3a08 39e8 39e8 39e8 39e8 39e8 39e8 39e8 3a08 73ae a513 62eb 528a 738d a513 842f 4a69 4228 39c7 39e7 4228 4229 4249 39e8 31c8 39e8 39e8 31e8 39e8 39e8 3a09 39e8 39e8 3a08 39e8 39e8 31e8 39e8 39e8 31e8 39e8 3a08 39e8 31e8 3a08 3a09 31e8 31e7 39e8 39e8 39e8 31e8 3a08 39e8 31c7 3a09 39e8 39e8 31e8 39e8 39e8 39e8 39e8 3a09 39e8 39e8 39e8 39e8 39c8 31e8 31e8 
31e8 31e8 39e8 3a09 31c7 3a08 39e8 31e8 31e8 31e8 31e8 31e8 39e8 39e8 3a09 31c8 3a08 39e8 39e8 39e8 31e8 39e8 39e8 39e8 39e8 3a08 31c7 3a08 39e8 31e8 39e8 31e8 31e8 31e8 39e8 39e8 3a08 31c7 3a08 3a08 39e8 39e8 31e7 31e8 31e8 31e8 3a08 3a08 31c7 39e8 31e8 31e8 31e8 31e8 31e8 31e8 31e8 39e8 3a08 31c7 3a08 3a08 39e8 31e8 31e8 31e8 39e8 39e8 39e8 39e8 39c8 3a08 39e8 39c7 a514 ef5d ef5c ef3c ef3c ef3c ef5c ef3c ef3c ef5c ef5c e6fb ad54 8c50 a513 840f 5289 840f 734c 836c 8bab bccf d551 dd51 d551 bcf0 9c2e 7b8b 630a 5268 4a07 49e7 39a6 5acb 9492 94b2 8c51 7bef 7bf0 738e 39e7 39e8 3a08 31e8 39e8 39e8 31e8 31e8 39e8 39e8 3a08 39e8 39e8 3a08 31e8 31c8 31e8 31e8 31e8 31e8 31e8 3a08 3a07 39e7 3a08 39e8 39e8 39e8 39e8 39c8 31e8 31e8 39e9 39e8 31c8 3a09 39e8 39e8 31e8 31e8 39e8 39e8 31e8 3a08 3a08 31c7 3a08 31e8 31e8 31e8 31e8 31e8 3a08 31e8 39e8 3a08 31c7 3a08 39e8 31c7 39e8 39e8 39e8 39e8 31e8 39e8 3a08 31c8 3a08 3a08 39e8 39e8 39e8 39c8 39e8 39e8 31e8 3a09 31c7 3a08 39e8 39e8 39e8 31e8 39e8 39e8 39c8 39c8 3a08 39c8 3a09 39e8 39e8 39c8 52cb 8410 7bef 8410 9491 9491 73ae 39e8 3a08 39e7 4a28 6289 7b0a 9bcc bcaf cd31 d572 d572 c510 a42e 6aa9 41c6 39c7 39e8 31e8 39e8 31c7 6b6e d699 ef3c ef7c ef5c ef3c ef5c ef5c ef5c ef5c ef3c ef5c e71b 4249 39e8 39e8 39e8 31e8 39e8 39e8 39e8 39c8 4208 73ad a513 632b 7bce 5289 9cd2 9cd2 52aa 4228 39e7 4208 4228 39e8 4a6a 3a08 31c7 3a08 31e8 39e8 31e8 39e8 39e8 3a08 39e7 3a08 39c8 39e8 39e8 31e8 31e8 31c7 39e8 39e8 39e8 31e8 3a28 31e8 39e8 31e8 31e8 39e8 39e8 31e8 39e8 3a08 31c7 3a08 39e8 31e8 39e8 31e8 39e8 39e8 39e8 39e8 3a09 31c7 3a08 39e8 39c8 3a08 31e8 
39e8 39e8 39e8 4229 6b6e 3a28 39e8 3a08 31e8 31e8 31e8 31e8 31e8 31e8 3a08 5b0c 39e8 39e8 39e8 39e8 39e8 39e8 39e8 31e8 39e8 4249 634d 3a08 31e7 3a08 31e7 31e8 39e8 39e8 39e8 39c8 4249 634e 3a08 31e8 3a08 31e8 31e8 31e8 31e8 31e8 31e8 3a29 6b8e 4229 31c7 39e8 31e8 31e8 31e8 31e8 3a08 39e8 3a08 634d 3a29 31e8 31e8 31e8 31e8 31e8 39e8 31c8 31e8 3a08 6b6d 4249 39e8 3a08 c638 ef5c ef5c ef5c ef3c f75c f73c f73c f75c f75c ef3c ef3c deba ad13 a512 5aea 738c 9450 8bac cd72 e5b2 edb1 ed91 f591 ed91 ed91 ed91 ed92 e571 d531 bcd0 a42e 7b6c 7bad 94b1 9492 8430 7c10 8410 6b2d 630c 52cb 3a08 31e8 31e8 31e8 31e8 31e8 39e8 31e8 39e8 4aab 52cb 39e8 39e8 39e8 39e8 39e7 31e7 3207 39e8 31e8 52cb 5b0c 39e8 39e8 3207 31e7 31e7 31e8 39e8 39e8 39e8 4a4a 5b0c 3a08 39e8 31c8 3a08 31e8 31e8 31e8 3207 3207 4a69 6b6e 3a08 39e8 31e8 31e8 31e8 31e8 31e8 39e8 39e8 4229 632d 3a08 31e8 31e8 31e7 31e8 39e8 39e8 39e8 39e8 4249 6b8e 3a08 39e8 39e8 39e8 39c8 39e8 39e8 31e7 39e8 39e8 6b6e 4229 39e8 39e8 39e8 31e8 39e8 39e8 39e8 39e8 4229 6b4e 424a 31c8 39e8 39c8 526a 83f0 83f0 83f0 9491 9491 8c51 7b6c 9bed b48f cd11 dd72 e5b2 edb1 edb1 ed90 ed90 f591 ed91 e5b2 d572 8bad 41e7 39e7 39e8 39e8 31c7 8c71 ef5c ef5c ef5c ef3c ef3c f75d ef5c ef5c ef5c ef5c ef5c e73c 632c 39e8 39e8 39e8 31e7 31e7 31e8 31e8 39e8 39e8 738d a513 630c 9cb2 5aca 6b6d a513 842f 4a69 632c 6b4d 5aeb 5aeb 4a49 4a49 39e8 39e8 39e8 39e8 39e8 39c8 39e8 52ab 5aec 39e8 31c7 31e8 31e8 31e7 31e8 39e8 39c8 39e8 4a8a 634d 39e8 31e8 31e8 31e8 31e8 39e8 31e8 31e8 3a08 4249 634d 3a08 39e8 39e8 39e8 39e8 39e8 39e8 39e8 39e8 4249 634d 3a08 31c7 39e8 31e7 3208 
31e8 31c7 31e7 3a28 94d3 4229 39e8 39e8 31e8 31e8 31e8 39e8 39e8 31c7 39e7 8430 31c7 31e7 31e8 3208 31e8 31e8 31e8 3a08 31e7 4289 8c91 3a08 39e8 39e8 39e8 39e8 31e8 31e8 39e8 39e8 4a69 8c92 39e7 39e8 31e8 31e7 3a08 31e8 39e8 31e8 31e7 4249 94f2 4228 31e7 31e8 31e8 31e8 39e8 39e8 31c7 31c7 4228 8c92 4249 39e7 39e8 39e8 31e7 31e7 3208 3a08 31e7 3a08 94b2 528a 31c7 3a08 d6ba ef5c ef3c ef3c f75c f75c ef3b ef5b ef5b ef5c ef5c f73b eed8 c572 a46f 6ae9 a4af bd10 d551 edb2 ed91 f5b1 ed90 edb0 edb0 edb1 edb1 edb1 ed91 f5b1 e590 e5b1 ddd3 b4d0 9471 9492 8431 8410 7bef 630b 7c0e 6bad 39e7 39e8 39e8 3a08 31c8 31c8 39e8 39e8 39e8 5b0c 73ae 39e8 31e7 31e7 3a08 3a08 39e8 39e8 39e8 39e8 6b4d 8410 3a08 39c8 39e8 39e8 3a08 39e8 31e7 31e7 3a08 4aaa 7bef 39e8 39e8 39e8 31c7 31e8 39e8 39e8 39e8 39e7 5acb 94b2 31e7 31e7 31e7 31e7 31e7 31e8 39e8 39e8 31c7 4228 8451 3a08 39e8 39e8 39e8 3a08 31e7 31e7 31e7 3207 4a89 9d13 3a08 31e7 31e8 31c7 39e8 31c8 39e8 31c8 39e8 39e8 8cb2 4248 3207 31e8 31e8 31e8 3a08 31e8 31e7 31c7 4208 94b2 4a6a 39e8 39c6 41e7 4a48 7bef 840f 840f 8c71 9c91 a490 d5b3 e591 ed91 ed91 ed91 ed91 ed91 edb1 f5b1 ed90 edb0 edb0 edb1 e591 e5b2 a44e 5226 49e6 62a9 7b6c bd53 f73c f75c f75c f75c ef5c ef5c ef5c ef5c ef5c ef5c ef5c ef7d 73af 39e8 31e8 39e8 39e8 39e8 39e8 39e8 31c7 31e7 6b6c a533 632b a4f2 840f 5269 9490 9cf2 5aea 6b6d 8c71 738e 7bcf 3a08 4269 3207 39e7 39e8 31e8 31e8 39e8 39e8 5b2c 73cf 31e7 39e8 31e8 31e8 39e8 39e8 31c7 31c7 3a08 5aeb 8c71 39e8 31e8 3a08 31e8 31e8 31e8 31e8 31c8 39e8 52ca 8c92 3a08 31e7 31e8 31e8 31e8 31e8 39e8 39e8 31c7 4a6a 8c71 39e8 39e8 39e8 39e8 39e8 
39e8 39e8 31e7 4228 94b2 4228 39e7 39e8 31e8 31e8 39e8 39e8 39c8 39e8 39e8 8410 31c7 39e8 31e8 39e8 39e8 39e8 39e8 39e8 39e7 4a6a 8c91 3a07 39e8 39e8 39e8 39e8 39e8 39e8 39e8 39e8 4a69 8c92 39e7 31c7 39e8 39e8 39e8 39e8 39e8 39e8 39e8 4228 9cf3 4227 39e8 39e7 39e8 39e8 39e8 39e8 39e8 39e8 3a08 8c92 4249 39e8 31e8 31e8 31e8 31e8 31e8 39e8 31c7 4208 94b2 4a69 39e8 4a8a e71b ef5c ef5c ef5c f75c ef5c ef3c ef5c ef5c ef3c ef3c f73b ee97 ddd3 e5b2 dd71 dd91 e591 edb1 ed91 edb0 edb1 edb0 edb0 edb1 edb1 edb1 edb1 edb1 edb0 edb0 e5b1 ddb3 acb0 9c91 9492 840f 83ef 8c0e acf1 c573 acd1 5248 39e7 31c7 39e8 39e8 39e8 39e8 39e8 39e7 5b0c 6b8e 39e7 31e8 31e8 39e8 39e8 39e8 39c8 39e8 39e7 634c 8410 3a08 39e8 39e8 39e8 39e8 39e8 31c7 39e8 3a08 528a 7bef 39e8 39e8 39e8 39e8 39e8 31e8 31e8 39e8 3a08 52ca 94d2 39e8 39e8 31e7 31c7 39e8 39e8 39e8 39e8 31e7 4249 8451 3a08 39e7 39e8 39e7 39e7 39e8 39e8 39e7 39e7 4a89 9cf3 39e8 39e8 39e8 39e8 39e8 39e8 39e8 39e8 39e8 31c7 94b2 4228 39e7 39e8 39e8 39e8 31e8 31e8 31e8 3a08 4208 94b2 4a69 41e7 83ac acb0 bd32 940f 83ef 8410 8c51 9491 a470 d592 e5b2 edb1 edb1 edb1 edb1 edb1 edb0 ed90 edb1 edb1 edb0 edb1 edb1 ed91 e5b2 cd10 d551 ddb2 ddb2 e5f4 ff3b f73c ef3c ef3c ef5c ef5c ef5c ef5c ef5c ef5c ef5c ef5d 8c51 39e8 39e8 39e8 39e8 39e8 39e8 39e8 39e8 39e7 4a69 9cd2 632c 9cd2 a513 5aca 6b6c a513 8430 4a69 7bef 738d 73ae 39e7 4a69 4249 31c7 39e8 31e8 31e8 39e8 39e8 632c 73cf 39e7 31e7 31e8 31e8 31e7 39e8 39e8 31c7 39e7 5aeb 8c71 39c7 39e8 39e8 39e8 39e8 39e8 39e8 39e8 39e8 5289 8c71 3a08 39e7 31e8 39e8 39e8 39e8 39e8 39e8 31e7 4a8a 8471 3a08 39e8 39e8 39e8 39e8 
39e8 39e8 39e7 4228 9492 4249 39e7 39e8 39e8 39e8 39e8 39e8 3a08 39e8 4208 7bf0 39c7 39e8 39e8 39e8 39e8 39e8 39e8 39e8 39e7 4a69 8c91 3a08 39e7 39e8 39e7 39e7 39e8 39e8 39e8 39e8 4a69 8c51 3a08 39e8 39e8 39e8 39e7 39e7 39e8 39e8 39e8 4228 94d2 4228 39e7 39e8 39e7 39e7 39e8 39e8 39e7 3a08 4228 8c71 4248 39e7 3a08 39e8 39e8 39e8 39e8 39e8 3a08 4208 8c71 4a6a 39e7 632c ef7d ef3c ef5c ef5c ef5c ef5c f75c ef5c ef3c ef5c f75c ff5b ee55 e5b2 ed91 ed90 f590 f590 f590 f5b1 edb0 edb1 edb0 ed91 edb0 edb1 edb0 edb0 ed91 edb1 edb1 edb1 ddb3 ac90 9c71 9471 83ef 83ee 8bed cd72 e592 e593 93ee 41c6 39e7 39e8 39e8 39e8 39e8 39e8 39e7 630c 6b6d 3a08 39e8 39e8 39e8 39e8 39e8 39e8 39e8 39e7 6b4c 7bef 39e7 39e8 39e8 39e8 39e8 39e8 39e8 39e8 39e7 52aa 7bcf 41e8 3a08 39e8 39e8 39e8 39e8 39e8 39e7 39e8 5acb 9492 3a08 39e8 3a08 39e8 39e8 39e8 39e8 39e8 3a08 4228 8451 3a08 39e8 39e8 39e8 39e8 39e8 39e8 39e7 39e7 4a89 94d3 39e7 3a08 39e8 39e8 39e8 39e8 39e8 39e8 3a08 39e7 9492 4228 39e7 39e8 39e8 39e8 3207 31e8 39e8 39e8 4229 9492 5269 6288 ddd3 ddb2 ddb3 a42e 83ef 7bf0 8451 9491 9c6f cd52 e5b2 edb1 edb1 edb1 edb1 edb1 edb1 edb1 edb1 edb1 edb1 edb1 f590 f590 edb0 edb0 ed90 f590 ed90 e5d2 ff19 f73b ef3c ef5c ef5c ef5c ef5c ef5c ef5c ef5c ef5c ef5c a514 39c7 39e8 39e8 39e8 39e8 39e8 39e8 39e8 39e7 4228 738d 632b 9cd2 a513 6b2c 5289 9491 9cf3 5acb 52aa 738d 73ae 39e7 4a69 4a69 4208 39e7 3a08 39e8 39e8 39e8 632c 73af 39e8 39e8 39e8 39e8 39e8 39e8 3a08 39e8 39e7 5aeb 8c51 39e7 3a08 39e8 39e8 39e8 39e8 39e8 39e8 39e8 5289 8c51 3a08 39e8 39e8 39e8 39e8 39e8 39e8 39e8 39e8 4a8a 8450 39e7 39e8 39e8 39e8 39e8 
6b6e 6b4d 6b6d 6b6d 7bcf 6b4d 6b6e 6b4d 6b6e 6b6e 6b6e 6b6e 6b4e 6b4d 6b6d 73af 6b6d 6b4d 6b6e 6b6e 6b6d 6b6d 6b6d 6b6d 6b6d 6b8d 7bce 6b6d 6b6d 6b6e 6b6d 6b6d 6b6d 6b6e 6b6e 6b6d 6b6d 7bcf 6b4d 6b4d 6b6e 6b6e 6b6d 6b6d 6b6e 6b4d 6b6d 6b6d 6b4c 6b4d 6b4d 6b6e 6b6d 6b6d 6b6d 6b6d 6b6e 6b6e 6b6d 73af 6b4d 6b6e 6b6d 6b6e 6b6e 6b6d 6b6e 6b6e 6b4d 6b6d 7bcf 6b6e 6b6d 9492 f77d ef3c ef5c ef5c ef3c ef3c f75c f75c ef5c ef5c ef3b ff3b ee15 edb2 edb1 edb1 edb1 edb1 ed91 ed91 ed91 edb1 ed91 ed91 edb0 edb0 edb1 edb1 ed91 edb1 edb1 e5b2 d593 a470 9491 8c71 7c0f 840f 940e d592 ed91 e592 ac6f 734c 6b6d 6b6d 6b6e 6b6e 6b6e 6b4e 6b6d 738e 738e 6b6d 6b6e 6b6e 6b6d 6b6d 6b4d 6b6d 6b6d 6b4d 738d 73ae 6b6d 6b4d 6b6e 6b6e 6b6e 6b6d 6b6d 6b6e 6b4d 6b6e 73ae 6b4d 6b6e 6b6e 6b6d 6b6d 6b6e 6b6e 6b6d 6b6d 6b6d 7bcf 6b6d 6b6e 6b6d 6b4d 632c 632d 6b6e 6b4d 6b6d 6b6d 73cf 6b6d 6b6e 6b6e 6b6e 6b4e 6b6e 6b6e 6b6d 6b6d 6b6d 7bcf 6b6d 6b4d 6b6d 6b6e 6b6d 6b6d 6b6e 6b6e 6b6d 6b6d 7bcf 6b6d 6b6d 6b4d 6b6e 6b6e 6b6d 6b6d 6b6d 6b6d 6b4d 73af 736d 838c dd92 edb2 e5b3 ac8f 840f 7c10 8450 9491 9c90 bd32 e5b2 ed91 edb1 edb1 edb1 edb1 edb1 edb1 ed90 ed91 edb1 ed91 ed90 f590 f5b0 f5b0 edb1 ed91 edb1 e5b3 f6f9 f75c ef3b f73c ef3c ef5c ef5c ef5c ef5c ef5c ef5c ef5c ce79 6b4d 6b6e 6b6e 6b6e 6b6d 6b6e 6b6e 634d 6b6d 6b6d 738d 738d 7bce 7bee 736d 6b6d 73ae 7bcf 738e 6b6d 73ae 73ae 6b4d 6b6d 6b6d 6b6d 6b4d 6b6d 6b6d 634d 632d 6b6d 738e 6b6d 6b6e 6b6e 6b6e 6b6e 6b6e 6b6e 6b4d 6b6d 738e 7bcf 6b4d 6b6e 6b6e 6b6e 6b6e 6b6d 6b6d 6b6e 6b6d 6b6d 7bcf 6b6d 6b6e 6b4e 6b6e 6b6d 6b6d 6b6d 6b6d 6b4d 6b6e 7bce 6b6d 6b6e 6b4e 6b6d 6b6d 
632d 630c 632d 632c 632d 630c 632d 630c 632d 632d 632d 632d 632d 630c 632c 632c 632d 632c 632d 632d 632c 632d 630c 632c 632c 632c 634d 632c 632c 632d 632c 632c 632d 632d 630d 632c 630c 6b4d 630c 630d 630d 632d 632d 632c 632d 632d 632c 632c 632c 738e 632c 632d 632c 632c 632c 632c 632d 632d 630c 6b4d 632c 632c 632c 632d 632c 632c 632d 632d 632d 630c 632d 632c 632c ad75 ef5c ef5c ef5c ef5c ef5c f75c f73c f73c ef5c ef5c f73b ff3a e5f3 edb1 edb1 edd1 e5b1 edb1 edb1 edb1 edb1 ed91 ed91 ed91 ed91 ed91 edb0 edb1 ed91 edb1 ed91 e5b2 d572 a470 9c92 8c51 7c10 83ef 9c2f ddb4 e5d2 ddb2 838c 6b0c 630c 632c 630d 632d 630c 632d 630d 632d 6b4d 632c 632d 632d 632c 632c 632c 630c 632c 632c 632c 632c 632c 632c 632d 632d 632c 632c 632d 632d 632c 630c 632d 632d 632d 632d 630c 632c 632d 632d 632c 632d 632c 632d 632c 632d 632c 630c 6b6d 632d 632d 630c 632c 634d 634d 632d 632c 632c 630c 632d 632c 632c 632d 632d 632c 632c 632c 632c 632c 632c 630c 632c 632d 632d 632c 630c 634d 632c 632d 630d 632d 630d 632c 632c 632c 630c 632c 632d 632c 6b0b c4f0 e5b2 e5b3 b4b0 83ee 8410 8410 9491 9c91 b4f1 e5d3 edb1 e591 edb1 edb0 edb0 edb1 ed90 f590 edb1 ed91 edb1 ed91 edb1 edb1 edb1 edb1 e5b1 e5b1 ddd3 eed9 f73b ef3c ef3c f75c f75c f75c f75c ef5c ef5c ef5c ef5c deda 6b4d 632c 632d 632c 632c 632c 632c 632c 632c 632c 632c 630c 632c 6b4c 632c 634c 632c 632c 6b4c 632c 632c 634c 632c 632c 632d 632c 632c 632c 632c 630c 6b6d 6b4d 632c 632c 632c 632d 632d 632c 632c 630c 632d 632c 632d 632d 632c 632d 632c 632d 632d 632c 632c 634d 632c 632c 632c 632c 632d 630c 632d 632d 632c 632c 632c 632c 630c 6b4d 632c 630c 632d 632c 632c 
4a6a 4229 4a49 4a6a 738e 4a6a 4a49 4a49 4229 4249 4229 4a69 4229 4a49 4229 52cb 4249 4249 4229 4249 4249 3a08 4249 4a69 4249 4a8a 73af 4a6a 4229 4209 4a49 4a49 3a08 4229 4a8a 4249 4a8a 73af 4a8a 4229 4229 4a69 4249 3a08 4229 4a6a 4a49 4249 630c 6b6e 4229 4229 4228 4a69 4229 4208 4a6a 4a6a 528a 73af 528a 4a49 4229 4249 4249 4a49 4229 4a6a 4229 4a8a 6b8e 4a6a 4248 bdd6 ef3c f75c ef5c ef5c ef5c ef3c ef3c ef3c ef5c ef5c f73c f71a e5d3 edb1 ed91 f591 edb1 edb1 edb0 edb0 edb0 edb0 edb1 edb1 ed91 edb1 edb1 ed91 edb1 dd2f dd50 e5b2 d572 acb0 a4b1 8c50 83ef 8bef a46f d5b4 ddd3 b4af 4a47 4249 4a49 4a4a 3a08 4229 4a49 4a6a 4229 5aec 632d 4a49 4249 4249 4249 4249 4249 4229 4a6a 4249 634d 6b6e 4a6a 4a6a 4229 4229 4a49 4a49 4228 4229 4a6a 52ab 6b4d 4a49 4a8a 4228 4208 4a6a 4a6a 4228 3a08 4a8a 52cb 7bcf 4249 4a8a 4229 528a 6b6d 52aa 3a08 4229 4a8a 4a8a 73ae 4a6a 4a6a 4249 4229 4249 4249 4249 4229 4a69 4a69 7bcf 4a6a 4229 4a6a 4229 4a6a 4229 4a49 4a49 4249 4249 5b0c 4a8a 4229 4249 4a6a 4a49 3a08 4249 4a6a 4228 4249 634d 4a8a 4a07 7aea ddb3 e5b3 c511 8bee 840f 840f 9c90 a4b0 bd11 e5d3 e591 dd2f e570 edb1 edb1 edb1 ed90 ed90 ed90 ed91 edb1 edb1 edb1 edb1 ed91 edb0 ed90 edb0 e5b2 ee97 f73b f73c f73c f75c ef3c f75c f75c ef5c ef5c ef5c ef5c e73c 5acb 4a49 4249 4208 4a49 4249 4229 4208 4a49 632d 6b6d 528a 5aeb 7bef 5aeb 7bef 5aea 630b 9491 7bef 52aa 5b0c 4228 528a 4228 4a69 4a8a 4a6a 4229 4a69 6b4d 738e 6b4d 4228 4229 4a69 4249 3a08 4a69 4a6a 4229 4229 630c 634d 4229 4a4a 4249 4a6a 4208 4a69 4249 4a49 4a49 52aa 73af 4249 4269 4229 4249 4249 4249 3a08 4a6a 4a6a 528a 738e 4a6a 4a6a 4209 4229 4a6a 
4a4a 4229 4a6a 4a8a 4a4a 4249 4a6a 4a6a 4229 31e7 4a6a 4a69 4249 4a69 4a6a 4229 4249 4a6a 4a6a 4249 3a08 4249 4a6a 4249 4a6a 4a8a 4a69 4a69 4a6a 4a6a 4249 4229 4229 4249 4249 4a6a 4249 4a6a 4269 4a6a 4249 4a6a 4249 3a08 4249 4a6a 4a6a 4249 5b0c 6b6e 4a6a 4249 4249 4a6a 4229 4229 4249 4a8a 4249 4249 4a6a 4a6a 4249 4249 4a6a 4229 4229 4249 4a6a 4a4a 4249 4a69 528a ce79 ef3c f75c ef5c ef3c ef3c ef5c ef5c ef5c ef5c f75c f75c f6d9 e5b2 edb1 f591 f591 f590 f5b1 edb0 edb0 edb0 edb0 edb0 edb1 ed90 ed90 edb1 edb1 e570 e571 f613 f654 f655 ee35 de15 cd93 bd11 ac8f bccf ddd4 cd31 6aa8 4a48 4249 4a8a 4a49 31c7 4229 4a6a 4a69 4249 4a69 4a8a 4249 4229 4a6a 4a6a 39e8 4229 4a8a 4269 4249 4a6a 4a8a 4a6a 4249 4a6a 4a6a 39e8 4229 4a6a 4a6a 4249 4a6a 4a6a 4a6a 4249 4a4a 4249 4229 4229 4a4a 4a69 4a6a 4a8a 4249 4a6a 4a6a 4a49 526a 6b6d 5acb 4249 4249 4a8a 4a6a 4249 4249 4a8a 4a69 4229 4229 4a6a 4249 4229 4a6a 4a6a 4249 4249 4a8a 4a6a 4249 4229 4a6a 4249 4249 4a6a 4a6a 4249 4229 4a6a 4a6a 4a49 4229 4249 4249 4249 4a6a 4a69 4a49 4a49 4a48 5a47 a42d ddb2 d571 ac6f b4d1 c573 ddf5 e635 ee55 f655 f634 edd2 e550 edb1 edb1 ed91 ed91 edb0 edb1 edb1 ed91 edb1 edb1 edb1 ed91 ed90 f590 f590 edb1 ee56 ff3b f73c ef3c ef5c ef3c ef5c ef5c ef5c ef5c ef5c ef5c f79d 6b4d 4249 4a4a 4a6a 4208 4229 4a6a 4a6a 4249 4a6a 4a6a 4a6a 4a69 4a6a 4a69 73ad 842f 5289 8c30 7bef 632c 4a89 4229 4249 4228 39e8 4a8a 4a69 4a49 4a69 6b6d 5aec 4a6a 4249 4a69 4a6a 4249 39e8 4229 4a6a 4229 424a 4a6a 4a6a 4249 424a 4a8b 4249 39e8 3a28 4a8a 4249 4249 4a6a 4a6a 4249 4249 4a6a 4a6a 3a08 3a29 4a8a 4249 4249 4a6a 4a8a 4249 4249 4a6a 426a 3a08 
4a6a 4a8a 4249 4229 4249 4229 4249 4a6a 426a 4229 4249 4a6a 4249 4249 4249 4269 3a29 426a 4a6a 424a 3a08 426a 426a 4249 4249 4a8a 4229 4229 4249 4a6a 4249 3a08 426a 4a6a 4249 4249 4a6a 4229 3a08 4229 4a8a 426a 3a08 4249 426a 4249 4249 4a6a 632c 6b4d 4229 4a6a 4a6a 4229 3a08 4a6a 4a8a 4269 4249 4249 424a 4249 426a 4269 424a 424a 424a 4a6a 424a 424a 3a08 4249 4a8a ef5c ef5c ef3c ef5c ef5c ef5b ef5c ef5c ef5c ef5c f73c f73b ee98 e5b2 edb1 edb1 edb1 edb1 edb1 edb1 edb1 edb1 ed91 ed91 ed91 ed91 ed91 edb1 edb1 e570 f633 fe54 fe54 f654 f654 f654 f654 f654 f634 f654 f634 cd31 9bcd 7b2c 526a 4249 4269 3a28 4249 426a 4a6a 3a08 4a8a 4229 4249 424a 4a6a 4a6a 3a09 424a 4a6a 426a 4229 4249 4a6a 4229 4249 4a6a 4a6a 39e8 3a09 4a8a 4a6a 4229 4209 4a8a 4228 3a29 4a6a 4a8a 39e8 3a29 4a8a 4a6a 3a28 3a28 4a6a 4249 4229 4a6a 528b 6b6e 52cb 426a 4a8a 4229 4229 4249 4249 4249 4a8a 426a 3a29 4229 4a6a 426a 424a 4249 4249 4229 4249 4a6a 424a 4269 4249 426a 4249 426a 4a6a 4229 422a 4a6a 4a6a 4a49 4229 4a6a 424a 426a 426a 4a6a 4208 4228 632b 8bcd b4b0 ee34 f654 f655 f655 f655 f655 f654 f654 fe75 fe55 fe54 edb1 e591 edb1 edb0 edb1 edb1 edb1 f5b1 f591 ed90 ed90 f590 ed91 edb1 edb1 edb1 e5b1 e635 ff3b f73c ef3c ef5c ef5c ef3c f75c ef5c ef5c ef5c ef5c f79d 7c10 4229 4a6a 4a8a 3a08 4229 4a6a 4a8a 4229 4209 4a6a 4249 4229 4a69 4a89 8c91 a513 630b 630b a513 8c70 4a89 4a69 4249 39e8 4a69 4a6a 4a49 4a49 528a 6b4d 5aec 4229 4249 4a6a 4249 4a69 4249 4249 4a4a 4a6a 424a 4229 4249 4229 4a6a 4249 4a6a 3a29 4249 426a 4a6a 4249 4249 4249 4229 424a 426a 426a 3a09 3a29 4a8b 424a 4229 4249 4a69 3a08 4229 4a8a 426a 3a28 
4249 4a8a 4229 4229 4249 4a6a 3a08 4249 4a6a 4228 4229 4249 4a6a 4249 3a09 426a 4249 3a28 4249 4a6a 4249 4229 4a6a 426a 4249 3a08 4249 4229 424a 4229 4a6a 4249 4229 4a69 4249 4249 4249 4249 4229 4a6a 4249 4249 4229 4a6a 4a6a 422a 4229 4a6a 5b0b 636c 3a28 4a6a 4a6a 4229 39e8 528b 4249 3a08 4229 4a6a 4229 3a09 4a6a 4a8a 3a08 39e8 4a8a 4249 3a08 4229 426a 4249 528a ef5d ef5c f75c f75c f73c ef5c ef5c ef3b ef5b ef5c f75b f73a ee77 e5b2 edb1 ed91 ed91 ed91 ed91 ed91 ed91 ed91 edb1 edb0 e5b0 edd0 edb1 edb1 ed91 e591 fe33 f634 f634 f654 f654 f654 fe54 fe54 fe74 f654 f654 f674 f675 f654 d5b3 7b6c 4a49 4a49 4249 4249 4229 4a8a 4a29 4209 4a4a 4249 4249 4249 4249 4a6a 4249 4249 4a4a 4249 3a08 4249 4249 4a4a 424a 4229 4a4a 4249 4249 4249 4a6a 4229 4249 4229 4a6a 426a 3a08 4229 4a6a 4a6a 4209 4229 4a6a 4249 3a08 4a69 52aa 6b6e 52cb 4a6a 4a6a 3a08 3a08 4a6a 424a 3a29 4229 4a8a 4249 3a28 4269 4a8a 3a29 3a29 426a 424a 3a29 4229 4a6a 4228 4228 4a4a 4a6b 4229 4229 4269 4249 3a28 4249 4a6a 4249 3a08 4a6a 4249 4249 4228 62a9 b4d0 ee35 f655 f655 f654 f653 f654 f654 f654 f654 f654 f674 f634 f654 fe53 edd1 e570 edb1 f5b1 ed91 ed90 ed90 edb0 edb0 ed91 ed91 edb1 edb1 ed91 ed90 ed91 edb2 e5f4 ff1a f73c ef5c ef5c ef5c ef5c ef5c ef5c ef5c ef5c ef5c ef3c a513 4249 4a6a 4249 4229 4a4a 4a6a 3a29 3a28 4269 4249 4249 4249 4a4a 4a6a 6b6d 9cf3 6b4c 5289 8c31 9cd3 5acb 528a 4229 3a08 4248 4a69 4a69 4a6a 528a 6b4d 52cb 4209 4a6a 4249 4229 4a6a 4a6a 4229 4249 4269 4269 3a28 3a29 4a6a 4249 4229 4249 4a8a 4229 426a 4a6a 4a4a 4229 4229 4249 4249 4229 4a6a 4249 4249 4249 4a8a 4229 4228 4229 4249 424a 4229 4a6a 4229 
426a 4229 4249 4229 4249 4249 4249 4229 4a6a 4249 4229 4a6a 4249 4249 3a28 4249 4269 3a08 4209 4a6a 4249 4229 4249 4a6a 4249 4229 4249 4a8a 4229 3a29 4a6a 4249 4229 4249 4a6a 4229 3a08 4229 4a6a 4229 3a28 4a6a 4a69 3a28 4249 424a 4249 4229 630c 6b6e 4269 3a29 4249 4249 4249 4229 4249 4229 4249 4229 4249 4229 4249 4249 4249 4229 426a 4249 4229 4249 4249 4249 738e ef5d ef3c ef5c ef5c f75c ef5c ef5c ef5c ef5c ef5c f73b ff3b ee36 e5b2 ed91 edb1 edb1 edb1 edb1 edb1 edb1 edb1 edb1 edb0 edb0 edb1 edb1 edb1 dd4f e591 edd2 f633 fe54 f654 f654 f654 fe54 f654 f654 f654 f674 f654 f674 f654 ee75 de15 6b0b 4228 4249 4249 424a 4249 4249 4209 424a 4249 4249 4249 4249 426a 4249 4229 4a6a 4229 3a08 4249 4a8a 4229 4249 4249 4a6a 4249 3a28 4a8a 4229 4229 4229 4a8a 3a29 4249 4249 4a6a 4229 4229 4a6a 4249 3a08 4249 4a69 4249 4a8a 6b6e 5aec 4249 4229 4249 4249 4229 4249 4249 4249 4249 4249 4249 4a6a 4229 4229 4229 4249 424a 4229 4229 4a6a 4249 3a08 4a6a 4a6a 4229 3a08 4249 4249 3a29 3a29 4a6a 4249 3a08 4249 4a8a 4228 4a48 b532 ee76 f655 f655 f654 f674 f674 f674 f674 f654 f654 f654 f654 f654 fe54 edf2 edb1 e550 edb1 ed91 edb1 edb1 edb1 edb1 edb1 edb1 ed91 edb1 edb1 edb1 edb1 edb1 edb2 e5f3 fef9 f73b ef5c ef5c ef5c ef5c ef5c ef5c ef3c ef5c ef5c ef5c bdd7 4a6a 4249 4249 4228 4a8a 4229 3a08 4249 4a6a 3a08 4209 4a6a 4a4a 4229 8430 6b6d 6b4c 4a69 528a 73ae 840f 4a48 4a69 4a49 3a07 4a69 4a6a 4a6a 4a49 6b6e 5aec 4a4a 3a08 4249 4269 4a8a 3a29 426a 4249 4249 4249 4249 4229 4249 4229 4229 426a 426a 4249 4269 4249 4249 3a29 3a29 4249 4249 3a08 424a 4a6a 4229 426a 4249 4a6a 4229 3a08 4a4a 426a 3a08 4249 4a8a 
4229 3a29 4229 4a6a 4229 3a08 4269 4a6a 4249 634d 52ab 4249 3a08 4229 4269 4229 3a29 4249 4249 4229 634d 52ab 4249 4229 4249 4229 4249 4229 4249 4229 4249 5aec 4a8a 4269 4269 4249 4229 4249 424a 4249 3a28 4249 4aaa 4aaa 4249 4a6a 4249 4229 630c 6b6e 4249 4209 4229 52cb 4a8a 4229 3a29 4a8a 4229 3a28 4249 4a6a 3a29 3a29 4a6a 52cb 4249 3a28 4269 4249 3a08 4249 94b2 ef5d ef5c ef5c ef5c ef5c ef5c ef5c ef5c ef5c ef5c f73b ff3a e615 e5b2 ed91 edb1 edb1 edb1 edb1 edb1 edb1 edb1 edb1 ed91 edb1 edb1 edb1 ed91 dd0f edb1 ed91 edb2 f5f2 f613 f633 f634 fe54 fe54 f654 f654 f654 f654 f654 f674 f675 ee75 b4d0 736c 528a 4a6a 4229 3a08 4229 4a6a 4229 3a28 4249 4a8a 5b2c 4a6a 4a6a 4249 3a29 4249 4249 4249 3a29 4249 4249 6b6d 5acb 4249 4249 4249 4249 4229 4249 4229 4249 4249 5b0c 52cb 4249 4209 4a6a 4249 3a08 4229 4a4a 4229 4a6a 634d 52cb 4249 3a08 426a 4a6a 3a29 4229 4a8a 4249 4229 52ab 4a8a 4229 3a29 4249 4a6a 3a29 3a29 4a6a 4249 4229 5aeb 52aa 4249 3a09 4249 4249 4229 4249 4249 4249 4229 4a8a 52ab 4a6a 4229 4a48 732a e656 f675 f654 f654 fe54 f654 f654 fe55 fe55 f654 f654 f633 f613 f612 f5d2 edb1 edb1 dd2f e550 edb1 edb1 edb1 edb1 edb1 edb1 ed91 edb1 edb1 edb1 edb1 edb1 edb1 edb1 e5d3 fed8 f73b ef3c ef5c ef5c ef5c ef5c ef5c ef5c ef5c ef5c ef5c ce79 4229 4249 4a69 634d 4a6a 4249 4249 4249 4249 4249 4249 4249 4249 4229 738d 8c71 630b 6b4c 5269 738d 8c71 630b 52aa 630c 6b4c 528a 4a8a 4a8a 4a69 6b4d 5b0c 4249 3a08 4229 4a8a 4269 5b0c 52cb 4a8a 4228 3a08 4a6a 426a 3a08 4229 426a 4249 52ab 5b0c 4a6a 4229 3a08 426a 426a 4229 4209 4249 4a49 52cb 632d 426a 4249 4229 4249 4249 4249 4249 4249 4249 52cb 
4249 4249 4249 4249 4249 4229 4249 4249 4249 8451 4a8a 4a4a 3a09 4229 4a4a 4229 3a09 4249 4a6a 4209 8c72 634d 426a 3a08 3a29 4a8a 4229 3a29 4229 4a6a 3a28 73cf 6b6e 4a6a 3a28 3a28 426a 4249 3a08 4249 4a6a 4249 636d 634d 4a6a 4249 4229 4249 630c 6b4e 4229 4249 4249 634d 7bef 4229 4249 4229 426a 4229 4249 4249 4249 4229 5b0c 73ae 4228 4229 4249 4249 4229 4249 ad55 ef3c ef5c ef5c f75c ef3c ef5c ef3c ef5c ef5c ef5c f73b ff19 e5f4 e5b1 ed91 edb1 edb1 edb1 edb1 edb1 edb1 edb1 edb1 ed91 ed91 ed91 edb1 e550 d4ef e571 edb1 edb1 edb1 edb1 edb1 edd2 edd2 f5f2 f613 f633 f653 f654 f654 f654 f654 f654 d5b3 a4b1 5aeb 4a49 4249 4229 4229 424a 4229 3a29 4249 4a8a 8451 52ab 4a6a 4249 3a08 4229 4a6a 4229 3a29 4229 528a 9492 632c 4a6a 4269 3a08 4229 4a8a 4249 4229 4249 4a8a 7c10 5b0c 4a4a 4249 4209 4249 4249 4249 4209 4249 4a8a 6b6e 52cb 4249 4249 4249 4249 4249 4249 4229 4249 4229 632d 632d 426a 4229 4249 4249 4249 4229 424a 4249 3a08 5b0c 6b6e 4229 3a09 4249 4a6a 4229 4229 4a6a 4249 3a28 52cb 632d 4229 4228 4a28 a44e ee35 fe75 f654 fe54 fe54 fe54 f634 f613 f5f3 f5f2 edd2 edb1 edb1 edb1 ed91 ed91 ed91 dd0f dd0f ed91 edb1 edb1 edb1 edb1 edb1 edb1 ed91 edb1 edb1 edb1 edb1 ed91 ed92 e5b2 f6b8 f73b ef3c ef5c ef5c ef5c ef5c ef5c ef5c ef5c ef5c ef5c e71c 4a6a 4209 4a8a 9492 52ab 4229 426a 3a29 3a28 426a 426a 3a08 4228 4a6a 8430 a513 7bce 6b2c 630b 630b 83ef 736d 5289 8410 7bef 630c 5aeb 4a69 528a 6b6d 5aeb 4249 4229 4249 4229 4249 7bef 5b0c 4249 4249 4249 4249 4249 4229 4229 4249 4a6a 6b8e 6b8e 4249 4249 3a29 4a6a 4a6a 4209 4209 4a6a 4a49 6b6e 8410 4a6a 4229 3a08 4249 4a6a 4229 3a28 426a 4249 634d 
3a29 4a8a 4229 3a08 4229 4a6a 4229 3a28 4a69 73cf 4a8a 4229 426a 4249 3a08 4249 424a 4229 4229 4249 738e 5acb 4249 4249 426a 4229 424a 4229 4249 4249 4249 6b6e 5b0c 4249 3a29 4229 4249 4249 3a08 4249 4a6a 4229 6b8e 6b8e 4a69 3a28 3a28 4a6a 5b0c 6b6e 3a08 4249 4a6a 632c 8431 4a8a 4249 3a29 4229 4a6a 4229 3a08 4249 4a69 5b0c 8430 4a69 4249 3a08 4229 4a4a 4208 ce79 ef5c ef5c ef5c ef5c ef5c ef5c ef5c ef5c ef5c ef5c f73b fef9 e5d3 edb2 ed91 edb1 edb1 edb0 edb0 edb0 edb0 edb0 edb0 f5b1 ed91 f5b1 ed71 d4ef d4ef e550 edb1 edb1 edb0 ed90 ed90 edb0 edb0 edb1 edb1 edb1 edb1 f5d2 f5f2 f613 f5f2 edd2 dd92 83ac 5289 4208 4209 4a6a 4249 3a08 4249 424a 4229 4229 6b6e 52ab 4229 4249 4249 4249 4229 4269 4229 4249 4249 7c0f 634c 4249 4249 4229 4249 4249 4249 3a08 4269 4249 8431 5b0c 4a6a 4269 3a28 4229 4269 4249 4229 4228 52aa 6b6e 52cb 4249 4a6a 3a08 3a08 426a 424a 4229 4229 4249 73af 6b6e 4229 4a6a 4209 3a08 4249 424a 3a09 4229 4249 6b6d 8431 4249 4249 4249 3a29 4249 4249 4249 4249 4229 52cb 73cf 4a69 4228 5248 a44e e5d3 edf2 f613 f5f2 f5f2 edd1 edb1 edb1 edb1 edb1 edb1 ed91 ed91 ed90 edb1 edb1 ed71 d4ef d4ef dd30 edb1 edb1 ed91 edb1 edb1 edb1 edb1 edb1 edb1 edb1 ed91 edb1 ed91 e5b2 f676 f73b f75c ef5c ef5c ef5c ef5c ef5c ef5c ef5c ef5c ef5c ef5c 630c 4249 4a69 73af 4a8a 426a 4229 4229 4229 424a 4249 4229 4249 4249 6b6c a513 738d 736d 7bce 5289 738d 7bce 5aeb 5aeb 73ae 630c 5aeb 4229 52aa 6b4d 52cb 4228 4a6a 4249 4229 4229 5aeb 632d 4229 4249 4a6a 3a29 3a29 4a6a 4249 3a28 4249 5b0c 5b0c 3a08 4249 4269 4229 4229 424a 424a 3a08 4229 6b6d 634d 4229 4269 4229 4249 4229 4249 4249 4229 4269 634d 
4249 4249 4249 4229 4249 4249 4249 3a28 4a69 73ae 4a69 4228 4a6a 4249 3a09 4249 4a6a 4229 4229 4a49 6b8e 634d 3a28 4a6a 4249 4229 3a29 4a8a 3a29 3a08 4249 634d 6b6e 4229 4a6a 4249 3a08 4229 4a6a 4249 3a29 4249 5aeb 634d 4249 4229 4249 4249 5b0c 6b6d 4249 4249 4249 634d 7bf0 4249 4249 4229 4249 4249 4249 4229 4249 4249 632c 8450 4a69 4a49 4209 4229 4a6a 4229 defb ef5c ef3c ef3c ef5c ef5c ef5c ef5c ef5c ef5c ef5c f73b f6d8 e5b3 edb1 ed91 ed91 ed91 edb0 edb0 edb1 edb1 edb1 edb1 ed91 ed91 ed91 dd0f d4ef dd0f f613 f5f2 edb1 ed90 edb0 edb1 edb0 edb1 ed91 ed91 edb1 ed91 edb1 ed91 ed91 edb1 e5b2 cd31 838c 5aeb 4229 4249 4a6a 4249 3a08 4229 4a6a 3a09 4249 634d 4a8a 3a28 3a08 4a8a 4249 3a29 4229 4a8a 4228 4228 6b8d 52aa 3a28 3a29 426a 4249 3a08 4249 4a6a 4249 4228 632c 5aec 4229 4229 4249 4249 4229 4249 4249 4249 4a69 6b8e 52cb 4249 4229 426a 4229 4249 4249 4229 4229 4249 634d 634d 4249 4249 4249 3a08 4249 4a6a 3a29 4229 4a6a 6b8e 8451 4229 4a6a 4209 3a08 4249 4a6a 3a29 4229 4a6a 5b0c 8410 4229 4a8a 4a07 838b ddb3 e5b1 edb1 edb1 edb1 edb0 edb0 ed90 ed90 edb0 edb0 edb1 edb1 edb1 ed91 edd2 fe33 e550 d4ef d4ef e570 edb1 ed91 edb1 edb1 ed91 edb1 edb1 ed91 ed91 ed91 ed91 ed91 e5b2 ee35 ff3b f75c ef5c ef5c ef5c ef5c ef5c ef5c ef5c ef5c ef5c ef3c 8410 4a49 4249 94b3 52cb 4209 3a08 4249 4a6a 3a08 3a29 426a 4249 4229 4a69 6b4c 630b 8430 842f 5aca 632c 9cd2 6b4c 5289 840f 5aeb 52ab 4a6a 528a 6b6d 5aeb 4249 4229 4a4a 4228 4a49 7bef 5aeb 4229 4249 4249 4229 4229 4249 4249 3a08 4228 632c 5b0c 3a08 4249 4a6a 4229 4229 426a 426a 3a08 4229 52cb 6b6d 3a28 4229 4a8a 3a08 3a29 424a 4a6a 3a08 4249 52cb 
4249 3a29 4229 4a6a 4229 3a28 4249 4269 4249 8451 4a8a 4a4a 4229 4229 4249 4249 4229 424a 4249 4249 7bef 5aeb 4249 4249 4249 3a29 424a 4249 4249 3a08 4249 632c 632c 4229 4249 4249 3a28 4229 4a6a 4249 4229 4249 5b2c 6b8e 4229 426a 426a 4229 5b0c 6b8e 4a6a 4228 3a28 4aaa 5aeb 4228 3a28 4a6a 4249 3a08 4229 4a6a 4229 4228 52ab 6b4d 4229 4229 4249 4249 4229 5acb ef3c ef5c ef5c ef5c ef5c ef5c ef5c ef5c ef5c ef5c ef5c f73b f697 e5b2 edb1 edb1 ed91 ed91 edb1 edb1 edb1 edb1 ed91 ed91 edb1 ed91 dd2f d4ef d4ef e571 fe33 fe53 f613 f613 edd2 edd2 edb1 edb1 ed91 edb1 edb1 edb1 edb1 ed91 edb1 edb1 ddb2 93ac a4f2 5acb 4a49 4a4a 3a08 4249 4249 4229 4229 4249 4a6a 7c30 52cb 4249 4249 4229 424a 4229 4249 4229 4249 4228 73ae 634d 4228 4229 4a6a 4249 4229 4249 4a6a 4249 4228 634d 52cb 4228 4228 4a6a 4249 3a29 4209 4a8a 4229 4a6a 6b6d 5aec 4209 4229 4249 4a6a 3a08 4229 426a 4249 4228 5b2c 52eb 4229 4229 4229 426a 4229 4229 424a 4a4a 4228 5b0b 73ae 4229 4209 4229 424a 4249 4249 4249 4249 4249 5acb 7bef 4a49 4229 4a49 6268 cd52 e5b2 edb1 edb1 edb1 edb1 edb1 edb1 edb1 edb1 edb1 edd2 edd2 edf2 f613 fe54 fe54 edd2 d50f d50f d4ef ed70 edb1 edb1 edb1 edb1 edb1 edb1 edb1 ed91 ed91 ed91 ed91 edb2 edf4 ff3a f75c ef5c ef5c ef5c ef5c ef5c ef5c ef5c ef5c ef5c ef5c 9492 4249 4a69 73cf 4a6a 4a69 4229 4249 4249 4229 4229 4249 4249 4229 4a69 5aeb 62eb 8430 8c71 6b2c 5289 8c71 7bef 5aca 630b 5aeb 5aec 4229 4a8a 6b4d 5b0c 4a69 3a08 4229 4a8a 4228 7c10 6b8d 4a8a 4249 3a08 4249 4a6a 4229 3a28 4a69 4a69 738e 73af 4a49 4249 4209 4249 4249 4249 4229 4249 4249 6b8d 6b8d 4249 4a6a 4229 426a 4229 424a 4249 4249 4228 632c 
424a 4229 4249 4249 4249 3a08 4249 4249 4249 8c92 52aa 4249 3a08 4229 4a6a 4249 4229 4249 4a6a 3a08 8c71 6b6d 4a69 3a08 4229 4a8a 4229 4229 3a29 4a8a 4228 73cf 6b6e 4a6a 4209 4229 4249 4249 3a29 4249 4249 4249 634d 632c 4249 4249 4229 4249 630c 6b6e 4229 4249 4249 634c 73cf 4228 4249 4249 4249 3a08 4229 4269 4249 3a28 5acb 6b6e 4229 4209 4a6a 4a49 4228 6b6d ef5c ef5c ef5c ef5c ef5c ef5c ef5c ef5c f75d f73d f75c f73b ee76 e5b2 e591 ed90 edb1 edb1 edb1 edb1 edb1 edb1 edb0 edb1 ed70 dd0f d4ef d4ef d4ef e5b1 edd2 f653 fe74 f654 f654 f634 f633 f613 f5f2 f5d2 f5d1 edb1 edb1 edb1 ed90 edb1 ddd3 7309 9cb1 5aeb 4a69 4249 3a29 4249 4a6a 4229 4209 424a 4a6a 8451 52ab 4249 426a 4229 3a09 4a8a 4229 3a08 4249 4a89 9491 632c 4a6a 4a6a 3a29 4229 4a6a 4249 3a08 4249 4a69 7bf0 5b0c 4249 4249 4229 4249 4249 426a 4209 4a69 4a6a 6b6e 5aeb 4249 4229 426a 4249 4229 4229 4249 4249 4228 5b0c 5b0c 4249 3a08 4249 424a 4229 3a29 426a 4249 4229 6b6d 632c 4229 4209 4229 4a6a 3a29 3a29 4a6a 4249 3a08 52cb 6b4d 4229 3a29 4249 5a68 bcf1 e5b2 edb1 edb1 edb1 edb1 edb2 edd2 f5f2 f613 f633 fe54 fe54 fe54 fe54 fe54 f613 e5b1 dd2f d50f d4ef dd0f e550 ed91 ed91 edb1 edb1 ed91 ed91 edb1 f5b1 ed91 ed91 edb1 e5d3 f73a ef3b ef3c ef3c ef5c ef5c ef5c ef5c ef5c ef5c f75c ef5c a534 4229 4a69 8c71 4a8a 4228 4a6a 4229 3a08 4249 4269 4229 3a29 4249 632c 528a 632c 738d 8c50 8c50 4a69 5aeb 9491 9491 5269 5acb 52ab 4249 528a 6b4d 5aec 4249 4229 4249 4229 4249 7bef 632c 4a6a 4249 3a08 4249 4249 4229 4229 4a69 4a69 73ae 738e 4a6a 4229 3a08 4249 4a6a 4229 4209 4a6a 4a49 6b8d 7bef 4a8a 4229 3a29 4249 4a6a 3a29 4229 4249 4a69 634d 
3a28 4269 4249 3a28 4249 4a6a 4249 4228 4a69 73ae 4a69 4249 4249 424a 4229 4249 3a28 4249 4248 4248 7c0f 5aeb 4269 4249 4229 4249 4249 4229 4249 4a4a 4a49 73cf 634d 4269 4229 3a29 4a69 4249 3a08 4229 4269 4228 6bae 73cf 4a6a 4208 4209 4a4a 5b0b 636d 3a08 4249 4a8a 634c 8450 4a6a 4249 3a08 4229 4a6a 4249 4208 4a49 4a6a 5b0b 8450 4269 4269 4229 4249 4248 8430 ef5c ef5c ef5c ef5c f75c f73d f73d ef5c ef3c ef5b ef3b ff3a ee34 edb2 ed91 edb1 ed90 ed90 ed91 ed91 dd2f dd30 dd30 dd30 d50f d50e d50f d50f d4ef ed91 edb2 edd2 f613 f613 f654 f654 fe54 f654 fe55 fe55 f633 f633 f633 f612 ee12 f634 f655 bcd0 83ad 5acb 3a29 4249 4249 4249 4229 4249 4229 4249 4249 6b8e 52cb 4249 4249 4249 4229 4229 4249 3a29 4249 4a49 8431 632d 4249 4269 4228 4249 4a69 4249 3a08 4249 4a69 7c10 5b0c 4a6a 4a4a 4229 4229 4a8a 3a29 3a08 4249 52ab 6b6d 52ab 4249 4a8a 3a08 3a08 4a69 4a6a 4209 4209 4a6a 738e 634d 4249 426a 4249 4229 4249 426a 4249 3a08 4249 632c 8410 4a49 4229 4a4a 4229 3a48 3a28 4248 4249 4229 52ab 6b8e 4a6a 4208 4a28 838c ee56 f634 f5f3 f5f3 f613 ee13 f633 f654 f654 f654 fe54 fe54 fe55 f613 f613 f5f2 edb1 ed91 e530 d4ef d50f d4ee d4ee d50f dd30 dd30 dd30 e550 edb1 ed90 ed91 ed91 edb1 ed91 e5b2 fefa f73c ef3b ef5b ef5c ef5c ef5c ef5c f75c f75c ef3c ef3c c618 4a49 4a6a 73cf 528a 4a49 4249 3a48 3a29 4249 4249 3a29 4229 4a69 738d 5aca 5289 6b4c 9491 8c50 5aaa 52aa 8c50 9d12 5b0a 5aeb 5aeb 4229 52aa 6b6d 5acb 4208 4a69 4a4a 4229 4229 62ec 5aec 3a28 4249 4289 3a28 4229 4269 4a6a 4229 4228 634d 632c 4228 4a49 4229 4249 4229 3a48 3a48 4249 4249 6b8e 73ae 4a69 4a4a 3a08 4229 4249 4229 4229 424a 4a6a 6b6d 
4249 426a 4249 3a08 4229 4a6a 4229 4228 4a69 73ae 4a8a 4229 4a6a 4249 4229 4229 4a6a 4229 3a08 4a6a 6b6d 634d 4249 4a6a 4269 3a08 4229 4a6a 4229 3a08 4a69 632c 632c 4249 4249 424a 3a08 4229 4249 424a 3a28 4269 632c 5b0c 4269 4249 4229 4a49 630c 6b6d 4229 4249 4a69 634d 8430 4a6a 4249 3a08 4229 4249 4249 3a08 4249 4a6a 632c 8450 4a8a 426a 3a08 4229 4a49 a534 ef5c ef5c ef5c ef3c ef3c ef3c ef5c ef5c ef3c ef3b ef3b ff1a e5f4 edb1 ed91 f5b1 ed90 ed90 edb1 e550 d4ee d4ee d50f d4ef d4ee dd0f e570 dd2f d4ce ed91 edb1 edb1 edb1 edb1 edd2 edd2 f613 f613 f634 fe54 fe74 fe54 fe54 fe54 f654 f654 f654 e635 940e 5aca 4229 3a08 4a6a 4249 4208 4229 4a8a 3a08 4249 6b6e 4a6a 4229 4229 4a6a 4249 3a29 3a29 4a8a 4229 4269 73ae 5aec 4249 3a29 426a 4269 3a28 4249 4a6a 4249 4249 632c 5aec 4249 4229 4249 4249 4249 424a 4229 4249 528a 6b6e 5acb 4269 4249 4249 3a29 4249 4249 4229 4229 4a6a 6b6d 6b6e 4249 4a6a 4229 3a09 424a 4a6a 4229 3a29 4a6a 6b8e 8451 4228 4a6a 4229 3a29 4249 4a6a 3a08 3a08 4a6a 5b0c 7c10 4a49 4a69 4a28 bd11 f676 f654 fe54 fe54 f654 fe54 fe54 fe54 f633 f633 f613 f5f2 edd2 edb1 edb1 edb1 edb1 ed91 dd0f d4ef e551 dd30 d4ef d4ef d4ef d4ef d4cf dd2f ed91 edb1 edb1 edb1 edb1 edb1 e5b2 f6d8 ef3b ef5c ef5c ef5c ef5c ef5c ef3c ef5c ef5c ef5c ef5c deba 4a6a 4a69 94b2 52ab 4a49 3a28 4249 4a6a 4229 4209 4249 4a6a 4229 7c0f 6b6d 4a69 8430 840f 7bce 738d 6b4c 632b 8c50 7bee 52aa 528a 4a49 528a 6b4d 5aec 4a6a 4249 4249 4229 4249 73ae 5b0c 4249 4249 4a6a 4229 4209 4249 4a4a 4229 4249 5b0c 5aeb 4249 4229 4a8a 3a29 3a29 4249 4269 3a08 4249 52ca 5b0c 4249 4229 4a8a 4249 3a29 4249 4a6a 3a09 4249 5b0c 
4a8a 3a28 4249 426a 4249 3a08 4249 4a6a 4a69 8451 52aa 4a6a 4229 4a4a 4229 426a 4229 4a4a 4249 4a69 73cf 5aeb 4269 426a 4249 4229 4229 4a4a 4249 4209 4a6a 5b0c 634d 4249 4a4a 4a4a 3a29 3a08 4a6a 4229 3a28 4249 5aeb 73ae 4249 4a6a 426a 4229 630c 6b8e 4a6a 4229 4249 52cb 632d 4229 4249 426a 424a 3a09 4249 4a6a 424a 4249 52cb 73ae 4249 4229 4249 4a49 4a49 bdf7 ef5c ef5c ef5c ef5c ef5c ef5c ef5c ef5c ef5c ef5c f75c f719 e5d3 edb1 edb1 ed91 ed90 ed90 edb1 ed91 dd4f dd2f dd0f dd2f e550 ed91 ed91 ed91 dd2f e550 edb1 ed91 edb1 edb1 edb1 edb1 edb1 edb1 edb1 edb1 f5f2 f5f2 f613 fe34 fe53 fe54 f633 e5d3 b512 62ea 4a69 4a6a 4228 4249 4229 4249 4229 4a6a 4a69 73af 52ab 4a4a 4249 4249 424a 4229 4249 4249 4a6a 4249 6b8e 5b0c 4249 3a29 426a 426a 3a29 3a29 4a8a 4249 4249 6b8e 4a8a 4249 3a29 426a 4a6a 3a29 3a09 4a6b 4249 528a 6b6e 5aec 426a 3a29 4229 426a 3a29 3a29 424a 424a 4249 632c 5aeb 4a6a 4229 424a 426a 422a 4229 424a 426a 4249 5aeb 73ae 4a69 4249 426a 3a29 426a 4249 4229 4229 4a6a 52cb 7bf0 4249 4a69 5248 c551 ee14 f653 fe54 f654 f633 f5f3 f5f2 edd1 edb1 edb1 edb1 ed91 ed91 edb1 edb0 edb1 edb1 ed91 dd0f e571 ed91 ed91 e571 dd50 dd0f d50f dd2f e570 ed91 edb1 ed91 ed91 ed91 ed91 edb2 ee97 f73b ef5c ef5c ef5c ef5c ef3c ef5c ef5c ef3c ef5c ef3c e6fb 630c 4a69 7c10 4a8a 4a6a 4229 4249 426a 4229 4229 4a4a 4a6a 4229 8c50 73ad 52a9 6b4c 9cd2 630b 73ae 8c71 52a9 736d a533 632c 4a8a 4a6a 4a69 6b4d 630c 528a 4229 3a08 4a6a 4a8a 7c0f 6b8e 4a8a 4249 3a08 4249 426a 4229 4229 426a 4a8a 73ae 6b8e 4a6a 4a6a 3a29 4249 3a29 4249 4249 4249 4249 6b6d 6b8e 4249 4249 4249 4249 4229 4249 424a 4229 4249 5aec 
426a 4249 3a29 426a 4249 3a09 4249 4a8a 4249 94b3 52ab 4a8a 4229 3a08 4a6a 4249 4229 4229 4a8a 4229 8c91 6b6d 4a8a 4249 4229 4249 4249 4209 4249 4a6a 4a69 73cf 632d 4a6a 4a69 4229 4249 4249 3a29 4249 4249 4a6a 634c 5b0c 4a69 4a6a 4249 4249 632c 6b6e 4249 4249 4249 5b0c 6b8e 4249 4249 4a6a 424a 3a09 4229 426a 424a 4249 52aa 5aec 4249 4249 4a6a 4a6a 4a6a bdd7 dedb e6fb e71b ef3c ef3c ef5c ef5c ef5c ef5c ef5c f73b f6f9 e5b2 edb1 edb1 ed91 ed90 edb1 ed91 edb1 edb1 edb1 ed91 edb1 edb1 edb1 ed91 dd2f d50f edb1 edd2 edb1 edb1 edb1 ed91 ed91 ed91 edb1 edb1 ed91 edb1 ed91 edb1 edb1 edd1 edd1 edb1 e5b2 b532 5aca 4a69 4a6a 3a29 3a08 4a6a 4249 4229 4269 4a8a 8451 52ab 4a6a 4a8a 3a08 4209 4a6a 4249 3a09 4249 4a8a 8c71 632d 4a6a 4a6a 3a29 3a29 426a 424a 4229 426a 4a6a 6b8e 632c 4a6a 4269 4249 4249 4249 4249 424a 4a6a 4a6a 6b6e 52cb 4a6a 4249 424a 424a 4229 3a29 424a 4a8a 4249 634d 5b0c 4a69 4249 4249 4a6a 4209 3a09 424a 4a8a 4249 73ae 634d 4269 4229 4249 4a6a 4229 4229 4249 4a6a 4249 52cb 636d 4a69 4a48 5248 c531 e5b2 edd1 edd1 edd2 edb1 edb1 ed91 edb1 edb1 edb1 edb1 edb1 edb1 edb0 edb1 edb1 edb2 f5f2 dd30 dd0f e570 ed91 edb1 edb1 edb1 edb1 edb1 edb1 edb1 edb1 edb1 edb1 edb1 ed91 e5b2 ee56 ff3b f73c ef5c ef5c ef3c ef5c ef5c ef3c e71b e6fb e6db deba 6b6d 4a8a 7c10 52aa 4249 4a8a 4249 3a08 4249 4a4a 4249 4249 4a69 6b6d 9cf2 840f 5269 738d 8c30 632c 9491 5aca 5289 8c30 8430 5289 4a69 528a 6b4d 5aeb 4a49 4a69 4229 4a69 4a69 7c0f 6b6d 4a8a 424a 3a29 4249 426a 3a29 3a29 4a6a 4a69 73ae 73ae 4a6a 4249 4229 4229 4a8a 4229 4229 4a6a 4a8a 6b8e 7c10 4a8a 4249 4229 4249 4a6a 4249 4209 4a6a 4a6a 634d 
4a4a 4a6a 4a69 4249 4a6a 4249 4a69 4a69 4a89 7c10 5acb 4a69 4a69 4a69 4249 4a69 4249 4a6a 4a6a 4a49 8c71 6b4d 4a69 4a49 4249 4a69 4249 4229 4a69 4a89 4a69 840f 73cf 4a69 4a49 4249 4a6a 4249 4249 4249 52aa 4249 73ce 7c10 4a8a 4a69 4249 4a69 630c 6b4e 4249 4a6a 4a8a 738e 8c71 4a69 4a6a 4a6a 4249 4249 4249 4269 4a69 4a69 6b6d 8c71 4a8a 4a69 4a69 4a69 52aa ce59 d69a deba deba deba deba deda e6fb e71b ef3c ef1b f73b eeb8 e5b2 ed91 ed91 ed91 edb1 edb1 edb1 edb1 edb1 edb1 edb1 edb1 edb1 ed91 dd2f d4ef dd50 f634 f634 edf3 edd2 edb1 edb1 edb1 edb1 edb1 edb1 edb1 edb0 edb1 edb1 ed91 edb0 edb0 edb1 dd92 940e 62ea 4a49 426a 4249 4a6a 4229 4a6a 4249 4a6a 4a89 7c10 630c 4a69 4a8a 4249 4a49 4a49 4a6a 4249 4a69 4a8a 8c70 6b4d 4a8a 4a6a 4249 4229 4a8a 4269 4249 4a69 528a 8451 738e 4a49 4a8a 4249 4228 4a69 4a6a 4229 4a49 528b 6b6d 5aeb 4a69 4a8a 4249 4249 4a6a 4a6a 4249 4249 4a8a 6b6d 7bef 4a69 4a8a 4a69 4249 4249 4249 4a6a 4a69 4a69 630c 73ce 4a69 4a69 4a6a 4249 4249 4229 4a6a 4a6a 4a49 632c 73ae 4a69 4a49 5228 a44e e5b2 edb1 edb1 ed91 edb1 ed91 ed91 ed91 edb1 edb1 edb1 edb1 edb1 edb1 edb1 f5f2 f633 fe54 edb2 d50f d4ef ed91 edb1 edb1 ed91 edb1 edb1 edb1 edb1 edb1 edb1 ed91 ed91 edb1 e5b2 e635 ff3a f73c ef3c e71b e71b e6fb deda deba deba de9a de9a d6ba 7bef 52aa 7bef 52ca 4a69 4a69 4a49 4229 4a49 4a6a 4a49 4a49 4a69 7bee a533 9cf2 5aea 6b4c 8c50 634c 6b4c 8c71 5269 6b4c 7bce 632c 5269 528a 6b4d 5acb 4229 4a6a 4a8a 4a69 4a69 6b6d 632c 4228 4a6a 4a6a 4249 4229 4269 4a6a 4249 4a69 73ae 738d 4a69 4a8a 4249 4a4a 4249 4a4a 4a4a 4a6a 4a6a 73ae 7c0f 4a69 4a8a 4249 4269 4a6a 4249 4229 4a6a 4a89 738e 
6b6d 5aeb 630c 6b6d 632c 5b0b 630c 6b6d 6b8d 6b8d 94b2 6b6d 630b 630c 6b6d 6b6d 5acb 6b6d 6b6d 73ae 738d 9491 73ae 630b 630c 6b6d 6b6d 5acb 632c 6b6d 6b6d 840f 8430 73ae 5aeb 5aeb 6b6d 6b6c 5b0b 5aeb 6b6d 6b6d 94b2 7bee 7bcf 5aeb 632c 632c 630c 738e 6b6d 5aeb 6b6c 8c50 9cf3 6b6c 632c 634c 634c 632c 5b0b 6b6d 630c 630b 8c91 a513 738d 5aeb 6b6d 6b4c 738e d679 d699 d69a de9a de9a de9a de9a de9a de9a deba deba eeb9 e656 e5b2 edb1 ed91 ed91 ed91 ed91 edb1 edb1 ed90 edb0 ed90 edb1 edb1 ed91 d50f d50f e591 f613 fe54 fe54 fe54 f634 f633 f613 edd2 edd2 edb1 edb1 ed90 ed90 edb1 edb1 edb1 edb1 e5d2 c551 942e 632b 6b6d 634d 5aeb 5b0c 6b6d 6b4d 5aeb 6b6d 840f 8c70 6b8d 6b6d 6b4d 630c 630b 6b6d 6b6d 52aa 6b4d 7bef 840f 7bae 6b6d 6b8d 5aeb 5aeb 6b6d 6b8d 5acb 630b 7bef 7bef 8c71 6b4c 6b6d 5aeb 5b0b 6b4d 6b4c 632c 5aeb 6b4d 6b6d 840f 632c 6b8d 5aeb 6b6d 630b 634c 632c 6b6d 630b 8430 9d13 6b8d 5aeb 630c 6b6d 630c 5aeb 6b4c 6b6d 5b0b 7bce a513 7bce 5acb 6b4d 6b6d 6b6d 52ca 6b6d 6b6d 632c 73ae 9cf2 7c0f 52cb 6b4c 8bcd d593 e5b2 ed91 ed91 ed91 edb1 edb1 edb1 edb1 edd1 f5d2 f5f2 f613 f633 fe34 fe34 fe54 f614 edb2 d50f d4ef e570 ed91 ed91 ed91 edb1 ed90 edb1 edb1 edb1 edb1 edb0 ed91 edb1 e5b2 e615 eeb9 e6ba deba d699 d699 de9a de9a de99 deba deba de9a d69a a514 8430 9cd2 6b8d 632c 6b4d 6b4d 52aa 6b4d 6b6d 630b 5aeb 840f 8c70 8c4f 840f 840f 52aa 73ae 632b 9491 840f 6b4c 738d 840f 840f 5289 528a 6b6d 6b4d 634c 632c 632c 632c 6b8d 7bce 7bef 738e 630b 632c 630c 6b6d 5b0b 5aeb 6b4d 73ae 73ad 7bef 73ae 6b4c 5acb 6b4d 6b4d 6b4d 5aeb 6b6d 73ae 7bce 7bef 7bce 6b6c 5aca 6b6d 6b6d 6b4c 52aa 6b6d 738d 7c0f 
840f 9cf2 8c70 8450 7bee 9d13 7bee 9491 842f 9491 842f 94b1 8430 8430 94b2 8c71 8c50 840f a513 840f 840f 8c70 a512 840f 7bee a513 9cf3 738d 8430 a534 9cd1 6b4c 9cd2 a513 842f 73ad a513 a533 738d 8c50 a533 94b1 6b6c 9cb2 ad34 8c30 73ad 9cf2 630b 73ae 738d 9491 a513 842f 840f 9cd1 9cd2 840f 840f 9cf2 8c50 8c50 83ef 9cd2 840f 9491 8450 8c91 8430 9471 9cd2 de9a de9a de9a deba deba deba de9a d699 d699 deba de99 e698 de15 e5b2 edb1 ed91 ed91 ed91 ed91 ed91 ed91 ed90 ed90 f5b1 ed91 ed91 ed91 d4ef d50f e591 edb1 f613 fe34 fe54 fe54 fe54 fe54 fe54 fe54 f634 f613 f5f2 f5f2 edd2 edb2 edb1 e5b2 b4d0 9c4e 8c2f 9cd2 842f 8450 8c90 842f 94b1 842f 8c91 7bee a533 840e 842f 9490 9cf2 7c0f 7bee 9cf2 94b1 73ad 842f a533 9470 738c 9cf2 a533 840f 7bce a533 a513 738d 9491 a533 9cd2 6b6c 9cf2 a533 842f 73ad a513 9d13 73ae 840f 8c50 6b6c 6b8d 8c70 a513 8c50 840f 9491 9cf2 83ef 840f 9cd2 8c70 844f 7bee 9cd2 840f 8c91 842f 94b1 840f 9491 8430 840f 9cb1 9470 8c30 840f a513 840f 840f 8c71 a513 7bce 7bee 9cf2 a513 73cd 842f ad12 b4f1 d571 edb2 edb1 edb1 edd2 f5f2 f613 f633 fe54 fe54 fe54 fe54 fe54 fe54 fe33 f613 edb1 edb1 dd2f d4ef e550 ed91 edb1 edb1 edb0 ed90 edb1 edb1 edb1 ed91 edb1 ed91 ed91 e5b2 e5f4 e677 de99 de9a de9a d699 de9a de9a de99 de99 deba deba d69a bdd6 9cd2 9cf2 7bee 840f a534 9491 738d 94b1 a533 842f 73ad a533 a513 7bad 842f a533 5aeb 52aa 7bce a533 9491 6b4c a512 a512 7bef 5aca 528a 6b4d 73ad 73ae 9cf2 9cf2 840f 7bee a4f2 9491 840f 840f 9cf2 7c0f 8c50 842f 94b1 842f 8c50 9491 8c2f 9491 840f 9491 7bef a4f3 840f 8450 8c70 9cf2 83ee 840e 9cf2 9cd2 7bce 842f a513 9471 73ad 9cd2 a513 840e 
7bce ad33 a512 738c 8c70 a512 9cd1 6b4b a4f2 ad33 8c2f 7b8d a533 a513 73cd 842f ad33 9cd1 738d 9491 a512 842f 7bee 94b1 a512 7bee 7bee 9cf2 8c50 8c70 7bee 9cf2 83ee 9c91 840f 9491 8c50 8c70 8c50 83ee 9cf2 8c4f 8c4f 840f a513 840f 7bee 94b1 630b 73ae 7bee 8c50 a532 842e 7bcd 9cf2 a533 7bed 7bed a532 9cf2 6b6c 94b1 a512 94b1 736c a512 a513 840f 7bee b554 d679 deba deba de99 de99 de9a deba de9a de9a de9a de99 e678 ddf5 e5b2 edb1 ed91 ed91 edb1 ed91 ed91 edb1 ed90 ed90 ed90 ed91 ed91 ed91 dd0f dcef ed71 edb1 edb1 edb1 edf2 edf3 f613 f634 f653 f654 f654 f654 fe54 f654 f634 f634 f634 e614 a46f 736c a512 a533 8c4f 7bcd a532 a512 738c 8c50 a533 9cd2 6b4b 9cd2 a513 840f 7bcd a512 9cf2 83ee 840e a533 8c70 842f 842f a512 7bcd 8c4f 8c70 94b1 8c2f 8c2f 94b1 840e 9cf2 7bee 94b1 840e 9cf2 7bee 842f 94b1 9cd2 840f 7bce 8430 6b8d 73ad 842f a512 9491 73ad 9cd1 a533 840e 7bad a512 a512 738c 8c70 a533 9cd2 6b4c 9cf2 a532 8c70 7bad a513 ad33 7bcd 840f a513 9cb1 738d 9470 a533 8c2f 7bce 9cd2 9cf2 83ee 7bee 9cf2 8c4f 8c70 83ed cd92 ee54 f654 f633 f654 fe54 fe54 f654 f654 f654 f634 f634 f613 edf2 edd1 ed91 edb1 ed91 dd2f d4cf ed71 f591 edb1 ed91 ed90 ed90 edb1 ed91 edb1 edb1 ed91 ed91 edb1 e5b2 ddd3 e677 de99 de9a de9a de9a deba de9a d699 d699 d699 deba d699 bdb6 83ee 83ee a4f2 9491 83ee 8c2f a513 83ee 8c4f 8c4f 94b1 840e 8c50 9470 842f 94b1 7bae 5289 6b4c 9cf2 83ee 8c50 9470 a4f2 83ee 736d 5289 6b4c 738d 7c0e 94b1 a532 7bcd 7bee a512 9d12 738c 9470 a533 94b1 6b4b a512 a513 840e 7bce ad33 a513 738d 8c50 a533 9cd1 736c 9cd1 ad33 8c2f 7bad a4f2 a4f2 7bee 840e a512 8c70 840e 842f a512 842f 8c4f 8c6f 
94d0 7c0e 842e 9cd1 840e 9cd1 83ee 9cb1 83ee a4f2 7bcd 8c4f 9471 9cb1 840f 83ee 9cf2 8c90 7bcd 8c6f a532 8c4f 7bcd a4f2 a512 7bcd 840e a533 a512 736c 94b1 ad33 9490 634b a532 a533 840e 7bcd ad33 a512 736c 8c50 a533 9490 738d 94b1 ad13 7bce 630b 7bee a512 8c6f 7c0e 8c70 a512 840e 7bee 94b1 94b0 8c2f 840e 9cd2 7bee 9cd1 7bed 9490 840e 9cf2 83ee 842f 9cd1 9cb1 9491 9cb1 c617 ce38 d679 de9a de9a deba d699 d6b8 de97 bd52 cd71 e592 edb1 ed91 e590 ed91 ed91 f591 f591 f591 f591 f5b1 ed90 ed90 e590 dd0f e570 ed91 edb1 f5b1 ed90 ed90 edb1 edb1 edd2 f5d2 f613 f634 f653 f653 f674 f654 f634 ddb3 940e a4f2 7bad 9cb1 842f 8c50 9490 9470 8c30 83ee 9cf1 840e 842e 8c4f a532 83ee 7bce a512 9cf2 7bad 840e a532 9cf2 738c 9cb1 ad33 9490 6b6b a533 a533 7bcd 7bee a533 a512 630b 94b1 a513 9490 736c a4f2 ad33 840e 7bcd a512 9cd1 6b4b 6b6c 842f 9490 842f 840e a512 840e 840f 9471 9cb2 842f 840f 94b1 840e 94b1 7c0e 94b1 83ee a513 83ee 842f 8c70 9cd1 840e 83ee a513 9491 7bce 842f a532 8c4f 738c 9cf1 a533 83ee 840e a512 a512 736c 9c70 d592 ee13 fe54 fe54 f653 f633 f633 f633 edf2 edd2 edd1 edb1 ed90 ed90 edb0 edb1 edb1 ed91 dd0f e550 ed90 e590 edd0 edb1 edb0 edb1 f5b1 f5b1 ed91 ed90 edb0 e590 e591 dd92 cd73 d616 de98 d6b9 d6b9 d6b9 d699 d699 ce58 ce57 a533 9cf2 9cf2 a512 83ee 7bce ad33 a4f2 6b8c 8c90 a533 9cd1 736c a4f2 ad33 8c2f 73ad a512 a533 6b6c 8c70 630b 5aeb 6b6d 9cd1 a512 842e 7bcd 9cf2 9cf2 632b 6b4c 840f a513 83ee 83ee 9cd2 94b1 840f 7bce 9cf2 842e 9490 7bee 9cf2 83ee 9cb1 8c2f 8c4f 8c70 9490 8c4f 83ee a4f2 8c2f 840f 844f a512 7c0e 7bed 9cd1 a512 7bad 840f a512 9cd1 738c 94b1 a513 9470 7bad a513 
a533 7bee 7bef a513 a513 632b 94b1 a533 9490 6b4b a512 a512 840e 7bcd a533 9cf2 7bcd 840f a533 842f 840f 8c50 9cf2 7bee 842f 94b1 94b1 8c50 840f 9cd2 840f 94b1 7bee 94b1 840f 9cd2 840f 842f 94b1 94b1 840e 840e a512 8c6f 7bed 9490 a512 9d12 630b 7bef a513 9491 738d 9cd1 a533 8c2f 7bee a513 a533 73ad 842f a513 9cf2 6b4c 9cd1 a533 8c4f 6b6c a512 a512 7bee 7bee a533 9cd1 7bad 9470 ad54 a512 a4f2 c617 ce58 d679 bdf6 a4d1 944f a46f 9c2d d572 e5b2 edb1 edb1 edb1 f590 f590 edb1 ed90 ed91 ed91 e570 dd0f e570 edb2 ed91 edb1 edb1 ed91 ed90 edb0 edb1 edb1 edb1 edb1 edb1 edd1 edd2 edd2 e5b1 dd91 acf0 ad32 94b0 6b4b 9d12 a533 7bcd 7bee a533 9cf2 73ad 8c70 ad54 8c50 7bad 9cb1 a533 7bee 840f 9cd2 9491 840f 840f a513 7bee 9491 840f 9cd2 840f 8c71 8c50 8c30 9491 8c50 8c70 7bee a512 842f 840e 9470 a512 83ee 83ee a4f3 a513 840f 6b6c 8430 9cf2 738c 9470 a512 8c70 73ad 9d12 a533 7bee 7bee a533 a512 6b6c 9490 a533 94b0 6b4b 9cf2 a533 7c0e 7bcd a533 9cd2 7bce 842f a533 8c50 840f 8c50 a513 7bee 8c2f 9491 9470 8c4f 7bed 9cd1 8bed c551 e5b2 edd2 edd2 edd1 edd1 edd1 edb1 edb1 edb1 edb1 edb1 ed91 edb1 edb1 edb1 edb1 ed91 dd2f dd2f ed90 ed90 edb1 edb1 edb1 edb1 edb1 ed91 edb1 edd2 dd92 bcf0 8b8b acd1 ad12 b554 d679 d679 ce58 ad34 ad54 ad54 9cb2 7bce 8c70 a513 7bee 840f 9cd2 9cd2 840f 840f 9cf2 840e 9490 7bee 9cf2 840e 94b1 842f 8c70 8c70 9471 8c50 7bee 8c30 52ca 7bef 8c4f a533 842f 7bce 9cd2 a533 9491 6b4c 840f a533 842f 7bce 9cf2 a533 7bcd 842f a532 9cf2 6b6c 94b1 a533 8c70 738c a512 a533 7bee 7bee a533 9cf2 738d 8c50 a513 8c50 7bad 9cb1 a513 83ef 7bee 9cf2 9491 842f 840f 9cf2 840f 8c91 840f 94d2 842f 
8cae 7c2c 842c 94ae 8c6d 844c 7c0c 9cef 842c 7c0c 8c6d 94af 7bec 73eb 94ae 94af 73ab 844d 94cf 8cae 6b69 948e 94cf 8c6d 73cb 9cef 94ef 7c0b 844d 9cef 94ce 73ca 94ae 9cef 846d 73eb 94ae 94af 7bec 73cb 94cf 846d 7c0c 7c0c 94cf 7bec 94ae 94af 6349 7c0c 94cf 842c 94cf 7c0b 948e 842c 8c8d 8c6d 8c8e 844c 7c0c 94cf 846d 844d 7c0c 94af 7c0c 73eb 8c8e 94af 73cc 7bec 94af 8c8e 73aa 8c6d 94cf 8c8e 73aa 94cf 9d10 8c8e 7c2d 94ef 950f 73ca 94ad a4ce cd70 edb1 ed90 edb1 edb1 edb1 edb1 edb1 ed91 e550 d4ef dd10 f613 f613 edd2 edd2 edb1 edb1 edb1 edb1 ed90 edb1 ed90 ed90 f591 f591 f591 f5b1 e5b1 cd70 8c0a 94ad 7beb 844d 846d 94cf 73eb 7c0c 94cf 8c8e 73cb 842d 94cf 8c8e 73ab 94ae 9cef 844d 73cb 9cef 94ef 73ca 8c8e 94ef 94ef 6baa 94cf 94ef 844d 73cb 94cf 94ae 73eb 7c0c 94cf 8c6e 73cb 844d 94cf 7bec 7bec 8c8e 94ae 7c0c 9cef 842d 73ab 844d 7c0c 94af 7bec 94cf 7bec 94af 842c 8c8e 7bec 7c0c 8c8e 844d 842c 7beb 94cf 7c0c 7beb 844d 94ce 7c0b 7c0b 94ce 94ef 73eb 8c6d 9cef 94cf 73aa 94ce 94ef 8c8e 73ca 9cef 94ef 73ea 844c 94ae 9cae a44c e5d2 ed91 f591 ed91 ed91 ed91 edb1 ed91 ed91 edb1 ed91 edb1 edb1 edb1 edb1 f612 fe33 dd70 d50f dd2f ed91 ed91 edb1 edb1 edb1 edb1 edb1 edd0 ddb1 b4cf 83cb 840d 844e 94ae 7beb 8c6d 9cef 94cf 7beb 7c0c 9cef 94af 73aa 94ae 9cef 8c6d 73cb 9cef 9cef 7beb 840c 94cf 94af 636a 8caf 94af 846e 73ab 94cf 94ae 7beb 73cb 94cf 94ae 73cb 844d 94ef 842c 842c 846d 94cf 7c0c 9cef 8c8e 73ab 844d 8cae 7c2c 8c8e 7c0c 844d 846d 7c0c 8c6e 7c2c 844d 7beb 94cf 7c0c 7c0c 8c6d 94ef 7beb 7c0c 94cf 94ce 7beb 842c 9cef 8c8d 73cb 94cf 9cef 842d 7beb 94ae 94cf 73aa 846d 94cf 94ae 6b6a 94ae 94af 844d 
7c49 7c49 7c49 7c49 7c49 8469 7c49 7c49 7408 73e8 73e8 73e8 73e8 73e8 73e8 73e8 73e8 73e8 7408 73e8 73e8 7c29 7c49 7c49 7c49 8469 8469 7c49 7c49 7c49 7c49 8469 7c49 8469 7c49 7c29 73e8 73e8 7408 73e8 73e8 73e8 73e8 7409 73e8 73e8 73e8 73e8 7408 7c49 8469 7c49 7c49 7c49 8449 8449 8449 8449 8449 8449 7c49 7c49 7c49 7408 73e8 7409 73e8 73e8 73e8 73e8 7409 73e8 73e8 73e9 73e8 73e8 7c09 7c49 7c49 844a 8449 8449 846a 7c49 7c49 846a 7c4a 842a 9c8a d5b0 edb1 ed91 edb1 edb1 edb1 f591 ed91 dd0f d4ef e571 edd2 fe54 fe54 f633 f613 edf2 edd2 edd2 edb1 edb1 ed91 ed91 edb1 ed91 edb1 e5b1 ddd0 a48b 7bc8 73e9 73e8 73e8 73e8 73e8 73e8 7409 73e8 73e8 73e8 73e8 73e8 7c49 8449 8449 8449 7c49 8449 7c49 8469 7c49 7c49 7c49 8469 8469 8469 7408 7408 73e8 73e8 7408 73e8 73e8 73e8 6be8 7409 73e8 73e8 73e9 73e8 844a 8449 7c49 7c49 7c49 7c49 7c49 8449 8449 844a 7c4a 844a 844a 7c4a 73e8 7409 73e8 73e8 73e8 73e8 73e8 73e8 73e8 73e8 73e8 73e8 73e8 7c49 7c49 7c49 7c49 7c49 7c49 7c49 8449 7c49 7c49 7c49 7c49 8469 7c49 7409 73e9 73e9 73c9 83c8 cd6f e5d1 ed91 edb1 f5b1 ed91 ed91 edb1 edb1 edb1 edd2 edf2 f5f3 f633 f633 fe54 f613 e591 dd0f d4ef ed71 ed91 ed91 ed90 edb1 edb0 edb0 ddd0 b4cc 7ba8 73e8 6c08 6c08 6c08 73e8 7408 7c49 7c49 8449 8449 7c49 7c29 8449 8469 7c49 7c49 8469 7c49 8469 7c49 7408 73e8 73e8 73e8 73e8 73e9 73c8 7409 73e8 73e8 73e8 7408 73e8 7c29 7c49 7c49 8449 8469 7c49 7c49 7c49 8469 7c49 846a 7c49 7c49 7c29 7c49 73e8 73e8 73e8 73e8 73e8 73e8 73e8 7408 73e8 73e8 73e8 7408 73e8 7c49 8469 7c49 846a 8449 7c49 8449 7c49 7c49 7c49 7c49 7c49 7c49 7c29 7408 73e8 73e8 73e8 73e8 73e8 73e8 73e8 7408 73e8 
7c49 7c49 7c49 7c49 7c49 7c49 7c49 7408 7407 7407 7407 6be7 7407 7407 7407 7407 7407 7408 73e8 73e8 7c28 8469 8469 7c49 8469 7c49 7c49 7c49 8469 7c49 8469 7c49 7c69 7c69 7c29 73e8 73e8 73e8 73e8 6be8 7407 73e7 7407 7407 7407 7407 7407 7407 7c48 7c49 8469 7c49 7c49 8469 7c49 7c49 8469 8469 7c49 8469 7c69 7c69 7408 73e8 7408 7408 7407 7407 7407 7407 7407 6be7 7407 7407 73e7 7427 7c68 7c68 8468 8468 8448 8449 8449 8469 8449 8449 8449 8449 8429 accc e5b0 ed90 edb1 edb1 edb1 ed91 ed91 d50f d4ef e591 e5b1 f613 f654 f654 f654 f654 f654 f634 f633 f613 edf2 edd2 edd1 e5d1 e5b1 d5b0 acec 8409 73e8 7408 7407 73e7 7407 7407 7407 7407 7407 6be7 7407 7408 7408 7c49 8469 7c49 7c49 7c49 7c49 7c49 8469 7c48 7c68 7c68 7c49 7c49 7c69 7408 73e8 73e8 73e8 73e8 7408 73e8 7407 7407 73e7 7407 7407 73e7 7407 8469 7c49 7c49 7c49 7c49 7c49 7c48 7c49 7c49 7c68 8468 8469 7c68 7c48 7407 73e7 7407 7407 7407 7407 7407 7407 7407 73e7 7407 7408 73e7 7c28 8469 8469 7c68 7c68 7c49 8449 8449 7c49 7c49 7c49 7c49 7c49 7c49 7c48 73e8 7408 73e8 7bc7 8c29 c56f ddd0 e5d1 edd1 edd2 edf2 f613 f613 f653 f654 f654 f654 fe54 fe34 fe33 edb2 ed91 dd10 d4ef e571 f5b1 ed91 f591 ed90 edb1 e5d1 bd2e 83c8 7be8 7408 6c07 6c07 6c07 7407 73e7 7c28 8469 7c49 7c68 8469 7c48 7c68 8469 7c49 7c49 8469 7c49 8469 8469 7c48 7407 73e7 73e7 7407 73e7 7407 7407 73e7 73e8 73e8 73e8 73e8 7408 7c28 8469 7c49 8469 8469 7c49 8469 7c49 7c49 7c49 7c48 8468 7c68 8469 7c28 73e7 73e7 7407 7407 7407 7407 73e7 73e7 7407 7407 73e7 7407 7408 7c49 8469 7c49 7c68 7c68 7c68 7c49 7c49 7c49 7c49 8469 8469 8449 7c49 7408 73e8 73e8 7408 73e8 73e8 73e8 73e8 7408 
7c49 7c49 7c49 7c49 8469 7c49 7408 73e8 73e8 7408 73e8 73e8 7408 7408 7408 73e8 7408 7408 73e8 7c29 7c49 7c49 7c49 7c49 7c49 7c49 8469 7c49 8469 8469 8449 8449 7c69 7c29 73e8 73e8 73e8 73e8 73e8 73e8 73e8 73e8 73e8 7408 73e8 73e8 73e7 7c49 8469 7c49 7c49 7c48 7c69 7c69 7c49 7c49 8449 8449 8449 8469 7c49 7c29 6be7 73e8 7408 7408 7408 73e8 73e8 73e8 7408 73e8 7408 7408 7407 7c49 7c49 8469 8469 8469 7c69 7c69 7c69 7c69 7c49 7c49 7c69 8469 7c49 8408 a4ab ddb0 edb1 edb1 edb1 edb1 edb1 dd0f dd0f e571 edb1 edb1 edd2 f613 f634 f654 f654 f654 f654 f654 f654 f654 f653 ee33 accc 944a 8429 7c08 7408 6c08 7408 73e8 73e8 73e8 73e8 73e8 6be8 7408 7408 7408 7408 7c49 8469 7c49 7c49 7c49 8469 7c49 8469 7c49 7c49 7c49 8469 7c49 7c49 7408 7408 73e8 73e8 73e8 73e8 73e8 7408 7408 6be8 6be8 73e8 73e8 7408 7c69 7c49 7c49 7c69 7c69 7c69 7c69 7c49 7c49 7c49 8469 7c49 7c49 7c49 73e8 7408 73e7 73e8 73e8 7408 73e8 73e8 73e8 73e8 73e8 7408 73e8 7c28 8469 7c49 7c49 7c49 7c49 7c49 7c49 8469 7c49 7c49 8469 8449 8449 7c49 7407 7407 73e7 7408 73e7 83c8 942a ddb1 f653 f654 f654 f654 f654 f654 f654 fe54 f634 f633 f5f2 edb1 ed91 ed91 dd10 d50f e571 edb1 edb1 edb1 e5b0 e5d1 bd0d 83e8 73c7 73e8 73e8 73e8 73e8 73e8 7408 73e8 7408 7c49 7c49 7c69 7c69 7c69 7c69 7c49 7c49 8449 8449 7c49 8449 8469 8449 7428 6be8 73e8 73e8 73e8 73e8 73e8 73e8 73e8 73e8 73e8 73e8 73e8 7408 7c49 8469 7c49 8469 8469 8469 7c49 7c49 7c49 8469 8469 7c49 7c49 7c49 7408 73e8 7408 7408 6be8 6be8 7408 7408 7408 7408 73e8 73e8 7408 7408 7c49 8469 7c49 7c49 7c49 7c49 7c49 8469 7c49 7c49 7c49 7c49 8469 7c49 7408 73e8 73e8 73e8 7408 73e8 73e8 7408 
8469 7c68 8469 7c49 7c28 7408 73e7 73e8 73e8 7408 7408 7408 73e8 73e8 73e8 73e8 7407 7407 7c28 7c49 7c49 7c49 8469 8448 8469 7c68 8469 8469 8469 8469 8448 8469 7c48 7407 7408 73e8 7408 7408 73e8 7408 73e8 73e8 73e8 7408 73e8 73e8 7c09 7c49 7c49 7c68 8469 8469 7c68 8469 7c68 7c68 8448 8448 8448 8469 7c48 7408 7408 73e8 73e8 73e8 73e8 73e8 6be8 73e8 73e8 73e8 7408 6be7 7c29 7c49 7c69 7c49 7c49 7c49 7c69 7c68 7c68 7c69 7c68 8468 7c68 7c68 7c48 7407 73c7 944a cd6f e5d1 e5b1 edb1 edb1 dd30 d4ef e571 edb1 ed91 edb1 edb1 edb1 edb2 f5f2 f5f3 f613 f633 fe54 fe54 fe54 ee12 9cab 8428 8449 73e7 7408 73e8 73e8 73e8 73e8 73e8 73e8 73e8 73e8 73e8 7408 7407 7428 7c69 8469 7c68 7c68 8468 8469 7c68 7c48 7c68 7c68 8469 8469 8469 7c48 7407 7407 7407 7407 7407 7407 73e8 7408 73e8 73e8 73e8 73e8 73e8 7408 8469 7c49 7c48 7c68 7c68 7c48 8469 7c68 7c49 7c49 7c49 8469 8469 8449 73e8 73e8 73e8 73e8 73e8 73e8 73e8 7408 7408 73e8 73e8 7408 73e8 7c28 8469 7c68 8469 7c68 7c68 7c68 7c68 8468 7c68 7c68 7c49 8469 8469 7c49 7408 73e7 7407 73e7 73e8 7be8 83c8 d590 f633 fe54 f633 fe54 f633 f5f2 f5f2 edd2 edb1 edb1 edb1 ed91 edb1 ed91 dd0f dd0f ed91 edb1 edb1 e5d1 d5b0 accc 7bc8 73e7 7407 73e7 7408 73e8 73e8 73e8 7408 7408 73e7 7c28 7c49 7c49 8469 7c68 7c68 8469 8448 8469 8469 7c69 7c69 7c68 8469 7c49 7408 73e8 7408 73e8 73e8 73e8 73e8 73e8 73e8 73e8 7408 7408 7408 7408 7c49 8469 7c68 7c49 7c49 7c49 8469 8469 8469 8469 8449 8449 8469 7c49 7408 73e8 73e8 7408 73e8 73e8 73e8 6be8 73e8 73e8 7408 73e8 73e7 7c28 7c49 7c49 7c49 7c49 8469 7c48 8448 8469 8469 8449 8449 8469 7c49 7c49 7408 73e7 7407 7407 7407 7407 7407 
8469 8469 7c49 7c28 7408 73e8 73e8 73e8 7408 73e8 73e8 73e8 7408 7408 73e8 73e8 7408 7c28 8469 7c49 8469 8449 7c49 8469 8469 8469 7c49 8469 7c49 8469 7c49 7c28 7408 73e8 73e8 73e8 73e8 73e8 73e8 73e8 7408 7408 7407 73e7 7407 7428 7c69 7c69 8469 8469 8449 8449 7c49 7c49 7c49 7c49 8469 8449 8449 8449 7408 73e7 6be8 6be7 7407 7407 7407 7408 73e7 7407 7407 73e7 7407 7428 7c68 7c69 7c68 7c69 7c68 7c49 8449 8449 8449 8449 8449 8449 7c49 7c49 7c28 73e7 7407 73e7 83e8 a48b c52e dd90 e591 ed91 dd0f dd0f ed91 ed91 ed91 ed91 f5b1 f5b1 ed91 ed91 edb1 edb1 edd1 edd2 edb1 ddb1 9c8a 8448 7c28 73e7 73e8 73e8 7408 7408 7407 73e7 7407 7407 6c07 7407 7408 7408 7c49 8469 8448 8448 7c48 7c48 8469 8469 7c49 7c49 7c49 7c49 7c49 8469 7c69 7408 73e8 73e8 7408 73e8 73e8 73e8 7407 7407 7407 7407 7407 7407 7c28 7c49 8469 8469 8449 7c49 7c49 8469 7c49 7c49 8468 7c68 7c68 7c68 7c68 7407 7407 73e7 7408 73e8 73e8 73e8 7408 73e8 73e8 73e8 7408 73e8 7c28 7c49 7c69 7c49 7c68 7c48 8469 8449 7c49 8449 8449 8449 7c49 7c49 846a 7408 73e7 73e7 7408 73e8 73e8 7bc8 cd2f edd2 edd2 edd2 edb1 ed91 ed91 ed91 f5b1 f591 edb0 edb0 edb1 edb1 e570 d50f e570 edb1 e590 d56f bced 9449 7bc7 73e8 7408 73e8 73e8 7408 73e8 73e7 73e7 73e7 7408 73e8 73e8 7c49 7c49 7c49 7c49 7c49 8469 8469 8449 8449 7c49 7c49 7c49 7c49 8469 7c49 7408 7407 7407 7407 7407 73e7 7408 7408 73e8 73e8 73e8 7408 7408 7c28 8449 8449 8449 8449 8469 8449 8448 8448 8469 8469 7c49 7c49 7c69 7c48 7407 73e7 7408 7408 73e8 73e8 7407 7407 7407 7407 7408 7408 7408 7408 7c49 7c49 7c48 7c48 7c49 8469 8449 8449 8449 8449 7c49 7c49 7c49 7c49 7408 73e8 73e7 73e7 73e8 73e8 
7c48 7c48 7428 7408 73e8 73e8 7408 7408 6be8 6be8 73e8 73e8 73e7 73e8 73e9 73e8 7428 7c48 7c48 7c69 7c49 7c49 8469 8469 7c49 7c49 8449 8449 8469 846a 7c49 7408 6be7 6be7 6c07 7408 7408 7408 7408 7408 6be7 73e8 7408 7408 7c08 8449 8469 8469 7c48 7c48 7c69 7c69 7c69 7c69 8469 8469 7c48 7c49 7c49 7c28 73e8 73e8 73e8 7408 73e7 73e7 7407 73e7 73e7 73e7 7408 7408 73e7 7c49 8469 8469 8449 7c49 7c49 8469 7c69 7c48 8469 8469 8449 8449 8469 8449 73e8 73e8 7408 73e8 73e8 73c7 7be8 8409 8c49 a4ab b4ed bcee d54f edb1 edb1 f5b1 ed91 ed91 ed91 edb1 f591 ed91 f5b1 edb0 e5b0 cd8f 8c49 8449 7c08 73e8 7408 73e8 73e8 73e8 73e8 73e8 73e8 73e8 73e8 73e8 73e7 73e7 7c49 8469 8469 8469 8469 8469 7c49 7c49 8449 8449 8449 8449 8449 8449 7428 73e8 73e7 7407 73e8 7408 7408 7408 6be7 6be7 7408 73e8 73e8 73e8 7c29 8469 7c49 7c48 7c69 7c69 7c49 7c49 7c49 8449 7c49 7c49 8449 7c49 846a 7408 73e8 73e8 7407 7407 7407 7407 73e8 73e8 73e8 73e8 6be7 6be7 7408 7c49 8469 8449 8469 8469 7c49 7c69 7c49 7c49 8449 8449 7c49 7c49 7c49 7c28 73e8 73e8 73e8 73e8 73e8 7be8 a4ac ddd1 e5d1 edd1 edb0 edb0 f591 f591 ed90 ed90 edb1 edb1 edb1 dd91 cd0f c50e ad0c 9ccb 948a 8c49 8449 8449 73e8 7408 73e8 73e8 73e8 7408 73e8 73e8 7408 7408 6be7 6be7 7407 7c28 7c49 8449 8469 8449 7c49 7c49 7c49 8449 8449 8449 8449 8449 7c49 7c48 7c28 7408 73e7 73e8 7408 7408 7407 7407 73e8 73e8 73e8 73e8 73e8 73e8 7c28 7c48 7c68 7c49 8469 8449 8449 8449 7c49 7c49 8469 8469 8449 846a 7c29 7408 73e7 6be6 7407 7407 73e7 73e7 7408 7408 73e7 73e8 73e8 7408 7c28 7c49 8449 8469 7c48 7c68 7c69 7c69 7c49 7c29 846a 8449 8449 7c49 7c68 7408 73e8 73e8 7409 73e8 
7c68 7428 7407 73e8 73e8 7408 73e8 73e8 7407 6c07 6be7 73e8 73e8 7c2a 846b 8c8c 8ccc 8cac 8ccc 8ccc 8ccc 8ccc 94cc 8ccc 8ccc 8cac 8ccc 8ccc 8cad 8ccd 8c8c 846c 848c 846b 848c 848c 846c 846c 846c 846c 846b 846c 846c 848c 8cac 8cad 8ccc 8ccc 8cac 8ccc 8ccc 8ccc 8ccc 8cac 8cac 8ccc 8ccc 8ccc 8cac 848b 846b 846b 846c 846c 846c 846c 846c 846c 846c 846c 846c 846c 8c8c 8cad 8cad 8cad 8ccd 8cad 8cad 8cad 8cac 8cac 8ccc 8cac 8cad 8cad 8ccd 8c8c 846b 846b 846c 846c 846c 846c 846c 846c 846b 846c 8c4c 946c 9c6d acef bd50 d591 ddb1 e5b1 edb1 edb1 edb1 ed90 ed90 edb1 e5d2 b50f 948c 8cac 846c 846c 846c 846c 846c 846c 846c 846c 846c 846c 846c 846c 846c 8c8c 94cc 94cc 8cac 8cac 8cac 8ccc 8cac 8cac 8cad 8ccd 8ccd 8cad 8cac 8cad 8cac 846c 846c 846c 846c 846c 846c 846c 846c 846c 846c 846c 846c 846c 8cac 94cd 8ccc 8cac 8ccc 8ccc 8ccc 8cad 8cad 8ccd 8cad 8cac 8ccc 8ccc 8ccc 848b 848b 846b 846b 846c 846c 846c 846c 846c 846c 846c 848c 848c 848c 8ccd 8cad 8cad 8cac 8cac 8cad 8cad 8cac 8cac 8cad 8cad 8cad 8cad 8cac 8cac 846c 846c 846c 846c 846c 8c6b 9c8c d5b0 edb1 f591 f591 f591 edb1 edb1 e5b1 e5b1 ddb1 cd70 b52f a4ed 94ac 94ac 94ac 948c 94ac 94ad 8ccd 8ccd 8c8c 846c 848c 846c 848c 848c 846c 846c 846b 848c 846c 848c 846c 848c 8cac 94cd 8cad 8cad 8ccc 8ccc 8ccc 8ccc 8ccc 8ccc 8ccc 8ccc 8cac 8ccd 8cac 848c 848c 846c 846c 846c 846c 846c 846c 846c 846c 846c 846c 846c 848b 8ccc 8ccc 8ccc 8cac 8cad 8cad 8cad 8cad 8cad 8ccd 8ccd 8cad 8cad 8cad 8c8c 846b 846c 846c 848c 846c 846c 846c 846c 846c 846c 846c 846c 848c 8c8c 8ccc 8ccc 8ccc 8ccc 8cac 8ccc 8cad 94cd 8ccc 8cad 8cad 8cac 8cac 8449 7408 7407 73e7 7407 
7408 73e8 73e8 7408 73e8 73e8 73e8 7408 73e8 6be7 7408 6be8 846c 9d2f 8c8b 8cab 848c 848c 8c8c a570 9d0e 8c8c 8c8b 8c8b 8cab 8c8b 8cab 8cab 848b 844a 7c4a 7c4a 7c4a 7c4a 7c4a 7c4b 7c4a 7c4a 7c4b 7c4a 7c4a 7c4a 844a 8c8b 8c8b 8c8b 8c8b 8c8b 8c8b 8cab 8c8b 8cab 8c8b 8c8b 8c8b 8c8b 8c8b 848b 7c4a 7c4a 844a 844a 844b 844a 7c4a 844b 7c4a 7c4a 7c4a 7c4a 7c4a 846b 8cab 8cab 8c8b 8c8b 8cab 8cab 8cab 8cab 8c8b 8c8b 8cab 8c8b 8cab 8cab 848b 7c4a 7c4a 844a 844a 844a 844a 844b 844a 7c2a 7c2a 7c4a 844b 844b 844b 8c8b 8c8b 8c8b 948b 948b 9c8b b4ec c54e d58f ddd0 cd6f a4ac 948b 8c8b 848b 7c4a 7c4a 844b 844b 7c4a 7c4a 844a 844a 7c4a 7c4a 7c4a 7c4a 844a 848b 8c8b 8c8b 8c8b 8cab 8c8b 8cab 8c8b 8c8b 8c8b 8c8b 8c8b 8c8b 848b 8c8b 846b 844b 7c2a 7c4a 844b 7c4a 844b 844b 7c4a 7c4a 7c4b 7c4a 844b 844a 848b 8cab 8c8b 8c8b 8c8b 8c8b 8cab 8c8b 8c8b 8c8c b5d2 94ae 8c8c 8c8b 8cab 846b 7c6a 7c4a 7c4a 7c4a 7c4a 7c4a 7c4a 7c4a 7c4a 7c4a 7c4a 7c4a 7c4a 846b 8c8b 8c8b 8c8b 8c8b 8c8b 8c8b 8c8b 8c8b 8c8b 8c8b 8c8b 8c8b 8c8b 8c8b 844a 844a 7c4b 7c4b 7c4a 7c4a 844a 944a bd0e dd90 dd90 c52e b4ed 9c8b 948b 8c6b 8c8b 8c8b 8c8b 8c8b 8c8b 8c8b 8c8b 8c8b 8c8b 8c8b 848b 848b 848b 7c6b 7c4b 7c4b 7c4b 7c4a 7c4a 7c4b 7c4a 7c4a 7c4a 7c4a 844a 844a 846a 8c8b 8c8b 8c8b 8c8b 8c8b 8c8b 8c8b 8c8b 8c8b 8c8b 8c8b 8c8b 848b 8c8b 848b 7c4a 7c4a 7c4a 7c4a 7c4a 7c4a 7c4a 7c4a 844a 844a 844a 844a 7c4a 846a 8cab 8cab 8c8b 8c8b 8c8b 8c8b 8cab 8c8b 8cab 8c8b 8c8b 8c8b 8c8b 8c8b 846b 7c2a 844a 844a 7c4a 7c4a 7c4a 7c4a 844b 844b 844b 844b 844a 844a 846a 8c8b 8c8b 8c8c 848b 8ccd ad90 94cd 848c 8c8c 8c8b 8cab 9d0e 9d0e 7c4a 7408 7407 73e7 
73e8 7408 73e8 7408 73e8 73e8 73e8 7408 7408 73e9 73e9 848c 9d2f 844b 844a 844a 846a 8ccc 9d2e 8cab 7c49 7c49 7c49 7c49 7c68 8469 7c68 7c68 7408 73e7 7407 7407 7407 7408 7408 7408 7408 7408 7407 7407 73e7 73e7 7c48 8469 7c48 8448 8468 8448 7c68 7c68 7c68 7c68 7c48 7c68 7c68 7c68 7c49 7408 73e7 7408 73e7 7408 73e7 73e7 73e7 7408 7408 73e7 73e7 73e7 73e7 7c48 8469 7c68 7c48 7c68 8469 8469 8469 8469 7c68 7c68 8448 8448 8448 8448 7407 73e7 73e7 73e7 73e7 73e7 73e7 73e7 73e8 73e8 73e7 7407 73e7 73e7 7c48 8448 7c68 7c49 8469 8449 8449 8449 8428 8449 8c89 8469 8448 7c68 7c68 7407 73e7 73e7 73e7 7407 7407 7407 7407 7407 7407 7407 73e7 73e7 73e7 7c48 7c48 7c68 7c68 8468 7c68 7c68 7c68 8468 7c68 7c68 7c68 7c68 7c48 7c68 7407 7407 73e7 7407 7407 7407 7408 7407 6c07 7407 7407 73e7 7407 73e7 7c48 7c68 8469 8469 7c68 7c48 7c68 7c68 7c68 846a b5d1 846c 844a 8449 7c49 7408 73e8 73e8 7407 7407 7407 7407 7407 7407 7407 7407 7408 7408 7407 7c48 7c68 8469 8448 7c48 7c68 7c68 7c68 7c68 7c68 7c68 7c68 7c68 8448 8469 7c08 73e7 7408 7408 7407 7407 7408 6be8 7be8 7c08 7c08 73c7 73e7 73e7 7c28 8469 8449 8469 7c49 8449 8469 8448 8468 8468 8468 8468 7c48 7c48 7c69 7408 7407 7408 73e8 73e8 73e8 73e8 73e8 7407 7407 7407 7407 73e7 7407 7c48 8469 8448 7c68 7c68 7c68 7c68 8448 8448 8448 8448 7c68 7c48 7c48 7c48 7427 7407 73e7 7407 7407 7407 7407 7407 7407 7407 7407 7407 7407 73e7 7c48 7c68 7c48 8469 7c68 7c48 8468 8468 7c48 8468 8468 8448 8448 8448 7c49 7408 73e7 7408 7408 7407 7408 73e7 7408 73e7 7408 73e7 73e7 73e7 7407 7c28 7c69 7c49 7c49 7c49 846a 9d2e 950d 846b 844a 7c4a 7c4b 9d2f 9d2e 7c4a 7c09 73e8 
73e8 7408 73e8 73e8 73e8 73e8 7408 73e8 7408 73e8 848c a550 846c 8c8c 94cd 950d 950d 8cab 8449 7c49 7c49 8469 7c68 7c68 7c68 7c49 7c49 7408 7408 7407 7407 7408 73e8 73e8 73e8 73e8 73e8 73e8 73e8 73e8 73e7 7c28 7c49 7c49 7c49 7c49 7c68 7c49 8469 8469 8469 7c49 8469 8469 7c49 7c49 7c28 73e7 7408 7408 73e8 7408 73e8 73e8 73e8 73e8 73e8 73e8 73e8 7408 7c28 7c49 7c49 7c49 8469 8469 7c49 7c49 7c49 7c49 8469 7c68 8449 8449 8449 7c28 73e7 73e7 7407 7407 7407 7407 7407 7407 7407 7408 73e8 7408 73e7 7408 7c69 7c69 8469 7c49 7c49 8449 8449 8449 7c49 8469 7c69 7c69 7c49 8469 7c49 73e7 73e8 73e8 73e8 73e8 7408 7408 7408 7408 73e8 73e8 7407 7407 7408 7c49 8469 7c49 7c68 8469 7c68 7c68 7c68 8469 7c68 7c68 8469 8469 7c68 8469 7408 7408 73e8 73e8 6be8 7408 73e8 73e8 7408 7408 7407 7408 7408 73e7 7c48 7c68 8469 8469 8469 8448 8469 8469 7c49 846a b5d1 8c8c 7c49 7c68 7c68 7428 7407 73e7 7407 7407 7408 7408 73e8 73e8 73e8 73e8 7408 73e8 73e7 7428 7c49 7c49 8449 8449 8469 8469 8469 8469 8469 8469 8469 8469 8469 8469 7c28 73e7 7407 7407 7407 7408 73e8 7408 73e8 73e8 6c07 6be7 7408 73e7 7c07 8448 8448 8469 7c68 7c68 7c68 7c68 7c68 8469 8469 8469 8448 8448 8469 7c28 73e7 73e8 73e8 73e8 73e8 73e8 73e8 73e8 73e8 73e8 7407 7407 73e7 7408 7c48 7c49 8469 8469 8469 8469 8469 8469 8469 8469 8469 8469 7c49 7c49 7c49 7408 7407 73e7 73e8 73e8 73e8 73e8 73e8 73e8 73e8 73e8 73e8 73e8 7408 7c28 7c49 7c49 8449 8449 7c49 8469 8469 7c68 8469 8469 7c68 8469 7c49 7c49 7408 73e8 73e8 73e8 73e8 73e8 7408 73e8 73e8 73e8 73e8 7408 7408 73e7 7c48 7c48 8448 8448 7c49 7c49 848a 94ec 9d0d 94ed 8cac 8c6c 9d2f 9d2f 844a 7c09 
73e8 7408 73e8 73e8 7408 73e8 73e8 73e8 73e9 8cac 9d2f 9d0e 94ed 8cab 848b 844a 7c49 7c4a 7c49 7c49 7c49 7c49 7c48 7c49 7c49 7c49 7408 73e8 73e8 73e8 7408 7408 73e8 73e8 73e8 73e8 7408 73e8 73e8 73e8 7c28 8449 7c49 7c49 7c49 7c49 7c49 7c49 8469 7c49 7c49 7c49 8469 8469 7c69 7c48 73e8 73e8 73e8 73e8 7408 7408 7408 73e8 73e8 73e8 73e8 73e8 73e8 7408 7c49 8469 7c49 7c49 8469 7c49 7c49 8469 7c49 7c49 7c69 7c69 7c69 7c49 7c49 7408 73e8 7408 73e8 7408 7408 73e8 73e8 73e8 73e8 73e8 7408 73e8 73e8 7c29 7c49 7c49 7c49 7c49 7c69 7c49 7c49 8449 8449 8449 8428 8449 8449 8449 7c28 73e8 73e8 73e8 73e8 73e8 73e8 73e8 73e8 73e8 73e8 73e8 73e8 73e8 7c28 8469 8469 7c49 7c49 7c49 7c49 7c49 7c49 7c49 7c49 7c49 8449 8449 8449 7c49 73e8 73e8 73e8 73e8 73e8 73e8 73e8 73e8 73e8 73e8 73e8 73e8 73e8 73e8 7c49 8469 8449 8469 8469 7c49 7c49 7c49 7c49 846a adb1 8c8c 7c4a 7c49 7c69 7428 73e8 73e8 73e8 73e8 73e8 73e8 73e8 73e8 73e8 73e8 7408 73e8 73e8 7c28 7c49 8469 7c49 7c49 7c69 7c69 7c49 7c49 8449 8449 7c49 7c49 7c49 7c49 7c29 73e8 73e8 73e8 73e8 73e8 73e8 73e8 73e8 73e8 73e8 73e8 73e8 73e8 6c08 7c49 7c69 7c49 8469 8469 8449 8449 7c49 7c49 8449 8469 8449 7c49 8469 7c49 7408 73e8 7408 73e8 73e8 73e8 73e8 73e8 73e8 7408 73e8 73e8 73e8 73e8 7c28 7c49 8449 8449 8449 8449 7c49 7c49 8449 8449 7c49 7c49 7c49 8469 8469 7c29 73e8 73e8 73e8 73e8 73e8 73e8 73e8 73e8 73e8 73e8 73e8 73e8 73e8 7408 7c49 7c49 7c49 8469 7c49 8449 8469 7c49 7c69 7c69 7c49 7c49 7c69 7c69 7c29 73e8 73e8 73e8 73e8 73e8 73e8 7408 7408 7408 7408 7408 7408 73e8 73e7 7c48 8449 8449 7c49 7c49 7c49 7c49 7c49 848a 8cab 94cd 94ef a550 9d2e 7c4a 
7408 73e8 73e8 73e8 6be8 7408 73e8 73e9 8cad 9d2f 844b 844a 7c49 7c48 8448 8469 7c49 8469 8469 8469 7c49 7c49 8469 7c49 7c49 7408 7408 7407 6be8 7408 7408 7408 7407 7407 7408 7408 7408 7407 7407 7408 7c49 8449 8469 8449 8448 8448 8449 8449 8469 7c49 7c49 7c49 7c49 7c49 7c48 7408 7407 7407 7408 7407 73e7 7408 7407 7407 73e8 73e8 7408 7408 7407 7c28 8469 8469 7c68 7c68 8469 7c68 8469 8469 7c68 7c68 7c68 7c48 7c69 7c69 7c28 7408 73e8 73e8 73e8 73e8 73e8 73e8 73e8 73e8 7408 73e8 73e8 73e8 7408 8449 8448 8449 8449 8449 8449 8469 7c49 8449 7c69 7c69 7c48 7c48 8469 7c49 7407 73e7 7407 7407 7408 73e7 73e8 73e8 73e8 73e8 73e8 73e8 73e8 73e8 7c28 7c49 7c68 7c68 7c68 7c68 7c68 7c68 7c68 7c68 8448 8469 8448 8469 8448 7c48 73e7 73e8 73e8 73e8 73e8 73e8 7408 73e8 7408 7408 73e8 73e8 73e7 73e7 7c49 7c69 7c68 8469 8469 7c68 8468 8469 7c49 846a adb1 846c 846a 7c49 8469 7c29 73e8 73e8 73e8 73e8 73e8 73e8 73e8 73e8 73e8 73e8 73e8 6be7 73e7 7408 7c49 7c49 7c68 7c68 7c69 7c69 8469 8469 8468 8468 8468 8469 7c68 7c49 7c49 7408 7407 7407 73e7 7407 7408 6c08 7408 73e8 73e8 73e8 7408 7408 6be8 7429 7c69 7c49 7c69 7c69 7c49 7c69 7c49 7c68 8469 8469 8448 8448 7c68 7c69 7c28 7407 73e8 73e8 73e7 7408 73e8 7408 6be7 7408 73e8 73e8 7408 7407 7407 7c49 8469 8469 8469 8469 8469 8469 8469 8469 8449 8449 7c49 7c49 8469 7c49 7408 73e8 73e8 73e8 73e8 73e8 73e8 73e8 73e8 73e8 6be8 7408 7407 7408 7428 7c68 8468 8468 8448 8469 8469 8469 8468 7c68 7c68 7c68 8469 7c68 8469 7c48 7407 73e7 73e7 73e7 7407 7407 7408 7408 7408 73e7 73e7 7408 7408 7408 7c49 8449 8469 7c49 7c49 7c49 7c69 7c49 7c68 7c48 7c49 7c4a 94ee 9d30 
7408 7408 73e8 73e8 73e8 7408 73e8 8ccc 9d2e 7c4a 7c49 7c49 7c49 7c49 7c49 8469 8468 8469 7c48 7c68 7c68 7c68 7c48 8469 7428 7408 7408 7408 6be8 7408 7408 7408 7408 73e8 73e8 73e8 73e8 73e8 7408 7c49 8469 8469 7c49 7c49 7c49 7c49 7c49 7c49 8469 8469 8449 7c49 8449 8449 7c28 73e7 7408 7407 73e8 73e8 6be7 6be8 7408 73e8 7408 73e8 73e8 73e8 7c28 7c49 7c49 7c49 8469 7c49 8469 7c49 7c49 7c49 7c49 7c49 7c69 7c69 7c69 7c69 7408 7408 73e8 73e8 7408 73e8 73e8 73e8 73e8 7408 7408 73e8 73e8 73e8 7c28 8449 7c49 7c69 7c69 7c49 7c69 8469 7c49 7c49 7c69 7c68 7c49 7c49 7c69 7c49 7408 73e8 7408 73e8 73e7 7408 7408 7408 6c08 7408 7408 7408 7408 7408 7c49 8469 8449 8449 8449 7c49 7c49 7c49 7c49 7c49 7c49 8469 7c49 7c49 7c49 7c28 6be7 7408 73e8 73e8 7408 6be8 7408 6be8 7408 7408 73e8 73e8 7408 7408 7c49 7c49 8449 8449 8449 8449 8469 8469 7c49 844a ad90 8c8c 8469 8469 7c69 7c48 7407 6c07 7408 73e8 7408 7408 7408 7408 7408 7408 7408 73e8 7408 7408 7c49 7c49 7c48 8469 8449 8449 8449 8449 8449 8449 7c49 7c49 8469 7c49 8469 7408 7407 7407 73e7 7408 7408 73e8 73e8 73e8 73e8 73e8 73e8 73e8 73e7 7c08 7c49 8449 7c68 7c68 7c68 7c69 7c49 7c49 7c49 7c49 7c48 7c68 7c48 7c69 7c69 7408 73e8 7408 73e8 73e8 73e8 73e8 7408 7408 73e8 73e8 7408 73e8 73e7 7c28 7c49 7c49 7c49 7c49 7c69 7c69 7c69 7c49 8469 8449 8469 7c49 7c49 7c49 7c49 73e8 7408 73e8 73e8 73e8 7408 7408 7408 7408 7408 7408 73e8 73e8 7407 7428 7c69 7c69 8469 8469 7c49 7c49 7c69 7c69 7c49 7c49 8469 8449 8449 8449 7c29 7408 73e8 6be7 7408 73e8 73e8 73e8 6be7 73e8 7407 73e8 73e8 7be8 73e8 7c29 7c68 7c48 8469 7c49 7c89 7c69 7c69 8469 8468 8468 8469 94ec 
6c07 6c07 7407 7407 7407 73e8 94cd 9d0f 7c4a 7c49 8449 8449 8449 8449 8449 8449 7c48 7c48 8469 8469 7c49 7c49 7c49 7c28 73e8 73e8 73e8 73e8 73e8 73e8 73e8 73e8 6be7 6be7 7407 7407 7408 7408 7c49 8469 8448 8448 8449 8449 8449 8449 8449 8449 7c48 7c48 7c48 7c68 7c69 7428 7408 7408 6be7 6be7 73e8 73e8 73e8 73e8 73e8 73e8 73e7 73e7 73e7 7408 7c49 7c49 8469 8469 7c48 7c49 8449 8449 8449 8449 8449 8469 7c48 7c48 7c68 7c28 73e7 7408 73e8 7408 6be7 6be7 73e8 73e8 7408 73e8 73e8 7408 73e7 7407 7c48 8469 7c49 8469 8469 8469 7c48 7c48 8449 8469 8449 8449 8449 8469 7c49 7428 6be8 7408 73e8 73e8 73e8 7408 6be7 6be8 73e8 73e8 73e8 7408 73e7 7408 7c48 7c48 7c69 8469 7c49 7c49 8469 8469 7c48 7c48 7c49 8449 8449 8449 8449 7c28 7407 6c07 7407 7407 7407 73e7 73e7 73e7 6be7 6be8 73e8 73e8 73e8 73e8 8449 8449 7c48 7c48 7c68 7c68 7c49 7c49 7c49 844a a570 8c8c 846a 8449 8449 7c29 7408 73e8 6be7 6be7 7408 7408 7408 7408 7408 7408 6be8 73e8 73e7 7408 7c49 8449 8469 8469 8448 8448 7c68 7c68 8449 8449 7c49 7c49 7c48 7c48 8469 7c28 73e8 73e8 7408 73e8 6c08 6c07 6c07 6c08 7408 7408 73e8 73e8 6be7 6be7 7c49 8469 8449 8449 8469 8469 7c49 7c49 7c49 7c49 8449 8449 7c49 7c49 7c48 7c28 7408 73e7 73e8 73e8 7408 7408 7407 7407 73e8 73e8 73e8 73e8 7407 7407 7c48 7c49 8449 8469 7c49 8449 8449 8469 7c48 7c48 8469 8469 7c49 8469 8469 7c28 73e7 73e7 73e8 73e8 73e8 73e8 7408 7408 73e7 73e7 73e8 73e8 6be7 7408 7c49 7c69 7c48 7c48 8469 8469 8449 7c49 8469 8469 7c48 7c68 7c49 7c69 8469 7c28 7408 7408 6be7 6be7 73e8 73e8 73e8 73e8 73e8 73e8 6be7 6be7 73e7 7407 7c48 7c69 7c69 7c68 7c48 7c48 8449 8449 8469 8469 8449 8469 
7408 7408 73e8 73e8 73e9 94cd 9d2f 7c2a 7c49 7c49 7c49 7c49 7c49 7c49 7c68 7c68 8449 8469 7c49 7c49 7c49 7c49 7c28 7408 73e8 73e8 73e8 73e8 73e8 73e8 73e8 73e8 6be8 6be8 73e8 7408 73e8 7c49 8449 8449 8449 8449 8449 8449 8449 8449 8449 8449 7c49 8469 7c69 7c49 7c49 7407 73e8 73e8 73e8 73e8 73e8 73e8 73e8 73e8 73e8 73e8 73e8 73e7 73e7 7c28 7c49 7c49 8469 8469 7c49 7c49 7c49 7c49 8449 7c49 7c49 8449 7c48 7c68 7c48 7408 7407 73e8 73e8 73e8 73e8 73e8 73e8 73e8 73e8 73e8 73e8 73e8 73e7 7c28 8448 8469 8449 8469 7c49 7c49 7c49 7c49 7c49 8469 7c49 7c49 7c49 7c49 7c49 7408 7408 7408 73e8 73e8 73e8 73e8 73e8 73e8 73e8 73e8 73e8 7408 7407 7428 7c49 7c49 8469 8469 7c49 7c49 8449 7c49 7c49 7c49 8469 7c49 7c49 7c49 7c49 7c28 7407 7407 7408 7408 73e8 73e8 73e8 73e8 6be8 6be8 73e8 73e8 73e8 73e8 8469 8449 7c49 8469 7c49 7c49 7c68 7c68 7c49 7c49 a570 8c8c 844a 8449 7c49 7c28 73e8 73e8 7407 7407 7408 7407 73e8 7408 73e8 73e8 73e8 73e8 73e7 7407 7c49 7c49 8469 7c49 8449 8449 7c49 7c49 8449 8449 7c49 7c49 7c48 7c68 8469 7c28 7408 73e8 73e8 73e8 73e8 73e8 73e8 73e8 73e8 73e8 73e8 73e8 73e8 73e8 7428 7c69 8469 8449 7c68 8469 8449 8449 8449 8449 8449 8449 7c49 7c49 7c49 7c48 7408 73e7 73e8 73e8 73e8 73e8 73e8 73e8 73e8 73e8 73e8 73e8 73e8 73e8 7408 7c49 7c48 8448 7c49 8449 7c49 8449 7c49 7c49 8449 8449 7c49 8469 7c49 7c49 7408 73e8 7408 73e8 73e8 73e8 7408 7408 73e8 73e8 73e8 73e8 7408 73e8 7408 7c49 7c49 8469 8469 8448 8449 8449 7c49 8449 7c49 7c49 7c49 8469 7c49 7c49 7c28 73e8 73e8 73e8 73e8 73e8 73e8 73e8 73e8 73e8 6be8 7408 73e8 73e8 7407 7c49 7c69 7c48 7c49 8449 7c49 8449 8448 8448 8469 8449 
73e8 73e8 73e8 73e9 94ef 9d0f 7c4a 8469 7c49 7c49 7c49 7c49 7c49 7c49 7c49 7c49 8449 7c49 7c49 7c49 7c49 7c28 7408 7408 73e8 73e8 73e8 73e8 73e8 73e8 73e8 73e8 6be8 7408 7408 7407 7c28 8469 8449 8449 8449 8449 7c49 7c49 8449 8449 8449 8449 8469 7c49 7c49 7c49 7408 73e8 73e8 73e8 73e8 73e8 73e8 73e8 73e8 73e8 73e8 73e8 7408 73e8 7408 7c49 7c49 7c49 7c49 8469 7c49 7c49 7c49 7c49 7c49 7c49 7c49 8449 7c49 7c49 7c28 73e7 73e8 73e8 73e8 73e8 73e8 73e8 73e8 73e8 73e8 73e8 7407 73e7 7407 7c48 8469 8449 7c49 8469 7c49 7c49 8469 7c49 7c49 7c49 7c49 7c49 7c49 7c49 7c49 73e8 73e8 73e8 73e8 73e8 73e8 73e8 73e8 73e8 73e8 73e8 73e8 7408 7407 7c28 7c49 7c49 7c49 7c49 7c49 7c49 7c49 7c49 7c49 7c49 7c49 7c49 7c49 7c49 8469 7408 73e8 73e8 73e8 73e8 73e8 73e8 73e8 73e8 73e8 73e8 73e8 73e8 73e7 7408 7c68 7c68 8448 8448 7c48 7c49 8469 7c49 7c4a 7c4a a550 8cad 7c4a 7c49 8469 7c49 73e8 73e8 7408 6be8 73e8 7408 7407 7407 7407 73e7 73e7 73e8 73e8 73e8 7c28 8449 8469 7c49 8449 8449 7c49 7c49 8449 8449 7c49 7c49 7c49 8469 7c49 7c49 7408 73e8 73e8 73e8 73e8 73e8 73e8 73e8 73e8 73e8 73e8 73e8 73e8 73e8 7408 7c49 7c49 8449 7c68 7c68 7c68 7c49 7c49 7c49 8449 8449 7c49 7c49 7c49 7c49 7c28 73e7 73e8 73e8 73e8 73e8 73e8 73e8 73e8 73e8 73e8 73e8 73e8 73e8 7408 7c49 8449 8449 8449 8449 7c49 7c49 7c49 7c49 7c49 7c49 7c49 7c49 7c49 7c49 7c49 7408 73e8 73e8 73e8 73e8 73e8 73e8 73e8 73e8 73e8 73e8 7408 73e8 7407 7428 7c49 8469 7c48 8448 8449 8449 7c49 7c49 8449 8449 7c49 8469 7c49 7c49 7c49 7408 7408 73e8 73e8 7408 73e8 73e8 73e8 73e8 7408 73e8 73e8 73e8 7407 7408 7c48 7c69 7c49 7c49 8469 8469 8448 8448 8448 8448 
73e8 7409 73ea 94ee 950e 7c4a 8469 7c49 7c49 7c49 7c49 7c49 7c49 7c49 8449 8449 7c49 7c49 7c49 7c49 7428 7407 73e8 73e8 73e8 73e8 73e8 73e8 73e8 73e8 73e8 73e8 7408 7408 73e7 7c28 7c49 7c49 7c49 8469 8449 8449 7c49 7c49 7c49 7c49 8449 8449 8469 8469 7c49 7408 73e8 7408 73e8 73e8 73e8 73e8 73e8 7408 73e8 73e8 73e8 73e8 73e8 7408 7c49 8469 7c49 7c49 7c49 7c49 7c49 7c49 7c49 7c49 7c49 7c49 7c68 7c49 7c49 7c49 7408 73e7 73e8 73e8 73e8 7408 73e8 73e8 73e8 73e8 73e8 73e8 7408 7407 7c28 7c49 8469 7c49 7c49 7c49 7c49 7c49 7c49 7c49 7c49 7c49 8469 7c49 7c49 7c49 7428 73e8 73e8 73e8 73e8 73e8 7408 73e8 73e8 73e8 73e8 73e8 73e8 7408 7407 7c49 7c49 7c49 7c49 7c49 7c49 8469 7c49 7c49 8469 8469 8449 8449 7c49 7c49 7c49 73e8 73e8 73e8 73e8 73e8 73e8 73e8 73e8 7407 7407 7407 7407 7407 73e7 7408 8449 846a 8469 8469 8469 7c49 7c49 8469 7c49 844a a570 94ce 7c49 8449 7c49 7c28 7407 7407 7407 7407 7407 7407 7407 7407 7407 73e8 73e8 73e8 73e8 7408 7408 8449 8469 7c49 8449 8449 7c49 7c49 8449 8449 7c49 7c49 7c49 7c49 7c49 8469 7408 73e8 73e8 73e8 73e8 73e8 73e8 73e8 73e8 73e8 73e8 73e8 73e8 73e8 7408 7c49 7c49 7c49 8469 8469 7c49 7c49 7c49 7c49 8449 8449 7c49 7c49 7c49 7c49 7c49 73e7 73e8 73e8 73e8 73e8 7407 7407 73e8 73e8 73e8 73e8 73e8 73e8 7408 7c28 8449 7c49 7c49 7c49 7c49 7c49 7c49 7c49 7c49 7c49 7c49 7c49 7c49 7c49 8469 7c28 73e7 7408 73e8 73e8 73e8 7408 73e8 73e8 73e8 73e8 73e8 73e8 73e8 73e8 7c28 7c49 8449 8449 7c49 7c49 7c49 7c49 8469 7c49 7c49 7c49 7c49 7c49 7c49 7c48 7408 7407 73e8 73e8 73e8 73e8 7408 73e8 73e8 7408 73e8 73e8 7408 7408 7407 7c69 7c49 7c49 8469 8449 7c49 7c49 7c49 8469 
73e9 73e9 9d0e 94ee 7c49 8469 8449 7c49 7c49 7c49 7c49 7c49 7c68 7c68 7c49 7c49 7c49 7c49 7c49 7c28 7408 73e8 7408 7408 73e8 73e8 73e8 73e8 73e8 73e8 73e8 73e8 7408 73e8 7c28 7c49 8449 8449 8449 8469 7c49 7c49 7c49 7c49 7c68 7c68 8448 8449 7c49 8469 7428 7408 73e8 73e8 73e8 73e8 73e8 73e8 73e8 73e8 7408 73e8 73e8 73e8 73e7 7c28 7c49 7c49 7c49 7c49 7c49 7c49 7c49 7c49 7c49 7c49 7c49 7c49 7c49 7c49 8469 7c28 7408 7408 73e8 73e8 73e8 73e8 7408 73e8 73e8 73e8 73e8 73e8 73e8 73e8 7c48 8469 8469 7c49 7c49 7c49 7c49 7c49 7c49 7c49 7c49 7c49 8469 7c49 7c49 7c49 7408 73e8 73e8 7408 73e8 73e8 73e8 73e8 73e8 73e8 73e8 73e8 73e8 73e8 7408 7c49 7c49 7c49 8449 7c49 8449 8449 7c49 7c49 7c49 7c49 7c49 7c49 7c49 7c49 7c49 73e8 7408 7408 73e8 73e8 73e8 73e8 73e8 73e8 7408 73e8 73e7 7408 73e7 7407 8469 8469 8469 7c49 7c49 7c49 7c48 7c49 8469 844a a550 9d0e 844a 8469 8469 7c28 73e7 73e8 7407 7407 7408 73e8 73e8 7408 73e8 73e8 7408 73e8 6be8 7408 7c28 7c49 8469 7c49 8449 8449 7c49 7c49 8449 8449 7c49 7c49 7c49 7c49 7c49 8469 7c28 73e7 73e8 73e8 73e8 73e8 73e8 73e8 73e8 73e8 73e8 73e8 73e8 73e8 7408 7c48 7c69 7c49 7c68 7c68 7c49 8449 7c49 7c49 8449 8449 7c49 7c49 8469 8469 7c49 7408 7407 73e7 73e8 73e8 73e8 73e8 73e8 73e8 73e8 73e8 73e8 73e8 7408 73e7 7c28 7c49 7c48 7c68 7c68 7c68 8449 7c49 7c49 8449 7c49 7c49 7c49 7c49 8469 7c49 7428 73e7 73e8 73e8 6be8 7408 73e8 73e8 73e8 73e8 73e8 73e8 73e8 73e8 7408 7c49 8469 7c49 7c68 7c68 7c68 7c68 7c49 7c49 7c49 7c49 7c49 8469 7c49 7c49 7c48 7407 7408 7407 73e8 73e8 73e8 73e8 73e8 73e8 73e8 73e8 73e8 7408 6be7 7428 7c49 8469 8449 7c49 7c49 7c49 8449 8449 
73ea 9d0f 94ed 7c49 8449 8469 8449 8449 7c49 7c49 7c49 7c49 7c49 7c49 7c49 7c49 7c69 7c49 7c48 7408 73e8 73e8 73e8 73e8 73e8 73e8 73e8 73e8 73e8 73e8 73e8 73e8 73e8 7408 8449 8449 8449 8449 8469 8448 7c49 7c49 7c49 7c49 7c68 7c68 7c68 7c49 7c49 7c29 7408 7408 73e8 73e8 73e8 73e8 73e8 73e8 73e8 73e8 7408 6be7 7408 73e8 7408 8449 7c49 7c49 8469 7c49 7c49 7c49 7c49 7c49 7c49 7c49 7c49 7c49 7c49 7c49 7c49 7408 7408 73e8 73e8 73e8 73e8 73e8 73e8 73e8 73e8 73e8 73e8 73e8 73e8 7408 7c49 7c49 7c49 7c49 7c49 7c49 7c49 7c49 7c49 7c49 7c49 7c49 8449 7c49 8469 7c29 7407 73e8 73e8 7408 73e8 73e8 73e8 73e8 73e8 73e8 73e8 73e8 73e8 73e8 7408 7c49 7c49 7c49 7c49 7c49 7c49 7c49 7c49 7c49 7c49 7c49 7c49 7c49 8469 7c49 7c49 73e7 73e8 7408 73e8 73e8 73e8 73e8 73e8 73e8 7408 7408 7408 6be8 73e8 7408 7c29 846a 848b 94cd 94ee 9d0e 9d2f 9d2f 9d2f 9cf0 ad73 a552 9d0f 9d0f 9d0f 9d0f 94ce 8cad 846c 740a 7409 73e9 73e8 7408 73e8 73e8 6be7 7407 73e8 7408 7408 7c49 7c49 8469 8448 8448 7c49 7c49 8449 8449 7c49 7c49 7c49 7c49 7c49 7c49 7c49 73e8 73e8 73e8 73e8 73e8 73e8 73e8 73e8 73e8 73e8 73e8 73e8 7408 7407 7428 7c49 8469 7c48 7c68 8449 8449 7c49 7c49 8449 8449 7c49 7c49 8469 8469 8469 7c28 7408 7407 73e8 73e8 73e8 73e8 73e8 73e8 73e8 73e8 73e8 73e8 7408 73e8 7408 7c49 7c49 7c49 7c68 7c68 7c49 7c49 7c49 7c49 8469 7c49 7c49 7c49 8469 7c49 7c48 7407 7407 73e8 73e8 73e8 73e8 73e8 73e8 73e8 73e8 73e8 73e8 7408 73e8 7408 7c49 8469 7c49 7c49 8469 8469 7c49 7c49 7c49 7c49 8449 8449 8449 7c49 7c69 7c48 7408 7408 73e8 73e7 73e8 73e8 7408 6be7 73e8 73e8 73e8 73e8 73e7 7408 7c28 7c48 8469 8449 7c49 7c49 7c49 7c49 
9d2f 94cd 846a 7c49 8448 8469 7c49 8449 7c49 7c49 7c49 7c49 7c49 7c49 7c49 7c49 7c69 7c49 7408 7408 7408 6be8 7408 6be8 73e8 73e8 73e8 73e8 73e8 73e8 73e8 73e8 7408 7c49 8469 8449 8448 8448 8448 8469 7c49 7c49 7c49 7c49 7c49 7c49 7c49 7c49 7c49 7408 7408 7408 7408 73e8 73e8 73e8 73e8 73e8 73e8 7408 73e8 73e8 73e8 73e8 7c49 8469 7c49 7c49 7c49 7c49 7c49 7c49 7c49 7c49 7c49 7c49 7c49 7c49 7c49 7c49 7408 73e7 7408 73e8 73e8 73e8 73e8 73e8 73e8 73e8 7408 73e8 73e8 73e8 7408 7c29 8469 7c49 7c49 7c49 7c49 7c49 8469 7c49 7c49 7c49 8449 7c49 8448 7c48 8449 7c08 7407 73e8 73e8 73e8 73e8 7408 73e8 73e8 73e8 73e8 73e8 73e8 7408 7408 7428 7c49 7c49 7c49 7c49 7c49 7c49 7c49 7c49 7c49 8449 8449 7c49 8449 8469 7c49 7c28 73e8 73e8 73e8 73e8 73e8 73e8 73e8 73e8 7407 7407 7408 73e8 73e9 7c4b 94ce a56f 9d2f 94ed 8ccc 8cab 846a 8449 7c49 7c29 7c4a a550 9d0f 7c2a 7c49 7c49 844a 7c29 7c4a 846c 8cee 950e 9d2e 8cac 7c29 7408 6be8 7408 73e8 73e7 7407 7408 7c49 8449 8449 8449 8449 7c49 7c49 8449 8449 7c68 7c68 7c49 7c49 7c49 7c49 7c49 7408 73e8 73e8 7408 7408 7408 7408 73e8 73e8 73e8 73e8 73e8 7408 73e8 7408 7c48 8469 8448 8469 7c49 7c49 7c49 7c49 8449 8449 7c49 7c49 8469 7c68 7c49 7c49 7428 7408 73e8 73e8 73e8 73e8 73e8 73e8 73e8 73e8 73e8 73e8 73e8 7408 7408 7c28 8469 7c49 7c49 7c49 7c49 7c49 7c49 7c49 7c49 8469 7c49 7c49 7c68 7c68 7c49 7408 7407 73e8 73e8 73e8 73e8 73e8 73e8 73e8 73e8 73e8 73e8 7408 7408 73e8 7c28 7c49 7c49 7c49 8469 8469 8448 7c48 8469 7c68 8469 7c48 7c48 7c68 7c49 8469 7428 7407 73e8 73e8 73e8 73e8 73e8 73e8 73e8 73e8 73e8 7408 73e8 73e8 73e7 7408 7c49 8449 7c49 7c49 7c49 7c49 
94ce 7c2b 7c4a 8449 8449 8449 8449 8449 7c49 7c49 7c69 7c69 7c69 7c69 7c69 7c49 7c49 7408 73e8 73e8 6be8 6be8 7408 7408 73e8 73e8 73e8 73e8 7408 7408 6c07 7408 7c49 846a 7c49 7c49 8449 8449 8449 7c49 7c49 7c49 7c49 7c49 7c49 7c49 7c49 7c49 7c08 73e8 73e8 73e8 73e8 73e8 73e8 73e8 73e8 73e8 73e8 73e8 7408 7408 6be8 7428 8469 8469 8469 7c49 7c49 8449 7c48 7c49 8469 7c49 7c49 7c49 7c49 7c49 7c48 7c48 7408 7408 7408 73e8 73e8 7408 73e8 73e8 73e8 7408 7408 73e8 73e8 73e8 7408 7c49 8469 8449 8449 8449 7c49 8449 7c68 7c48 8469 8469 8469 7c49 7c68 7c48 7c68 7407 7408 7408 73e8 73e7 73e8 73e8 6be8 73e8 7408 73e8 73e8 73e8 7408 7408 7428 7c49 8469 8449 8449 8449 7c49 7c49 7c49 7c49 8449 8449 7c49 7c49 7c69 7c69 7c28 73e8 73e8 73e8 73e8 73e8 73e8 73e8 7408 73e8 7409 7c2a 94cd 9d2f 94ee 848c 846a 7c49 846a 8449 7c49 8469 8469 7c49 7c49 7c4a a550 9d2f 844a 8469 8469 7c49 7408 73e8 7408 73e8 73c8 73e9 846c 94ee 950f 8ccd 7c4a 7408 6be8 73e8 7408 7c49 7c68 7c49 8449 8449 7c49 7c49 8449 8449 7c68 7c49 7c49 8469 7c49 7c49 7c69 7408 73e7 73e8 73e8 73e8 73e8 73e8 73e8 73e8 73e8 73e8 7408 7408 7408 7407 7428 7c68 7c68 7c68 7c68 8449 7c49 7c49 8449 8449 7c49 7c49 8469 7c68 7c49 8469 7c48 7407 73e8 73e8 73e8 73e8 73e8 73e8 73e8 73e8 73e8 73e8 73e8 7408 73e7 7408 7c68 7c68 7c48 7c68 7c49 7c49 7c49 7c49 7c49 8469 8469 7c49 8469 8469 7c69 7c49 7407 73e8 7408 6be7 73e8 7408 73e8 73e8 73e8 73e8 73e8 73e8 7408 7408 7408 7c28 7c49 7c49 7c49 7c49 8449 8449 8449 8449 8449 8449 7c49 7c49 7c69 7c69 7c49 7408 73e8 73e8 6be8 6be8 73e8 73e8 73e8 73e8 73e8 6be8 73e8 73e8 7408 7408 7c28 7c49 7c49 7c49 7c49 7c49 
84ab 84ab 84ab 8cac 8cac 8cac 8cac 8cac 8c8b 8c8b 8c8c 8c8c 8cac 8cac 8cac 8cac 7c4b 7c4b 7c6b 7c6b 7c4b 846b 846b 846b 7c4b 7c4b 7c4b 844b 844b 844b 844b 8c8b 848b 84ab 8cab 8cab 8cab 8cac 8cac 8cac 8c8c 8c8c 8c8c 8c8c 844a 7c49 846a 7c29 73e8 7408 73e8 73e8 73e8 73e8 73e8 73e8 6be7 6be7 73e8 73e8 73e8 7408 7c08 8449 7c68 7c68 7c68 7c68 8449 8449 7c49 7c49 7c48 7c48 7c68 7c49 7c49 7c49 8469 7c28 7408 7408 73e8 73e8 73e8 73e8 73e8 73e8 73e8 73e8 73e8 73e8 73e8 73e8 7c28 8469 8449 8449 7c49 7c49 7c49 7c49 7c49 7c49 7c49 7c49 8469 8449 7c49 7c49 7c49 73e8 73e8 73e8 73e8 73e8 73e8 73e8 73e8 73e8 6be8 73e8 73e8 73e8 73e7 7408 8449 8469 8448 8468 7c68 7c68 7c68 7c49 7c49 7c49 7c48 7c48 8449 8449 8469 8449 7408 73e8 6be7 6c07 7407 7407 7407 6be8 740a 8c8d 950f 94ee 846b 73e9 73e8 7c29 8449 8469 7c68 7c68 7c49 7c49 7c49 7c49 7c49 7c4a a52f 9d0f 7c49 8448 8469 7c49 73e8 7408 6be7 6c07 7407 6be8 7408 73e8 73e8 846b 94ee 94ee 846b 73e9 73e8 7c29 846a 8469 7c48 7c48 8469 8469 8469 7c68 8469 8469 7c49 7c49 7c68 7c49 8449 7c08 73e8 73e8 73e8 73e8 73e8 73e8 73e8 73e8 73e8 73e8 6be7 6be7 73e8 7408 7408 7c49 8469 7c49 7c68 7c68 7c68 7c68 7c49 7c49 7c49 7c49 7c48 7c48 7c49 7c49 7c49 7408 73e8 73e8 6be7 6be7 73e8 7408 73e8 73e8 7408 7408 73e8 6be8 73e8 73e8 7c28 7c49 8469 8469 7c48 7c48 7c68 8469 7c49 7c49 8469 8469 7c48 7c48 7c49 7c49 7c29 73e8 73e8 73e8 6be7 6be7 7407 7407 73e8 73e8 7408 73e8 6be8 6be8 73e9 73e9 8c8c 8c8c 8c8c 8cac 848b 848b 8cab 8cab 8cab 8cab 8cab 8cac 8c8b 8c8b 8cac 8c8c 846b 844b 844b 844c 7c4b 7c6a 7c6b 7c6b 7c6b 7c6b 846b 846b 7c4b 844b 844b 8c8c 8c8c 8cac 8c8c 8c8c 
94ec 94ec 94ec 94ec 94ec 94ec 94ec 94ec 94cc 94cc 94cc 94ec 94ec 94cc 8ccc 8cac 848c 848c 848c 848c 848c 848c 848c 848c 848c 848c 848c 848c 8cac 848c 8ccc 94cd 94cc 94cd 94cd 94cd 94cc 94ed 94cd 94cc 94cd 94cd a570 a56f 846a 7c49 7c49 73e7 73e8 73e8 73e8 73e8 73e8 73e8 73e8 73e8 7408 73e8 73e8 73e8 7408 73e8 7c28 7c49 8449 8449 8449 8449 8449 8449 7c49 7c49 7c68 7c68 7c68 7c68 7c49 7c69 7428 7408 7408 7408 73e8 73e8 73e8 73e8 73e8 73e8 73e8 73e8 7408 73e8 73e7 7408 7c48 7c49 8449 8449 7c49 7c49 7c49 7c49 7c49 7c49 8449 8449 8469 8449 7c49 7c49 7428 73e8 73e8 73e8 73e8 73e8 73e8 73e8 73e8 73e8 73e8 73e8 73e8 73e8 73e7 7408 7c49 7c49 8448 8448 7c49 7c49 7c49 7c49 7c49 7c49 8449 7c49 8449 8449 7c49 8469 7408 73e8 7408 73e8 7407 73e8 73e9 848c 9d2e 94cd 7429 73e9 6be8 73e8 7407 7c28 8469 8469 8449 8449 8449 8449 7c49 7c49 7c49 7c4a a54f 9d0f 7c49 8469 7c69 7c49 7407 7408 6be8 73e8 73e8 73e8 7408 73e8 73e8 73e8 73e8 7c2a 94ee 9d2f 848b 7c29 8469 8469 8448 7c48 8449 7c49 7c49 8469 7c49 7c49 7c49 7c49 7c68 8469 7c49 7c49 73e7 7408 73e8 73e8 73e8 73e8 73e8 73e8 73e8 73e8 73e8 73e8 73e8 73e8 73e8 7c49 7c49 7c49 7c49 7c49 7c49 7c49 7c49 7c49 7c49 7c49 7c68 7c68 7c49 7c49 7c49 7c29 7408 73e8 7408 73e8 73e8 73e8 73e8 73e8 73e8 73e8 73e8 73e8 73e8 73e8 7408 7c49 7c49 7c49 7c49 7c49 7c49 7c49 7c49 7c49 7c49 7c49 7c68 7c68 7c49 7c49 7c49 7c28 73e8 73e8 73e8 73e8 73e8 7408 73e8 73e8 73e8 73e8 6be8 6be8 73e8 73e8 8cad ad91 94cd 94cd 94cc 94ec 94cc 94cc 94ec 94cc 94cc 94cc 94ec 94ec 94cc 94cc 94cc 8cac 8c8c 8cac 848c 84ac 848c 848c 848c 848c 848c 848c 8c8c 8cac 8c8b 8cab 8cab 94ec 94cc 94cc 
7c49 7c49 7c49 7c49 7c49 7c49 7c49 7c49 8449 8449 8449 8449 7c49 7c49 7408 6be8 73e8 73e8 73e8 73e8 73e8 73e8 73e8 73e8 73e8 73e8 73e8 73e8 73e8 7428 8469 7c49 8449 8449 8449 7c49 8469 7c48 8449 7c49 7c4a 8c8c ad91 846c 844a 7c49 7408 7408 7407 73e8 73e8 73e8 73e8 73e8 73e8 73e8 73e8 73e8 73e8 73e8 73e8 7c28 8469 8449 8449 8449 7c49 7c49 7c49 7c49 7c49 7c49 7c49 7c49 7c49 8449 7c69 7c49 7408 7408 7408 7408 73e8 73e8 73e8 73e8 73e8 73e8 7408 73e8 73e8 73e8 73e7 7408 7c49 7c49 8449 8449 7c49 7c49 7c49 7c49 7c49 7c49 8449 8449 8449 7c49 7c49 7c49 7408 7408 73e8 73e8 73e8 73e8 73e8 73e8 73e8 73e8 73e8 73e8 73e8 73e8 73e7 7c28 8449 7c49 8449 8449 7c49 7c49 7c49 7c49 7c49 7c49 8449 8449 7c49 8449 8469 7c48 7407 73e7 7408 7408 6be8 7c2a 9d2f 950f 7c2a 73e8 73e8 73e8 7407 7407 7407 7c28 7c69 8469 7c49 8449 7c49 7c49 7c49 7c49 7c49 7c4a 9d2f 9d0f 7c49 7c49 7c69 7c49 7407 7408 73e8 73e8 73e8 73e8 73e8 7408 73e8 7408 7407 7408 73e8 7c2a 94ee a550 846b 7c49 8448 8448 7c49 7c49 7c49 7c49 7c49 7c49 7c49 7c49 8449 8469 7c49 8469 7407 7408 73e8 73e8 73e8 73e8 73e8 73e8 73e8 73e8 7408 73e8 73e8 73e8 73e8 7c28 7c49 8469 7c49 7c49 7c49 7c49 7c49 7c49 7c49 7c49 7c68 7c68 7c49 7c49 7c49 7c49 7408 73e8 73e8 73e8 73e8 73e8 73e8 73e8 73e8 73e8 73e8 73e8 73e8 73e8 7407 7c28 8469 7c49 7c49 7c49 7c49 7c49 7c49 7c49 7c49 7c49 8469 7c68 7c49 7c49 7c49 7c49 7408 73e8 7408 73e8 73e8 73e8 73e8 73e8 73e8 73e8 7408 7408 7407 73e8 73e9 9d2f 9cee 844b 7c4a 844a 8449 7c49 7c49 7c49 7c4a 7c49 7c49 7c49 7c49 7c49 7c49 7c49 7408 73e8 73e8 73e8 73e7 7407 73e8 73e8 73e8 73e8 73e8 73e8 73e8 73e8 73e8 7c29 8449 8449 
8469 8469 8469 8469 8469 8469 8469 8469 8469 8469 8469 8469 7c49 7408 7407 73e8 6be8 6be8 73e8 73e8 73e8 73e8 73e8 73e8 73e8 73e8 73e8 73e8 7408 7c49 7c49 8449 8469 8449 8449 7c49 7c49 7c49 8449 844a 846b ad90 8ccd 844b 7c49 7c28 73e7 73e7 73e8 73e8 73e8 73e8 73e8 73e8 73e8 73e8 73e8 7408 73e8 73e8 7408 7c49 7c49 7c49 8449 8449 7c49 7c49 7c49 7c49 7c49 7c49 7c49 7c49 7c49 7c49 7c69 7c48 7407 7408 7408 7408 73e8 73e8 73e8 73e8 73e8 73e8 73e8 73e8 73e8 73e8 73e7 7c49 8469 7c49 8449 8449 7c49 7c49 7c49 7c49 7c49 7c49 8449 8449 7c49 7c49 8469 7c28 73e8 7408 73e8 73e8 73e8 73e8 73e8 73e8 73e8 73e8 73e8 73e8 73e8 73e8 7408 7c29 8449 8449 8449 8449 7c49 7c49 7c49 7c49 7c49 7c49 8449 8449 8449 8449 7c49 7c49 7407 7407 73e8 73e8 846c a570 848c 73e9 73e9 73e8 7408 7408 7407 7407 73e7 7c28 8469 8469 7c49 7c49 7c49 7c49 7c49 7c49 7c49 7c4a 9d2f 9d0f 844a 7c49 7c48 8469 7407 7408 73e8 73e8 7407 7407 7408 7408 6be7 73e8 7408 7408 7408 7408 73c8 846b a570 8ccd 844a 7c49 7c49 8469 7c49 8469 8469 7c49 7c49 7c49 8449 8449 8469 8469 7408 73e8 73e8 73e8 73e8 73e8 73e8 73e8 73e8 73e8 73e8 73e8 73e8 73e8 73e8 7408 7c49 8469 7c49 7c49 7c49 7c49 7c49 7c49 7c49 7c49 7c49 7c49 7c49 7c49 7c49 7c49 7c28 73e8 73e8 73e8 73e8 73e8 7408 73e8 73e8 73e8 73e8 73e8 73e8 73e8 73e8 7408 7c49 8469 7c49 7c49 7c49 7c49 7c49 8469 7c49 7c49 7c49 7c49 7c49 7c49 7c49 8469 7c28 73e8 7408 6be8 73e8 73e8 73e8 73e8 73e8 73e8 73e8 73e8 7407 73e8 73e9 7c0a ad70 8cad 846a 846a 8469 7c49 8469 8469 8469 8469 8469 8469 8469 8469 8469 8449 7c28 73e7 7407 73e8 73e8 73e8 7408 73e8 7408 7408 7408 7408 73e8 7408 73e7 73e7 7c28 7c49 
8449 8449 8449 8449 7c49 7c49 7c49 7c49 8469 7c49 8469 7c49 7428 7407 7408 7408 73e8 73e8 73e8 73e8 73e8 73e8 73e8 73e8 73e8 73e8 73e8 7408 7c49 8469 7c49 7c49 8469 7c49 7c49 8469 7c68 8469 7c49 844a 9d4f 9d0e 844a 8469 7c28 6be7 7408 73e8 7408 7408 73e8 73e8 73e8 73e8 73e8 73e8 73e8 73e8 7407 7408 7c28 8469 8449 7c49 8449 8449 7c49 7c49 8449 8449 7c49 7c49 7c49 7c49 7c49 7c49 7c49 7408 73e8 73e8 7408 7408 73e8 73e8 73e8 73e8 73e8 73e8 73e8 7408 73e8 73e8 7408 7c49 8469 7c49 8449 8449 7c49 7c49 7c49 7c49 7c49 7c49 8449 8449 7c49 8449 7c49 7c28 73e8 73e8 73e8 73e8 73e8 73e8 73e8 73e8 73e8 73e8 7408 73e8 73e8 73e8 7408 7c49 8469 7c49 8449 8449 7c49 7c49 7c49 7c49 7c49 7c49 8449 8449 8469 8469 7c49 7c49 6be7 73e8 73e9 848c a571 7c4b 73e8 7408 73e8 73e8 7408 6be8 7408 7408 73e7 7c28 7c49 8469 7c49 7c49 7c68 7c68 7c49 7c49 7c49 7c4a 9d2f a54f 844a 7c49 7c49 7c49 7408 73e8 73e8 73e8 73e8 73e8 73e8 73e8 73e8 6be8 73e8 73e8 73e8 7407 7407 7408 846c a570 94ee 844a 7c49 7c68 8449 7c49 8469 7c68 7c49 7c49 7c48 7c68 8469 8469 7c28 73e8 73e8 73e8 73e8 73e8 73e8 73e8 73e8 73e8 73e8 73e8 73e8 73e8 73e8 73e8 7c48 7c49 7c49 7c49 7c49 7c49 7c49 7c49 7c49 7c49 7c49 7c49 7c49 7c49 8469 8469 7c49 7408 73e8 7408 73e8 73e8 73e8 73e8 73e8 73e8 73e8 73e8 73e8 73e8 73e7 73e7 7c28 7c49 8469 7c49 7c49 7c49 7c49 7c49 7c49 7c49 8469 7c49 8469 8469 7c49 7c49 7c49 7408 73e8 7408 73e8 73e8 73e8 73e8 73e8 73e8 73e8 73e8 73e8 73e8 73e8 73e8 846b adb0 846b 7c49 8449 8469 7c48 7c48 7c49 7c49 7c49 7c49 7c48 7c49 8469 7c49 7c49 7c28 7408 73e8 73e8 73e8 73e8 73e8 73e8 73e8 73e8 7408 73e8 73e8 73e8 73e8 7407 7c48 
8449 8449 7c49 7c49 7c49 7c49 8469 8469 7c49 8469 7c49 7408 73e8 73e8 7408 6be7 7407 7407 7407 7407 7407 7407 7407 7407 7407 7407 7407 7c48 7c48 8468 8469 8448 7c68 7c68 7c68 7c48 7c68 8469 7c49 94ed a570 844b 7c69 7c48 7407 73e8 73e8 73e8 7408 7408 73e8 73e8 73e8 73e8 73e8 73e8 73e8 73e8 7407 7408 7c49 8469 8449 8449 7c68 7c68 7c49 7c49 8449 8449 7c49 7c49 8469 7c49 7c49 8469 7428 73e7 7408 73e8 7408 7408 73e8 73e8 73e8 73e8 73e8 73e8 73e8 7408 73e8 7408 7c49 8469 7c49 8469 8449 8449 7c49 7c49 7c49 7c49 7c49 7c49 7c49 7c49 7c49 8449 7c49 7408 73e8 73e8 73e8 73e8 73e8 73e8 73e8 73e8 73e8 73e8 7408 73e8 73e8 73e8 7408 8469 8449 8469 8449 8449 7c49 7c49 7c49 7c49 7c49 7c49 8449 8449 8448 8449 8469 7c29 73e8 73e9 846c a591 7c4b 73e9 73e8 7408 73e8 73e8 7408 73e8 7408 73e8 7407 7c49 7c68 7c68 7c68 7c68 7c68 7c49 7c49 7c49 7c49 7c4a 9d0e a550 844a 8449 7c49 7c49 7408 73e8 7407 7408 73e8 7408 73e8 73e8 73e8 73e8 73e8 7408 73e8 73e8 73e8 73e8 7c4a 846b a570 950e 7c49 8469 7c49 7c49 7c68 7c68 8469 7c49 7c68 8469 7c49 8469 7c29 73e8 73e8 73e8 73e8 73e8 73e8 73e8 73e8 73e8 73e8 73e8 73e8 73e8 73e8 73e8 7c28 7c49 7c49 7c49 7c49 7c49 7c49 7c49 7c49 7c49 7c49 7c49 7c49 7c49 7c49 7c49 7c49 7c28 73e8 73e8 73e8 73e8 73e8 73e8 73e8 7408 73e8 73e8 73e8 73e8 73e8 73e8 73e8 7c49 8469 7c49 7c49 7c49 7c49 7c49 7c49 7c49 7c49 7c49 8469 7c49 7c49 7c49 7c49 7c49 7408 7408 73e8 73e8 73e8 73e8 7408 73e8 7408 73e8 73e8 73e8 7408 73e8 6be8 94ed a56f 7c4a 8469 8469 7c48 7c48 7c68 7c49 7c49 7c49 7c49 8469 7c49 7c49 8449 7c49 7c28 7407 73e7 7407 7407 7407 73e7 73e8 7408 7408 7408 7408 73e8 73e8 73e8 7408 
7c49 7c49 7c49 7c49 7c49 7c49 7c49 7c49 7c49 8469 7c28 73e8 7408 73e8 73e8 7408 7408 73e8 73e8 73e8 73e8 73e8 7408 7408 73e8 7408 7c29 7c49 8469 7c49 8449 8449 7c6a 7c49 7c49 8449 7c49 7c4a 8cad ad90 848b 844a 7c49 7408 7407 73e7 73e8 73e8 7408 7408 73e8 73e8 73e8 73e8 73e8 73e8 73e8 6be7 7407 7c48 8469 8469 8449 8469 7c68 7c68 7c49 7c49 7c49 7c49 7c49 7c49 8469 7c49 8449 7c29 7408 7407 7408 73e8 7408 7408 73e8 73e8 73e8 73e8 73e8 73e8 6be7 7408 7407 7428 7c49 8469 8469 8469 8449 8449 7c49 7c49 7c49 7c49 7c49 7c49 7c49 7c49 7c49 8449 7c28 7408 73e8 73e8 73e8 73e8 73e8 73e8 73e8 73e8 73e8 73e8 73e8 73e8 73e8 73e8 7c28 8469 8449 8469 8448 8448 7c49 7c49 7c49 7c49 7c49 7c49 8449 7c49 7c49 8449 8469 7c08 73e8 740a ad91 846c 7409 73e8 7408 7407 73e8 7408 7407 6be7 73e8 73e8 73e7 7c28 7c49 7c49 7c49 7c49 7c68 7c68 7c49 7c49 7c49 7c4a 94ee a570 844a 8449 7c49 7c49 7408 73e7 73e8 73e8 6be7 73e8 7408 73e8 7408 7408 73e8 73e8 73e8 73e8 73e8 7408 7c28 8449 846b ad90 8ccc 7c4a 7c49 7c49 7c49 7c49 8469 7c49 7c49 8469 8449 8449 7c49 7408 73e8 73e8 73e8 73e8 73e8 73e8 73e8 73e8 73e8 73e8 73e8 73e8 73e8 73e8 7408 7c49 7c49 7c49 7c49 7c49 7c49 7c49 7c49 7c49 7c49 7c49 8469 7c49 7c49 7c49 7c49 7c49 6be8 7408 73e8 73e8 73e8 73e8 73e8 73e8 73e8 73e8 73e8 73e8 73e8 7408 73e8 7c08 7c48 7c49 7c49 7c49 7c49 7c49 7c49 7c49 7c49 7c49 7c49 7c49 7c68 7c68 7c49 7c49 7c28 73e8 7408 73e8 73e8 7408 7408 7408 7407 73e8 7408 6be8 73e8 73e8 7409 7409 9d2f 950e 7c4a 7c49 8469 8468 8469 8469 8449 8449 8469 8449 8469 7c49 8469 7c49 7c69 7428 73e8 7408 73e8 73e8 73e8 73e8 73e8 73e8 73e8 73e8 7408 73e8 73e8 73e8 
8469 8469 8469 8469 7c49 7c49 7c49 7c49 8469 7c28 7408 73e7 73e8 73e8 7408 7408 7408 7408 7408 7408 7407 7407 73e7 73e7 7408 7c48 7c68 7c69 7c68 7c68 7c68 8469 8449 8449 8449 8449 8449 846b ad90 8cac 846a 8469 7429 73e8 73e8 7407 7407 6be7 73e8 73e8 73e8 73e8 73e8 73e8 73e8 73e8 7408 7408 7428 7c69 8468 7c48 7c68 7c48 8449 8449 8449 8449 8449 8449 7c49 7c49 8469 8469 7c49 7c28 7407 7407 6be7 6be8 7408 7408 73e8 73e8 73e8 73e8 73e8 73e8 73e8 7408 7407 7c48 7c49 7c49 8469 7c68 8449 8449 7c49 7c49 7c49 7c49 7c49 7c49 8449 8449 8449 7c49 7c28 73e7 73e8 73e8 73e8 73e8 73e8 73e8 73e8 73e8 73e8 73e8 73e8 7408 73e8 73e8 7c28 7c49 8469 8449 8449 8449 7c49 7c49 7c49 7c49 7c49 7c49 8469 8469 7c48 7c49 7c49 7c29 73e8 9d2e 9d0f 73e9 73e8 7408 73e8 7408 73e8 7408 7407 7407 7407 7407 73e7 7c48 7c69 7c69 7c49 8449 8449 8449 7c49 7c49 7c49 7c4a 94cd ad91 846a 8469 7c69 7c69 7428 73e7 7408 73e8 73e8 73e8 73e8 73e8 73e8 73e8 7407 7408 73e8 73e8 7408 73e7 7c48 7c49 846a 8cac ad91 844c 7c49 7c49 7c49 7c49 8469 8469 8469 8469 8469 7c49 7c69 7408 73e8 73e8 73e8 73e8 73e8 73e8 73e8 73e8 7408 73e8 73e8 73e8 73e8 73e8 73e7 7c48 7c49 7c49 7c49 7c49 7c49 7c49 7c49 7c49 7c49 8469 7c68 7c68 7c68 8469 7c68 8469 7408 73e8 73e8 73e8 73e8 73e8 73e8 6be7 7408 73e8 73e8 73e8 73e8 73e8 73e7 73e7 7c49 8469 7c49 7c49 7c49 7c49 7c49 7c49 8469 7c49 7c49 7c49 7c68 7c68 7c48 7c49 7c49 7428 73e8 7408 73e8 73e8 7408 73e8 7408 7407 73e7 7407 7408 6be7 7408 73e8 7c2b ad71 8cac 844a 7c49 8469 7c68 7c48 8449 8449 8469 7c49 7c68 8489 7c68 7c69 8469 7c49 7408 73e8 73e8 73e8 73e8 73e8 7408 73e8 73e8 73e8 73e8 73e8 73e8 7408 
7c49 7c48 7c68 8468 8469 8449 8449 8449 7408 6be8 6be8 7408 73e8 73e8 73e8 73e8 6be7 6be7 7407 7408 73e8 7408 73e8 7408 7408 7c48 8469 8469 8469 8449 8469 8469 7c48 7c68 7c68 7c69 844a a56f 9d0e 844a 7c49 7408 7408 73e8 73e8 73e8 73e8 73e8 6be7 6be8 73e8 73e8 73e8 73e8 7408 7408 73e7 7407 7c49 8469 8449 8449 8449 8449 7c48 7c48 8469 7c49 7c49 7c49 8469 8469 7c48 7c48 7c49 7407 73e8 73e8 73e8 73e8 6be7 6be7 73e8 7408 73e8 73e8 7408 73e8 73e7 73e7 7408 7c49 7c49 7c49 8469 8469 7c49 7c49 7c49 7c49 8449 8449 7c49 7c49 7c48 7c49 7c49 7c49 73e8 73e8 73e8 7408 73e8 73e8 73e8 73e8 73e8 73e8 73e8 73e8 73e8 73e8 6be7 7408 7c49 8449 8469 8469 7c68 7c68 7c68 7c68 7c49 7c49 7c49 7c49 7c48 7c48 7c68 8469 7c49 73e9 7c2b b5d1 7429 6be8 7408 73e8 6be8 6be8 7408 7408 6be7 73e7 7407 7408 73e8 7c49 8469 8449 7c68 7c68 7c68 7c68 7c68 7c49 8449 844a 8c8c ad91 844a 8449 8449 7c49 7c08 73e8 73e8 73e8 73e8 73e8 73e8 73e8 73e8 73e8 73e8 73e8 73e8 7408 73e8 73e8 7c28 7c69 7c68 7c29 a550 950f 7c4a 8469 8469 8469 7c48 7c49 8449 8449 7c49 8449 8469 7c29 6bc7 6be8 6be8 7408 73e8 73e8 73e8 73e8 6be7 6be8 73e8 73e8 7408 73e7 73e8 7c28 7c48 7c48 7c68 7c48 7c49 7c49 8469 8469 7c68 7c68 7c49 7c49 7c49 7c49 7c49 7c49 7c28 73e7 7407 7407 7407 73e8 7408 7408 7408 7408 73e8 73e8 73e8 73e8 73e8 73e8 7407 7c48 7c68 7c69 7c49 7c49 8469 8469 7c68 7c68 7c68 7c49 7c49 7c49 8449 8449 7c48 7c48 7407 7408 73e8 73e8 7408 73e8 73e8 73e8 73e8 73e8 73e8 73e8 73e8 73e8 6be8 846b a590 846b 7c49 8469 8469 8469 7c48 7c49 8469 7c49 8469 8469 8469 8469 7c48 7c48 7c48 7408 73e7 73e8 7408 73e8 6be7 6be8 73e8 73e8 73e8 7408 6be8 73e8 
8cac 8cac 8cac 8cac 8cac 8cac 8cac 8cac 846b 7c4b 846b 73e8 73e8 73e8 73e8 73e8 73e8 73e8 73e8 73e8 7408 7408 73e8 7408 7c49 8469 7c49 8449 8469 7c49 7c49 7c49 7c49 7c49 8469 7c4a 9d0e a56f 844a 846a 7c49 73e8 73e8 7408 73e8 73e8 73e8 73e8 73e8 73e8 73e8 73e8 73e8 7408 73e8 73e8 7407 7c48 7c49 7c49 8469 7c49 7c49 7c49 7c49 8449 7c49 7c49 8449 8449 7c49 7c49 7c49 7c69 7428 7408 73e8 73e8 73e8 73e8 73e8 73e8 73e8 73e8 73e8 73e8 73e8 73e8 73e8 73e8 7c28 7c49 7c68 7c68 7c68 7c68 7c49 7c49 7c49 7c49 8449 8449 7c49 7c49 7c49 7c49 8469 7c49 73e8 73e8 73e8 73e8 73e8 73e8 73e8 73e8 73e8 73e8 73e8 73e8 73e8 73e8 6be7 7408 7c49 8449 8469 7c68 8449 8449 8448 8448 8449 8449 7c49 7c49 7c49 7c49 7c68 8469 7c49 73e9 8cad a571 6bc8 73e8 73e8 73e8 73e8 73e8 73e8 73e8 73e8 73e8 7407 7408 73e7 7c49 8469 7c49 8449 8449 7c68 7c68 7c49 7c49 8449 844a 8c8d adb1 844a 8449 7c49 7c49 7c28 73e8 73e8 73e8 73e8 73e8 73e8 73e8 73e8 73e8 73e8 73e8 73e8 73e8 73e8 73e8 7428 7c69 7c49 7c49 8cad adb1 844a 7c49 7c49 7c49 7c49 7c49 7c49 8469 7c49 7c49 8469 7c49 73e7 73e8 7408 7408 73e8 73e8 73e8 73e8 73e8 73e8 73e8 73e8 73e8 73e8 73e8 7408 7c49 8469 7c49 7c49 8469 7c49 7c49 7c49 7c68 7c68 7c49 7c49 7c49 7c49 7c49 7c49 7c49 7408 7408 73e8 73e8 73e8 73e8 73e8 73e8 73e8 73e8 73e8 73e8 73e8 73e8 73e8 73e7 7c28 7c69 7c49 7c49 7c49 7c49 7c49 7c49 7c49 7c49 7c49 7c49 7c49 8449 8449 8469 8469 7428 7408 73e8 73e8 73e8 73e8 7408 7408 73e8 73e8 73e8 73e8 73e8 73e8 6be8 73e9 8ccd a570 7c4a 7c49 8469 7c49 7c49 8469 7c49 8469 7c49 7c49 7c49 8449 7c49 8469 7c49 7c49 7408 7408 73e8 73e8 7408 73e8 7408 73e8 73e8 7c2a 846b 846b 
94ed 94ed 94ee 94ee 94cd 94ed 94cd 8cad 950f add2 846b 73e9 73e8 7408 73e8 73e8 73e8 73e8 73e8 73e8 73e8 73e8 7408 7c49 7c49 8469 8449 7c49 7c49 8469 8449 8449 7c49 8469 7c49 8cab ad90 846c 844a 7c49 7408 73e8 7408 7408 73e8 73e8 6be7 73e8 73e8 73e8 73e8 73e8 73e8 7408 73e8 73e8 7c28 8469 7c49 7c49 7c49 7c49 7c49 7c49 7c49 7c49 7c49 7c49 8449 7c49 7c49 7c49 7c69 7c48 7407 7408 73e8 73e8 73e8 73e8 7407 7407 73e8 73e8 7408 73e8 73e8 73e8 7408 7408 7c49 7c49 7c49 8469 7c68 7c68 7c49 7c49 7c49 7c49 8449 8449 7c49 7c49 8469 7c49 8469 7c28 73e8 73e8 73e8 73e8 73e8 73e8 73e8 73e8 73e8 73e8 73e8 73e8 73e8 7408 7407 7428 7c49 8449 8469 7c68 7c49 7c49 7c49 7c49 7c49 7c49 7c49 7c49 7c49 7c49 8469 7c49 7c49 73e9 9d30 94ce 73e8 73e8 73e8 73e8 73e8 73e8 73e8 73e8 73e8 73e8 7407 7408 73e7 7c49 7c68 7c49 8449 8449 8448 8448 8449 8449 8449 844a 8c8d adb1 844a 8449 7c49 8469 7428 73e8 73e8 73e8 73e8 73e8 73e8 73e8 73e8 73e8 73e8 73e8 73e8 73e8 73e8 73e8 7428 7c69 7c49 846a 844b b5d1 846b 7c4a 8469 7c49 7c49 7c49 7c49 7c49 7c49 7c48 7c49 7c49 7408 73e8 73e8 73e8 73e8 73e8 73e8 73e8 73e8 73e8 73e8 73e8 73e8 73e8 7408 73e8 7c48 8469 7c49 7c49 8469 7c49 7c49 7c49 7c49 7c49 7c49 7c49 7c49 7c49 7c49 7c49 8469 7c28 7408 7408 73e8 73e8 73e8 73e8 73e8 73e8 73e8 73e8 73e8 73e8 73e8 73e8 73e7 7428 7c69 7c69 7c49 7c49 7c49 7c49 7c49 7c49 7c49 7c49 7c49 7c49 8448 8448 7c68 7c48 7c69 7408 73e8 7408 73e8 73e8 73e8 73e8 73e8 73e8 73e8 73e8 73e8 73e8 7408 7408 73e9 9d4f 9d0e 7c4a 7c49 8469 8469 7c49 8449 8449 7c68 7c49 8449 8449 7c49 8469 7c49 7c49 7c49 7408 73e8 73e8 7407 73e8 73e8 73e8 73e8 7c2a a570 9d50 
8469 8449 844a 844a 7c49 7c29 73c8 7c2b a570 848d 73e9 6be8 7408 73e8 73e8 73e8 73e8 73e8 73e8 73e8 73e7 7408 7c48 7c49 8469 7c49 7c49 8469 8469 8449 8449 7c49 8469 8449 846b ad90 8ccc 7c4a 7c69 7428 6be7 7408 73e8 73e8 73e8 73e8 73e8 73e8 73e8 7408 73e8 73e8 73e8 7408 73e7 7408 7c49 7c49 7c49 8469 7c49 7c49 7c49 8469 7c49 8469 7c49 7c49 7c49 7c49 7c49 7c49 7c49 7408 7408 7407 73e8 73e8 73e8 73e8 7407 7407 73e8 73e8 7408 73e8 73e8 73e8 7408 7c28 7c49 7c49 7c49 7c49 7c49 7c49 7c49 7c49 7c49 7c49 8449 8449 7c49 7c49 8469 7c49 7c49 7408 73e8 73e8 73e8 73e8 73e8 73e8 73e8 73e8 73e8 73e8 73e8 73e8 73e8 73e8 7408 7c49 8469 8449 7c68 7c68 7c49 7c49 7c49 7c49 7c49 7c49 7c68 7c68 8469 8469 7c49 8469 7c48 73e9 ad71 8c8d 73e9 7408 73e7 7408 7408 73e8 73e8 73e8 73e8 73e8 7407 7408 73e7 7c49 8448 8448 8449 8449 8448 8448 7c49 7c49 8449 844a 8c8d adb1 844a 8449 8469 8469 7c28 73e8 73e8 73e8 73e8 73e8 73e8 73e8 73e8 73e8 73e8 73e8 73e8 73e8 73e8 73e8 7408 7c69 8469 7c4a 844b adb0 94cd 7c4a 8469 7c49 7c49 7c49 7c49 7c49 7c49 7c48 7c49 7c49 7408 73e8 73e8 73e8 73e8 73e8 73e8 73e8 7408 73e8 73e8 73e8 73e8 73e8 73e8 73e8 7408 7c49 7c49 7c49 7c49 7c49 7c49 7c49 7c49 7c49 7c49 7c49 7c49 7c49 7c49 7c49 8469 7c49 7408 7408 73e8 7408 73e8 73e8 73e8 73e8 73e8 73e8 73e8 73e8 73e8 73e8 7407 7407 7c48 7c69 8469 7c49 7c49 7c49 7c49 7c49 7c49 7c49 7c49 7c49 8448 8448 7c49 7c49 7c69 7c48 73e8 73e8 7408 73e8 73e8 73e8 73e8 73e8 73e8 73e8 73e8 73e8 7408 73e8 73e8 7c2a ad90 8cad 8449 7c48 7c49 8469 8449 7c49 7c49 7c49 8469 7c49 7c49 8469 8469 7c49 7c49 7c28 7408 7408 7408 73e8 73e8 73e8 73e8 73e9 7c4b a550 
7c48 8469 8469 7c68 7c48 7408 7c0a a54f 8cac 73e9 73e8 73e8 7408 7408 73e8 73e8 73e8 73e8 6be7 73e8 73e7 7c28 7c49 7c49 7c49 8469 8449 8449 7c49 7c49 7c48 7c49 8449 844a a550 9cef 7c4a 8469 7c28 7407 73e8 73e8 73e8 73e8 7407 7407 73e8 73e8 73e8 73e8 73e8 73e8 73e7 7408 7407 7c49 7c49 8449 8469 7c49 8449 8449 7c49 8449 8449 8449 7c49 7c49 8449 8449 8469 8469 7c48 7408 73e8 73e8 73e8 73e8 73e8 6be8 7408 73e8 73e8 73e8 73e8 73e8 73e8 73e8 7408 7c49 7c49 7c49 7c49 7c49 7c49 7c49 7c49 7c49 7c49 7c49 8449 8449 7c49 7c49 7c49 7c49 7c28 73e7 73e8 73e8 73e8 73e8 73e8 73e8 73e8 73e8 73e8 73e8 73e8 73e8 73e8 73e8 7408 7c49 7c49 8449 7c68 7c68 8449 8449 8449 8449 7c49 7c49 7c68 7c68 8469 7c49 8469 7c49 7c28 73e8 a570 8cae 73e9 7408 73e7 7407 73e8 73e8 73e8 73e8 73e8 73e8 7407 7407 7408 7c49 7c49 7c49 7c49 7c49 7c49 7c49 7c49 7c49 8449 844a 8c8d b5b1 844a 8449 8469 8449 7c28 73e8 73e8 73e8 73e8 73e8 73e8 73e8 73e8 73e8 7408 73e8 73e8 73e8 73e8 73e8 7408 7c49 8469 7c4a 846b adb1 94cd 844a 7c49 7c49 7c49 8469 7c68 7c68 7c49 7c49 7c49 7c49 7428 73e8 7408 73e8 73e8 73e8 73e8 73e8 73e8 73e8 73e8 73e8 73e8 73e8 73e8 73e8 7407 7c49 7c49 7c49 7c49 8469 7c49 7c49 7c49 7c49 7c49 7c49 7c49 7c49 7c49 7c49 7c49 7c49 7c28 73e8 7408 73e8 73e8 73e8 73e8 73e8 73e8 73e8 73e8 73e8 73e8 73e8 73e7 6be7 7408 7c69 7c49 7c49 7c49 7c49 7c49 7c49 7c49 7c49 7c49 7c49 8449 8449 8449 8469 7c49 7c49 7428 73e8 73e8 73e8 73e8 73e8 73e8 73e8 73e8 73e8 7408 7408 7408 7408 73e8 73e9 844c ad90 848b 7c49 8449 8449 8448 8469 8469 7c49 7c49 7c49 7c49 7c49 7c49 8469 7c49 7c49 7c28 73e8 73e8 73e8 73e8 73e8 7407 7408 6be8 7c4b 
7c49 7c49 8469 7c28 7408 7409 a54f 94cd 73e9 7408 7408 73e8 73e8 7408 73e8 73e8 7408 6be7 7408 73e8 7c28 7c49 7c48 7c68 7c49 7c49 8469 8449 7c68 7c68 7c48 8469 7c4a 9d0e a570 844b 7c49 7c48 7408 73e8 73e8 73e8 73e8 73e8 73e8 73e8 73e8 7408 7408 7408 73e8 73e8 73e7 7407 7c28 7c49 7c49 8449 8469 7c49 8449 8449 8448 7c48 7c49 7c49 7c49 8469 8449 8449 8469 7c49 7408 73e8 73e8 73e8 73e8 73e8 73e8 73e8 7408 73e8 73e8 73e8 73e8 73e8 73e8 73e8 7408 8469 7c49 7c49 7c49 7c49 7c49 7c49 7c49 7c49 7c49 7c49 8449 8449 7c49 7c49 7c49 7c49 7408 73e7 73e8 73e8 73e8 73e8 73e8 73e8 73e8 73e8 73e8 73e8 73e8 73e8 73e8 73e8 7408 7c49 7c49 8449 7c48 7c49 7c49 7c49 7c49 7c49 7c49 7c49 7c68 7c68 7c49 7c49 7c49 8469 7c28 73e8 94ee a550 6be8 6be8 7408 6be7 7407 7407 7407 73e8 73e8 73e8 73e8 73e8 7407 7c49 8449 8449 7c49 7c49 7c49 7c49 7c49 7c49 8449 844a 8c8d b5b2 844a 8469 8469 8449 7c28 7408 73e8 73e8 73e8 73e8 73e8 73e8 73e8 73e8 7408 73e8 73e8 73e8 73e8 73e8 7408 7c49 8469 7c49 846c add1 8c8b 844a 7c49 8469 7c49 7c49 7c49 7c49 7c49 8469 7c49 7c49 7c49 7408 73e8 7408 73e8 73e8 73e8 73e8 73e8 73e8 73e8 73e8 73e8 73e8 73e8 7408 7407 7c28 8469 8469 7c49 7c49 7c49 7c49 7c49 7c49 7c49 7c49 7c49 7c49 7c49 7c49 8449 8449 7c49 73e7 7408 7407 6be7 7408 73e8 73e8 73e8 73e8 73e8 73e8 73e8 73e8 73e7 7407 73e8 7428 7c49 7c49 7c49 7c49 7c49 7c49 7c49 7c49 7c49 7c49 8449 8449 7c49 8469 7c49 7c49 7c69 7408 6be8 7408 73e8 73e8 73e8 73e8 73e8 73e8 73e8 73e8 7408 73e8 73e8 73e8 73e9 8ccd a56f 846b 8469 8469 8449 8449 8449 7c49 7c49 7c49 7c48 7c68 7c49 7c49 7c49 7c49 7c49 7c28 73e8 6be8 73e8 73e8 73e7 7408 7408 73e8 
7c49 8449 7c49 73e8 73e9 9d2f 9d0e 73e9 73e8 6be7 73e8 73e8 73e8 7408 7408 6be8 7408 73e8 73e8 7428 8469 7c49 8469 7c48 7c68 7c68 8469 8449 7c49 8469 8469 7c49 94ad ad91 846b 846a 7c69 7428 7408 7408 7408 7408 73e8 73e8 73e8 73e8 73e8 73e8 73e8 73e8 73e8 73e8 7407 7408 7c69 7c49 7c49 8449 8449 8449 8448 7c48 8448 8448 7c49 7c49 7c49 8469 7c49 7c49 7c49 7c28 73e8 73e8 73e8 73e8 73e8 73e8 73e8 73e8 73e8 7408 73e8 73e8 73e8 73e8 73e7 7407 7c28 8469 7c49 7c49 8469 7c49 7c49 7c49 7c49 7c49 7c49 7c49 8449 8449 7c49 7c49 8469 7c49 7408 73e7 73e8 73e8 73e8 73e8 73e8 73e8 73e8 73e8 73e8 73e8 73e8 73e8 7408 73e8 7428 7c69 7c49 8449 7c48 7c49 7c49 7c49 7c49 7c49 7c49 7c49 7c49 7c49 7c49 8469 7c48 8449 7c08 73e8 844c adb1 7409 7408 7408 73e8 7408 7407 7407 7407 7408 73e8 73e8 73e8 7407 7c49 8449 8449 7c49 7c49 7c49 7c49 7c68 7c68 8449 844a 8c8d b5b2 844a 8449 8469 8469 7c49 73e8 73e8 73e8 73e8 73e8 73e8 73e8 73e8 73e8 73e8 73e8 73e8 73e8 73e8 73e8 7407 7c48 8469 7c4a 8cad b5d2 846a 8469 7c49 8469 7c49 7c49 7c49 7c49 7c49 7c49 7c49 7c49 7c49 7408 73e8 73e8 73e8 7408 73e8 73e8 73e8 73e8 73e8 73e8 6be8 6be8 73e8 7408 73e7 7408 8469 8469 7c49 7c49 7c68 7c49 7c49 7c49 7c49 7c49 7c49 7c49 7c49 7c49 8449 8449 7c49 7408 7407 7407 7407 7408 73e8 73e8 73e8 73e8 73e8 73e8 7408 7408 73e8 7408 73e8 7408 7c49 8469 7c49 8469 7c49 7c49 7c49 7c49 7c68 7c68 8449 8449 7c49 7c49 7c49 7c49 7c69 7c49 6be7 73e8 73e8 73e8 73e8 73e8 73e8 73e8 73e8 73e8 73e8 73e8 7407 73e8 73e8 73e9 9d2f 9d0e 7c29 8449 7c48 8469 8449 8449 7c49 7c49 8469 7c68 7c49 7c49 7c49 8469 8469 7c49 7408 6be8 73e8 73e8 7408 73e8 73e8 73e8 
846a 7c49 7408 73e9 9d0e 9d2f 73e9 73e8 7408 7408 73e8 73e8 6be8 7408 7407 73e7 73e8 73e8 7408 7c49 7c49 7c49 8468 7c48 8469 8469 7c49 7c49 7c49 7c49 7c49 848b ad91 8c8d 844a 7c49 7c28 7407 7407 7408 7408 7408 73e8 73e8 7408 6be8 73e8 73e8 7408 7408 73e8 7408 73e7 7c28 7c68 7c68 8469 8469 7c49 7c49 7c48 7c48 7c48 7c49 8449 8449 7c49 8469 8469 8469 7c49 7408 7408 7408 73e8 7408 73e8 73e8 73e8 73e8 73e8 7408 73e8 73e8 73e8 73e8 73e7 7408 8469 7c49 8469 7c49 8469 8469 7c49 7c49 7c49 7c49 7c49 7c49 8449 8449 7c49 7c49 8469 7c48 73e7 73e7 7408 7408 73e8 73e8 73e8 73e8 73e8 73e8 73e8 73e8 73e8 73e8 7408 7408 7428 7c69 7c49 8449 7c48 7c49 8449 8449 7c49 7c49 7c49 7c49 7c49 7c49 8469 8469 7c49 7c49 7408 73e9 73ea ad90 8ccd 7409 73e8 73e8 73e8 7407 7407 7407 7408 7408 7408 73e8 7408 7c49 7c49 7c49 8449 8449 8449 8449 8449 8449 8449 844a 8c8d b5d2 844a 8449 7c49 8469 7c48 6be7 73e8 73e8 73e8 73e8 73e8 73e8 73e8 73e8 73e8 73e8 73e8 73e8 73e8 7408 6be7 7c28 8469 844a a550 a551 844a 8449 7c49 7c49 7c49 7c49 8469 8469 7c48 7c48 7c68 7c69 8469 7408 73e8 73e8 73e8 73e8 6be8 73e8 73e8 73e8 73e8 73e8 6be8 7408 7408 73e8 7408 7408 7c49 8469 7c49 7c49 7c48 7c49 7c49 7c49 7c49 7c49 7c68 7c68 7c68 7c68 8449 8449 7c49 7c49 7407 7407 7407 7407 73e8 73e8 73e8 73e8 7408 7408 7408 7408 7408 73e8 73e8 73e8 7c28 7c49 7c48 7c68 7c49 7c49 7c49 7c49 7c68 7c68 8448 8448 8449 8449 8448 8469 7c69 7c49 7428 73e8 73e8 73e8 73e8 73e8 7408 7408 7408 73e8 7408 73e8 6be7 7408 73e8 73e9 7c0b ad70 94cc 8449 8469 8449 7c49 8449 7c68 7c49 8469 8449 7c49 7c49 7c49 7c49 7c48 7c48 7c49 7408 73e8 7408 7407 73e8 7408 7408 
7c48 6be7 7408 94ed 9d2f 740a 7408 7408 6be7 6be7 73e8 73e8 73e8 73e8 73e8 7408 73e7 7407 7c48 8469 7c49 7c49 8469 8469 7c28 7c49 7c49 8469 8469 8449 844b a570 950d 7c49 7c69 7c49 7407 7407 7408 73e8 73e8 73e8 73e8 73e8 73e8 73e8 73e8 73e8 6be7 6be7 73e7 7408 7408 8469 8469 8469 7c49 7c49 7c49 7c49 8449 8449 8449 8449 7c68 7c48 7c68 7c48 7c68 7c69 7c28 7407 73e8 73e8 73e8 73e8 73e8 73e8 73e8 73e8 6be7 6be7 7408 7408 7408 7408 73e7 7c49 7c49 7c49 8449 8449 8449 8449 8449 8449 7c48 7c49 7c49 8469 8449 8469 8469 7c49 7c49 73e8 73e8 7408 73e8 73e8 7408 7408 73e8 73e8 73e8 73e8 73e8 73e8 73e8 73e8 73e7 73e7 7c49 8449 8449 8469 7c49 7c49 7c68 7c68 7c68 7c68 7c49 7c49 7c49 7c49 7c49 7c49 7c49 7c49 7408 6be8 73e8 8cac adb1 740a 73e8 73e8 7408 7408 73e8 7408 6be7 6be7 7407 73e8 7408 8449 8449 8449 7c49 7c68 7c68 7c68 7c49 7c49 7c68 7c49 846c adb1 846b 8449 7c49 8469 7c49 7408 6be7 6be7 6be7 7407 73e8 73e8 73e8 73e8 6be8 6be8 7408 73e8 73e8 73e8 7408 7c28 7c49 84ab adb1 8cad 7c4a 7c49 7c49 8469 7c49 7c49 8448 8449 8449 8449 8449 8449 7c48 7c28 73e7 7408 73e8 73e8 7408 7408 73e8 73e8 73e8 73e8 73e8 73e8 73e8 73e8 6be7 6be7 7c48 7c69 7c49 8449 8469 8469 7c69 7c69 7c49 7c49 8449 8449 8449 8449 7c48 7c48 7c69 7c69 7428 73e7 7408 7408 73e8 73e8 73e8 73e8 73e8 73e8 73e8 73e8 6be7 6be7 73e8 7408 7407 7c48 7c69 7c68 7c48 7c49 7c49 7c49 8449 7c49 8449 8469 7c48 7c48 8469 8469 7c49 8469 7c49 7408 6be7 6be7 73e8 73e8 73e8 73e8 7408 73e8 6be7 6be7 73e7 7408 7408 73e8 73e8 848b ad90 846c 7c4a 8449 8449 7c49 8449 8469 8449 8448 7c68 7c68 8449 8449 7c49 7c49 7c49 7c28 7408 7408 73e8 73e8 7408 73e8 
7408 7409 8cad 9d50 7429 6be8 7408 7408 73e8 73e8 73e8 73e8 73e8 73e8 73e8 73e8 7407 7c48 7c68 7c48 7c48 7c68 7c68 7c68 7c49 8469 7c49 7c49 7c49 844a 94ee a570 846a 7c49 7c49 7408 7407 7407 73e8 73e8 73e8 73e8 73e8 73e8 73e8 73e8 73e8 73e8 6be8 7408 73e8 7408 7c49 8469 8469 7c49 7c49 7c49 7c49 7c49 8449 8449 8449 8449 8469 8469 7c49 7c49 7c69 7c49 73e8 73e8 73e8 73e8 73e8 73e8 73e8 73e8 73e8 73e8 7408 6be8 7408 7408 73e8 73e8 7408 7c49 7c49 7c49 8449 8449 8449 8449 8449 8449 7c49 7c49 7c49 7c49 8449 8449 7c49 7c49 7c49 73e8 73e8 7408 73e8 73e8 73e8 73e8 73e8 73e8 73e8 73e8 73e8 73e8 73e8 73e8 73e7 7408 7c49 8449 8449 8449 7c49 7c49 8448 8448 8449 8449 8449 8449 8449 8449 8469 8469 7c49 7c49 7407 7408 73e8 73e9 9d0f a550 7c09 73e8 73e8 73e7 7407 73e7 7408 7407 7408 73e8 7408 7c49 7c49 7c49 7c49 7c49 8449 8449 8449 8449 8449 844a 8c6c adb1 846b 7c49 7c49 7c49 7c49 73e8 73e8 73e8 6be8 6be8 73e8 73e8 73e8 73e8 73e8 7408 73e8 73e8 73c7 73e7 7408 7409 846b a570 9d2f 7c4a 8449 8469 7c49 7c49 7c49 7c49 7c49 7c49 7c49 7c49 8449 8449 7c49 7c28 73e7 73e8 73e8 73e8 73e8 73e8 73e8 73e8 73e8 73e8 73e8 73e8 73e8 73e8 73e8 73e8 7428 7c49 7c49 7c49 8449 7c49 7c69 7c69 7c49 7c49 8449 8449 8448 8448 7c49 8449 8469 7c49 7c28 73e7 73e8 73e8 73e8 73e8 73e8 73e8 73e8 73e8 73e8 73e8 73e8 73e8 73e8 73e8 7407 7428 7c69 8469 7c49 8449 8469 7c49 7c49 7c49 7c49 7c49 7c49 7c49 7c49 7c49 7c49 7c49 7c49 7c29 73e8 73e8 73e8 7408 73e8 73e8 73e8 73e8 73e8 73e8 73e8 73e8 7408 73e8 7408 73e8 94cd ad70 844a 7c49 8469 7c68 7c49 7c49 8449 8449 7c49 7c49 8449 8449 7c49 7c49 7c49 8469 7c28 73e7 7408 7407 73e8 73e8 
73e9 848c a570 740a 73e8 7407 7407 73e8 7408 73e8 73e8 73e8 73e8 73e8 73e8 7408 7c28 8469 8469 7c68 7c49 7c49 7c68 7c68 7c48 7c49 7c49 7c49 7c49 8cac ad90 848b 7c49 7c49 7408 7408 73e8 73e8 73e8 7408 73e8 73e8 73e8 73e8 73e8 73e8 73e8 73e8 7408 6be7 73e8 7c29 7c49 7c49 8469 7c49 7c49 7c49 7c49 7c49 8449 8449 8449 8449 8469 7c68 7c49 7c49 7c49 7428 73e8 73e8 73e8 73e8 73e8 73e8 73e8 73e8 73e8 73e8 7408 7408 73e8 73e8 73e8 73e8 7c28 7c49 7c49 7c49 8449 8449 8449 8449 8449 8449 7c49 8469 7c49 7c49 8449 8449 7c49 8469 7c28 73e8 7408 7408 73e8 73e8 73e8 73e8 73e8 73e8 73e8 73e8 73e8 73e8 73e8 73e8 7408 7c28 8449 8449 8469 8449 7c49 7c49 7c49 7c49 7c49 7c49 7c49 7c49 7c49 7c49 8469 8469 7c49 7c28 7407 7408 6be8 73e9 7c0a a52f 9d2f 740a 73e8 7407 7407 7408 7408 7408 73e8 73e8 7c28 7c49 7c48 7c68 7c68 7c68 8449 8449 8449 8449 8449 844a 8c6c b5b2 8c8b 844a 7c49 7c49 7c49 7408 73e8 7408 7408 7408 73e8 73e8 73e8 7408 7407 73e7 73e8 73e8 73e8 7408 73e8 7c09 a550 a570 846a 7c49 8469 7c49 7c49 7c49 7c49 7c49 8449 8449 8449 8449 8449 8449 7c49 7c49 7408 73e8 73e8 73e8 73e8 73e8 73e8 73e8 73e8 73e8 73e8 73e8 73e8 73e8 73e8 73e8 7408 7c49 7c49 7c48 8449 7c49 7c49 7c49 7c49 7c49 8449 8449 8449 8449 8449 8449 8469 7c49 7c49 7408 73e8 73e8 73e8 73e8 73e8 73e8 73e8 73e8 73e8 73e8 73e8 73e8 73e8 73e8 7407 7407 7c48 8469 7c49 8449 8449 7c49 7c49 7c49 7c49 7c49 8469 7c49 7c49 7c49 7c49 7c49 7c49 7c49 7428 73e8 73e8 73e8 73e8 73e8 73e8 73e8 73e8 73e8 73e8 73e8 73e8 73e8 7408 73e8 73ea 9d2f 9d2e 844a 7c49 7c68 7c69 7c48 7c49 8449 7c49 7c49 8449 8449 7c49 7c49 8469 7c49 8469 7c28 73e7 73e7 7408 6be7 
846d a590 7c2a 73e8 73e8 73e8 7407 7407 73e8 73e8 73e8 7408 73e8 73e8 7407 7c48 8469 7c49 8469 8469 7c49 7c49 7c49 7c49 8469 7c49 7c48 7c49 846c ad91 8ccc 7c4a 7c49 7428 73e8 73e8 73e8 73e8 73e8 73e8 73e8 73e8 73e8 73e8 73e8 73e8 73e8 73e8 7407 7408 7428 7c49 8469 7c49 7c49 8469 7c49 7c49 7c49 7c49 7c49 7c49 8449 8449 7c68 8469 7c49 7c49 7c49 7408 73e8 73e8 73e8 73e8 73e8 73e8 73e8 73e8 73e8 73e8 7408 7408 73e8 7408 7407 7408 7c49 7c49 7c49 7c49 8449 8449 8449 8449 8449 8449 7c49 7c49 7c49 7c49 7c49 8449 7c49 8469 7408 73e8 73e8 73e8 73e8 73e8 73e8 73e8 73e8 73e8 73e8 73e8 73e8 73e8 73e8 73e8 7408 7c28 8449 8449 8449 8469 7c49 7c49 7c49 7c49 7c49 7c49 7c49 7c49 7c49 7c49 8469 7c49 7c49 7c28 73e7 73e8 73e8 73e8 73e8 7c09 9d2f 9d50 7c2b 6be8 73e8 7408 73e8 7408 73e8 73e8 7408 7c49 7c49 8449 7c68 7c68 7c49 7c49 7c49 7c49 7c49 7c4a 8c8c b5b2 8c8c 844a 7c49 7c49 7c49 73e8 7408 6be8 73e8 73e8 73e8 73e8 73e8 73e7 73e7 73e7 73e8 73e8 73e8 73e8 7c0a 9d2f a570 846b 7c49 7c48 7c49 7c49 7c49 7c49 7c49 7c49 8449 8449 8449 8449 8449 8449 7c49 8469 7408 73e8 73e8 73e8 73e8 73e8 73e8 73e8 73e8 73e8 73e8 73e8 73e8 73e8 73e8 73e8 73e7 7c28 7c49 7c49 8449 8449 7c49 7c49 7c49 7c49 8449 8449 8449 8449 7c49 7c49 7c49 7c49 7c49 7c28 73e8 7408 73e8 73e8 73e8 73e8 73e8 73e8 73e8 73e8 73e8 73e8 73e8 73e8 7407 73e7 7428 7c49 8469 8449 8449 7c49 7c49 8469 7c49 7c49 7c49 7c49 7c49 7c49 8449 7c49 7c49 7c49 7c49 7407 73e8 73e8 73e8 73e8 73e8 73e8 73e8 73e8 73e8 73e8 73e8 7408 6be8 73e8 73e8 7c0a ad90 8ccd 7c49 7c49 8469 8469 8449 8449 7c49 7c49 8449 8449 7c49 7c49 7c49 8469 7c49 7c49 7428 6be7 73e8 73e8 
ad91 7c4b 73e8 73e8 73e8 73e8 73e8 73e8 73e8 73e8 73e8 73e8 7407 7407 7428 7c49 7c49 7c49 8469 7c49 7c49 7c49 7c49 7c49 7c49 7c49 7c48 846a a570 9d0f 844a 7c49 7c49 7408 73e8 73e8 73e8 73e8 73e8 73e8 73e8 73e8 73e8 73e8 73e8 73e8 73e8 73e8 7408 7408 7c49 7c69 7c49 7c49 7c49 7c49 7c49 7c49 7c49 7c49 7c49 7c49 8449 8449 7c49 7c49 7c49 7c49 7428 73e8 7408 7408 73e8 73e8 73e8 73e8 73e8 73e8 73e8 73e8 7408 7408 73e8 73e8 73e7 7428 7c49 7c49 7c49 7c49 7c49 7c49 7c49 7c49 7c49 7c49 8469 7c49 7c49 7c49 7c49 8449 8469 7c49 7408 73e8 73e8 73e8 73e8 73e8 73e8 73e8 73e8 73e8 73e8 73e8 73e8 73e8 73e8 73e8 73e7 7c49 8449 8469 8449 8449 7c49 7c49 8449 8449 8449 8449 8449 8449 8449 8449 7c49 7c49 8469 7408 73e8 73e8 73e8 7408 7408 73e8 740a 94ee ad72 844d 73e9 73e8 73e7 7407 7407 7407 7408 7c49 8469 7c49 7c49 7c49 8449 8449 8449 8449 8449 844a 846c b5b1 8cac 7c49 7c49 8469 7c49 7408 73e8 73e8 73e8 73e8 73e8 73e8 7408 7408 73e8 73e8 73e7 7408 73e8 7c2b ad91 9d0f 844a 7c49 8469 8469 7c49 7c49 8469 7c68 7c49 7c49 7c49 7c49 7c49 7c49 7c68 7c68 7c49 8469 7c28 73e8 73e8 7408 73e7 73e8 73e8 73e8 73e8 73e8 73e8 73e8 73e8 73e8 73e8 7408 73e8 7408 7c49 7c49 7c49 7c49 7c49 7c49 7c49 7c49 7c49 7c49 7c68 7c68 8469 8449 7c49 7c49 7c49 7c49 73e8 73e8 73e8 73e8 73e8 73e8 73e8 73e8 73e8 73e8 7408 7408 73e8 73e8 73e8 73e8 7408 7c49 8469 8449 7c49 7c49 8449 8449 8449 8449 7c49 7c49 7c49 7c49 8449 8449 7c49 7c49 7c69 7428 7407 7407 73e8 73e8 73e8 73e8 6be8 7408 73e8 73e8 73e8 73e8 73e8 73e8 73e8 73e9 846c ad91 848b 7c49 8449 8448 8449 8449 7c49 7c49 8449 8449 7c49 7c49 7c49 8469 7c49 7c49 7c49 7408 7408 7407 
846b 73e9 73e8 73e8 73e8 73e8 7408 73e8 73e8 73e8 7407 6be7 7407 7428 7c69 7c69 7c49 7c49 7c49 7c49 7c49 7c49 7c49 7c49 8469 7c49 7c4a 9d2e a56f 844b 7c49 7c49 7408 6be7 73e8 7408 7408 73e8 73e8 73e8 73e8 73e8 73e8 73e8 73e8 73e8 73e8 73e8 7407 7428 7c49 7c49 8469 7c49 7c49 7c49 7c49 7c49 7c49 7c49 7c49 7c49 7c49 7c49 8469 7c49 8469 7c28 7407 73e8 7408 73e8 73e8 73e8 73e8 73e8 73e8 73e8 73e8 73e8 73e8 73e8 73e8 73e8 7408 7c49 7c49 7c49 7c49 7c49 7c49 7c49 7c49 7c49 7c49 7c49 7c49 7c49 7c48 7c49 8449 8449 8469 7c28 7407 73e8 73e8 73e8 73e8 73e8 73e8 73e8 73e8 73e8 73e8 73e8 73e8 73e8 73e8 73e8 7408 7c49 7c49 8469 8449 7c49 7c49 7c49 7c49 7c49 8449 8449 8449 8449 7c49 7c49 7c49 7c49 7c49 7408 7408 73e8 73e8 7408 7408 73e8 73e8 73e9 846c ad91 9d0e 7c2a 73e9 73e8 73e8 73e8 7408 7c49 8469 8469 7c49 7c49 8449 8449 8449 8449 8449 844a 846c b5b1 8cac 7c49 7c49 8469 7c49 7408 73e8 73e8 73e8 73e8 73e8 73e8 73e8 73e8 73e8 73e9 73e8 7c09 94ce ad91 8c8c 73e9 7c49 8469 7c68 7c49 7c49 7c49 7c68 7c68 7c49 7c49 7c49 7c49 7c49 7c49 7c49 7c49 7c49 8469 7c49 73e8 73e8 73e8 7407 73e8 73e8 73e8 73e8 73e8 73e8 73e8 73e8 73e8 73e8 7408 7408 7408 7c49 8469 7c49 7c49 7c49 7c49 8449 8449 7c49 7c49 7c49 7c49 7c49 8469 7c49 7c49 7c49 7c49 7428 6be7 73e8 73e8 73e8 73e8 73e8 73e8 73e8 73e8 7408 7408 73e8 73e8 73e8 7408 73e8 7408 7c49 8469 7c49 8469 8449 7c49 8449 8449 7c49 7c49 7c49 7c49 8449 8449 7c49 7c49 7c69 7c49 7428 73e8 73e8 7408 73e8 73e8 7408 6be8 73e8 73e8 73e8 73e8 73e8 73e8 73e8 73e8 6be8 94ed a570 844b 8449 8449 8449 8449 7c49 7c49 8449 8449 7c49 7c49 7c49 7c49 7c49 8469 7c69 7c49 7408 73e8 
7408 6be7 73e8 7408 73e8 73e8 73e8 7408 73e8 73e8 73e7 7407 7408 7c69 7c69 7c69 7c49 7c49 7c49 7c49 7c49 7c49 7c49 7c49 7c49 7c4a 8cad ad90 846b 8449 8469 7408 7408 73e8 73e8 73e8 73e8 73e8 7407 7407 73e8 73e8 73e8 73e8 73e8 73e8 73e8 73e8 7428 7c69 8469 8469 7c49 8469 7c49 7c49 7c49 7c49 7c49 7c49 7c49 7c49 7c49 7c49 7c49 7c49 7c49 7408 73e8 7408 7408 7408 73e8 73e8 73e8 73e8 73e8 73e8 7408 7408 73e8 73e8 7407 7407 7c28 8469 7c49 7c49 7c49 7c49 7c49 7c49 7c49 7c49 7c49 7c49 7c49 7c49 7c48 7c49 8449 8469 7c49 7408 7407 73e8 73e8 73e8 73e8 73e8 73e8 73e8 73e8 73e8 73e8 73e8 73e8 73e8 73e8 73e8 7c28 8469 8449 8449 8449 8449 8469 7c49 7c49 7c49 7c49 7c49 7c49 7c49 7c49 7c49 7c49 7c49 7c49 7408 73e8 73e8 73e8 7408 7408 7408 7408 73e8 73e8 73e9 94cd a571 950e 7c2b 73e9 73e9 7c29 8449 8469 7c49 7c49 7c49 7c49 7c49 7c49 7c49 7c49 7c4a 844b b5b1 94cd 7c4a 8469 8469 8449 73e8 73e8 73e8 73e8 73e8 73e8 73e8 73e8 6be8 73e9 7c0a 8cae a571 94ee 7c0a 73e8 73e7 7c28 7c68 7c49 7c49 8469 8469 7c49 7c49 7c68 7c68 7c68 7c68 8449 8449 8449 8449 7c49 7c49 7c49 7408 73e8 73e8 7407 73e8 73e8 73e8 73e8 73e8 73e8 73e8 73e8 73e8 7408 73e8 7407 73e7 7c28 8469 7c49 7c49 7c49 7c49 8449 8449 7c49 7c49 7c49 7c49 7c49 7c49 7c49 7c49 8469 7c49 7c49 7408 73e8 73e8 73e8 73e8 73e8 73e8 73e8 73e8 73e8 73e8 73e8 73e8 7408 7408 73e8 7408 7c28 8469 7c49 7c49 8449 7c49 8449 8449 7c49 7c49 7c49 7c49 8449 8449 7c49 7c49 7c68 7c69 7c48 7408 73e8 73e8 73e8 7408 73e8 73e8 73e8 73e8 73e8 7408 73e8 73e8 7408 6be8 73e8 73e9 a54f 9d2f 7c4a 7c49 8449 8448 7c49 7c49 8449 8449 7c49 7c49 7c49 7c49 7c49 7c49 7c69 7c69 7c49 7408 
7408 7408 73e8 73e8 73e8 73e8 7408 73e7 7408 73e8 7407 7408 7c48 7c69 7c48 7c49 7c49 7c49 7c49 7c49 8469 8469 7c49 8469 846a 848b ad91 8cad 7c4a 8469 7c28 73e7 7408 73e8 73e8 73e8 73e8 73e8 7407 7408 73e8 73e8 7408 7408 7408 7408 7408 7408 7c49 7c69 8469 7c49 7c49 7c49 7c49 7c49 7c49 7c49 7c68 7c68 7c68 7c68 7c68 7c68 8449 8469 7c29 73e8 73e8 7408 73e8 73e8 73e8 73e8 7408 7408 7407 7407 7407 7407 7408 73e8 73e8 73e8 7c28 8469 7c49 8469 7c49 7c49 7c49 7c49 7c49 7c49 7c68 7c68 7c49 8469 7c49 7c49 8449 8469 7c48 7408 7408 7408 73e8 73e8 73e8 6be7 73e8 73e8 73e8 73e8 73e8 73e8 73e8 73e8 73e8 73e8 7c49 8469 8469 7c49 8449 8449 7c49 7c49 8449 8449 8449 8449 8449 8449 8449 8449 7c49 8469 7c49 7408 73e8 7408 7407 73e8 7408 73e8 7408 7408 73e7 73e8 73e9 7c0a 8cce a550 9d2f 848c 846a 7c49 7c49 7c69 7c49 7c49 8449 8449 8449 8449 8449 8449 844b b5b1 94cd 7c4a 8469 8469 7c49 73e7 7408 7408 73e8 73e8 73e8 6be8 7408 846b 9d0f a551 9cef 7c2b 73e8 73e8 73e7 73e8 7c29 844a 7c49 7c49 7c49 7c49 7c49 7c48 7c68 7c68 7c49 7c49 7c68 7c68 7c68 7c49 8469 7c49 8469 7408 73e8 73e8 7407 73e8 73e8 73e8 73e8 73e8 73e8 73e8 73e8 73e8 73e8 73e8 73e8 73e8 7408 7c49 7c49 8469 7c49 7c49 8449 8449 7c49 7c49 7c49 8449 8449 8449 8449 7c49 8469 7c49 7c49 7408 73e8 73e8 7408 7408 7408 7408 7408 73e8 7408 73e8 73e8 73e8 7408 73e8 73e8 7408 7408 8469 7c49 7c49 7c49 7c49 7c49 7c49 8449 8449 7c49 7c49 7c49 7c49 7c49 7c49 7c69 7c69 7c69 7428 73e7 6be7 73e8 73e8 73e8 73e8 73e8 73e8 73e8 73e8 73e8 73e8 7408 7408 7408 73e9 7c2a ad90 8cec 7c49 7c49 8449 7c49 7c49 8449 8449 7c49 7c49 8469 8469 7c49 7c49 7c69 7c69 7c49 7c28 
6be7 6be7 6c07 6be8 7408 73e8 73e8 7408 6be7 6be7 7408 7c49 8449 8449 8449 8449 7c48 7c48 8469 7c49 7c49 8469 7c49 846a 7c2b a550 9d0e 844a 7c49 7c48 7408 7408 7407 6c07 7408 7408 73e8 73e8 73e8 73e8 6be7 6be8 7408 73e8 73e8 73e8 73e8 7c29 7c49 7c49 7c49 7c49 7c49 7c49 7c49 7c49 7c48 7c48 7c49 7c49 8469 7c49 8469 7c49 7c48 7c49 7408 7407 7408 73e8 7408 7408 73e8 73e8 73e8 73e8 73e8 73e8 73e8 73e8 6be7 6be7 7407 7408 7c49 7c49 8469 8469 7c49 7c49 7c49 7c49 8449 8449 8449 8449 7c48 7c48 7c69 7c68 7c69 7c69 7c28 7408 73e8 73e8 73e8 73e8 73e8 73e8 73e8 73e8 6be7 6be7 6be8 7408 73e8 73e8 73e8 73e8 7c49 7c49 8449 8449 8449 8449 8449 8449 7c49 7c49 7c49 7c49 7c49 7c49 7c49 7c49 7c48 7c49 7c49 73e8 7408 7408 7408 7408 7407 7407 7407 7407 73e8 73e8 73e8 73e8 6bc8 73e9 846b 950e a550 a550 94ee 8cac 846a 7c49 7c69 7c49 8469 8469 8469 844a 7c2a adb0 94cd 844a 7c49 8449 8449 7408 6be7 6be7 7408 7c2a 8c8c 9d0f 9d50 9d30 848c 7409 73e8 73e8 73e8 73e8 73e8 73e8 7407 7c69 7c68 8469 8469 8449 8449 8469 7c68 7c68 7c68 8449 8449 8449 8449 8449 7c48 7c48 8469 7c28 7407 73e8 7408 7408 73e8 73e8 73e8 73e8 73e8 73e8 73e8 73e8 6be7 73e7 7408 73e7 7408 7c49 8469 8469 8449 8449 8449 8449 8449 8449 8449 8449 7c48 7c48 8469 8469 8469 8449 8469 7c49 6be7 73e8 73e8 7408 73e8 73e8 73e8 7408 7408 7408 7408 7408 73e8 73e8 73e8 73e8 6be7 7408 7c69 7c49 7c49 8449 8448 8469 7c68 7c68 7c68 7c68 7c49 7c49 7c49 7c49 7c48 7c48 8469 7c49 7408 73e8 73e8 73e8 6be7 73e8 73e7 73e8 73e8 73e8 73e8 73e8 6be7 6be7 73e8 73e8 73e9 846b adb1 848c 7c49 7c48 7c48 7c49 8469 7c68 7c49 8469 7c49 7c49 8449 8449 8449 8449 8449 8449 
7408 7408 7408 6be8 73e8 73e8 73e8 73e8 7408 7407 7c49 8469 8449 7c49 8448 8448 7c49 7c49 7c68 8469 8469 7c49 8449 7c4a 9d2e a570 844a 7c49 7c49 7408 73e7 7408 73e8 73e8 73e8 73e8 73e8 73e8 73e8 73e8 73e8 7408 73e8 73e8 7408 7408 7408 7c49 7c49 7c49 7c49 7c49 7c49 7c49 7c49 7c49 7c49 7c49 7c49 7c49 7c49 8469 7c49 7c49 7c68 7c28 7407 7407 7408 73e8 73e8 7408 73e8 73e8 73e8 73e8 73e8 73e8 73e8 73e8 73e8 73e8 73e8 7c29 7c49 7c49 7c49 7c49 7c49 7c49 7c49 7c49 7c49 7c49 8449 8449 7c49 7c49 8469 7c49 7c69 7c49 7408 73e8 73e8 73e8 73e8 73e8 73e8 73e8 73e8 73e8 73e8 73e8 73e8 73e8 73e8 73e8 73e8 7408 7c49 7c49 7c68 7c68 8448 8448 8449 8449 7c49 7c49 7c49 7c49 7c49 7c49 7c49 7c49 7c48 7c49 7c49 73e8 73e8 73e8 73e8 7408 73e8 73e8 73e8 73e8 73e8 73e8 73e8 73e8 7408 73e8 6be8 73e9 7c2b 8c8c 94ed a54f a551 a571 9d30 9d0f 94cd 8cac 8c8b 8c8b 848c ad91 94ee 846b 8c8b 8c8b 8ccc 94cd 94ef a531 a551 9d30 94ce 846c 7c0a 7409 6be8 73e8 73e8 73e8 73e7 7408 7407 7407 7408 7c49 7c68 7c69 8469 7c49 8449 8449 7c49 7c49 7c49 7c49 8449 8449 8449 8449 7c68 7c48 7c49 7c49 73e7 73e8 73e8 73e8 73e8 73e8 73e8 73e8 73e8 73e8 73e8 73e8 73e8 73e8 73e8 7408 73e7 7c28 8469 8469 8449 8449 8449 8449 8449 8449 8449 8449 8449 7c49 8449 7c49 8449 8449 8469 8469 7428 73e8 73e8 73e8 73e8 73e8 73e8 73e8 7408 7408 73e8 73e8 73e8 73e8 73e8 73e8 7408 7408 7c49 7c69 7c49 7c49 7c68 8469 7c49 7c49 7c49 7c49 7c49 7c49 7c49 7c49 7c68 7c68 7c49 7c49 7c49 7408 73e8 73e8 7408 7408 73e8 73e8 73e8 73e8 73e8 73e8 73e8 7408 73e8 73e8 73e8 73e9 8ccd a590 844a 7c49 7c49 8469 7c49 7c49 7c68 8469 7c49 7c49 7c49 7c49 7c49 7c49 7c49 7c49 
73e8 73e8 7408 73e8 73e8 73e8 73e8 73e8 7408 7c28 8469 7c49 8469 8469 7c49 8469 8449 8449 8448 8448 8449 8449 7c4a 8ccd adb1 846b 7c49 7c49 7428 7408 7408 73e8 73e8 73e8 73e8 73e8 73e8 73e8 73e8 73e8 7408 73e8 73e8 73e8 7408 73e8 7c49 7c49 7c49 7c49 7c49 7c49 7c49 7c49 7c49 7c49 7c49 8469 8469 7c49 7c49 8469 7c49 7c49 7c49 7407 7407 7407 73e8 73e8 73e8 7408 73e8 73e8 73e8 73e8 73e8 73e8 73e8 73e8 73e7 73e7 7408 7c49 7c49 8469 7c49 7c49 7c49 7c49 7c49 7c49 7c49 7c49 7c49 7c49 7c49 7c49 7c49 7c49 7c49 7c49 7408 7408 73e8 73e8 73e8 73e8 73e8 73e8 73e8 73e8 73e8 73e8 73e8 73e8 73e8 7408 73e8 7428 7c49 7c49 7c49 7c49 8449 8449 8449 8449 7c49 7c49 7c49 7c49 7c49 7c49 7c49 7c49 7c68 7c49 7c28 73e8 73e8 73e8 73e8 7408 73e8 73e8 73e8 73e8 73e8 73e8 7407 7407 7408 7408 73e8 7408 7c49 7c49 7c49 7c4a 8469 846a 8c8b 94ed 94ee 9d2f a550 a531 a532 b5b4 ad73 a531 a530 a550 9d0f 8cad 846b 7c09 7408 73e8 73e8 73e7 7407 7408 6be7 73e8 73e8 7408 7408 73e8 6be8 73e8 7408 7c49 7c49 7c49 8469 7c49 7c49 8469 7c49 7c49 7c49 7c49 8449 8449 7c68 7c68 7c68 7c48 7c49 7c49 7408 73e8 73e8 73e8 73e8 73e8 73e8 73e8 73e8 73e8 73e8 73e8 73e8 73e8 73e8 7408 73e7 7408 7c49 7c49 8449 8449 8449 8449 8449 8449 8449 8449 8449 8449 7c49 7c49 7c49 7c49 7c49 8469 7c49 73e8 73e8 73e8 73e8 73e8 6be8 7408 7408 7408 73e8 73e8 73e8 73e8 73e8 73e8 7408 73e8 7428 7c49 7c49 8449 8469 7c48 7c49 7c49 7c49 7c49 7c49 7c49 7c49 7c49 8469 7c68 7c49 7c49 8469 7c28 73e8 73e8 73e8 7408 73e8 73e8 73e8 73e8 73e8 73e8 73e8 6be7 7408 7408 73e8 73e9 73e9 9d2f 9d4f 7c4a 8469 7c48 7c49 7c49 7c48 7c48 7c49 7c49 7c49 7c49 8449 8449 8449 8449 
73e8 73e8 73e8 73e8 73e8 73e8 7408 73e8 7c28 7c49 7c49 7c49 7c49 8469 8469 7c49 7c49 8469 7c68 8469 7c49 844a 8c8c ad91 8cad 7c4a 7c69 7c28 7407 73e8 73e8 73e8 73e8 73e8 73e8 73e8 73e8 73e8 73e8 73e8 73e8 73e8 73e8 73e8 73e7 7c28 7c49 8449 7c49 7c49 7c49 7c49 7c49 7c49 7c49 7c49 7c49 8469 7c49 7c49 7c49 7c49 7c49 7c49 7428 7407 73e8 73e8 73e8 73e8 73e8 7408 73e8 73e8 73e8 73e8 73e8 73e8 73e8 73e8 7408 7407 7c28 7c49 7c49 7c49 7c49 7c49 7c49 7c49 7c49 7c49 7c49 7c49 7c49 7c49 7c49 7c49 7c68 7c49 7c69 7428 73e8 7408 73e8 73e8 73e8 73e8 73e8 73e8 73e8 73e8 73e8 73e8 73e8 73e8 73e8 7408 73e7 7c49 7c49 8449 7c49 7c49 8449 8449 8449 8449 7c49 7c49 7c49 7c49 7c49 7c49 7c49 7c49 7c68 7c49 7428 73e8 73e8 73e8 73e8 7408 7407 73e8 73e8 73e8 73e8 73e8 73e8 73e8 73e8 73e8 7408 73e7 7c48 7c49 7c49 7c49 8469 8469 7c49 7c49 7c49 7c49 7c49 7c4a 7c2b adb1 94cd 7c4a 7c4a 7c49 7c49 7408 7407 7408 7408 7407 73e7 7407 7407 6be7 7408 73e8 7408 73e8 73e8 73e8 73e8 73e8 7408 7c49 8469 7c49 7c49 8469 7c49 7c49 7c49 7c49 8449 8449 8449 8449 7c49 7c49 7c49 7c49 7c49 7c49 7408 73e8 7408 73e8 73e8 73e8 73e8 73e8 73e8 73e8 73e8 73e8 7407 7407 73e8 73e8 73e7 73e7 7c48 8469 8449 8449 8449 8449 8449 8449 8449 8449 7c49 7c49 7c49 7c49 8469 7c49 7c49 7c49 7c69 7408 73e8 73e8 73e8 73e8 73e8 73e8 7408 7408 73e8 73e8 73e8 73e8 73e8 73e8 7408 73e8 7408 7c49 8469 8469 8448 8448 7c49 7c49 7c49 7c49 7c49 7c49 7c49 7c49 8469 7c49 7c49 7c49 7c49 7c49 7408 73e8 73e8 73e8 73e8 73e8 7407 7407 73e7 7407 73e8 7408 7408 7408 73e8 73e8 6be8 7c2a ad90 94ce 844a 8469 7c49 8469 7c48 7c68 7c49 7c49 8449 8449 8449 8449 8449 8449 
73e8 73e8 6be8 6be8 7407 7407 7407 7428 7c49 7c49 8449 8449 8449 8449 7c49 7c49 8469 7c49 8469 7c49 846a 846b a570 9d0f 7c4a 8469 7c49 7408 73e7 7407 7407 73e8 73e8 73e8 73e8 73e8 73e8 73e8 73e8 73e8 73e8 73e8 73e8 7408 7408 7c49 8449 8449 7c49 7c49 7c49 7c49 7c49 7c49 7c49 7c49 7c49 7c49 7c49 7c49 7c49 7c49 7c49 7c49 7408 73e8 73e8 73e8 73e8 73e8 73e8 73e8 73e8 73e8 73e8 73e8 73e8 73e8 73e8 73e8 7408 7408 7c49 7c49 7c49 7c49 7c49 7c49 7c49 7c49 7c49 7c49 8449 8449 8449 8449 7c49 7c49 7c49 7c49 7c69 7408 73e8 73e8 73e8 73e8 73e8 73e8 73e8 73e8 73e8 73e8 73e8 73e8 73e8 73e8 73e8 73e8 7407 7c49 7c49 8449 7c49 7c49 7c49 7c49 7c49 7c49 7c49 7c49 7c49 7c49 7c49 7c49 7c49 7c49 8469 7c49 7428 73e8 73e8 73e8 73e8 73e8 7408 7408 73e8 73e8 73e8 73e8 73e8 73e8 73e8 73e8 7408 73e7 7c48 7c48 8448 8449 8469 8469 7c49 7c49 7c49 7c49 7c49 7c49 7c4b adb1 94ed 844a 7c49 7c49 7c49 7c28 6be8 73e9 6be8 7408 6be8 73e8 73e8 73e8 73e8 73e8 73e8 73e8 73e8 73e8 73e8 73e8 7408 7c28 8469 7c49 7c49 7c49 7c49 7c49 7c49 7c49 7c49 7c49 8449 8449 8449 8449 8469 8469 7c49 8469 7428 73e8 7408 73e8 73e8 73e8 73e8 73e8 73e8 73e8 73e8 73e8 73e8 73e8 73e8 73e8 73e8 73e8 7c28 8469 8449 8449 8449 8449 8449 8449 8449 8449 7c49 7c49 7c49 7c49 8449 8449 8449 8449 7c69 7c48 7407 7407 73e8 73e8 73e8 73e8 73e8 73e8 73e8 73e8 73e8 73e8 73e8 73e8 73e8 7408 7407 7428 8469 7c49 7c68 7c68 7c49 7c49 7c49 7c49 7c49 7c49 7c49 7c49 7c49 7c49 7c49 7c49 7c49 7c49 7c28 73e8 73e8 73e8 73e8 6be8 73e8 73e8 73e8 73e8 73e8 73e8 73e8 73e8 73e8 7408 73e8 73e9 848c adb1 8c8c 844a 7c49 8469 7c49 8469 7c49 7c49 7c49 7c49 7c68 7c68 7c49 7c49 
73e8 73e8 73e8 73e8 6c07 7407 7407 7c49 7c49 7c49 8449 7c49 8469 8469 7c49 8469 7c49 8469 7c49 7c4a 7c4a 9d2e a570 7c4a 7c49 7c49 7408 73e8 7407 73e7 73e8 73e8 7408 7408 73e8 73e8 73e8 73e8 73e8 73e8 73e8 73e8 7408 7408 7c49 7c49 8449 8449 7c49 7c49 7c49 7c49 7c49 7c49 7c49 7c49 7c49 7c49 7c49 7c49 7c49 7c49 7c49 7c28 73e7 73e8 73e8 73e8 7408 73e8 73e8 73e8 73e8 73e8 73e8 73e8 73e8 73e8 73e8 73e8 7407 7428 7c69 7c69 7c49 7c49 8449 8449 7c49 7c49 7c49 7c49 8449 8449 8449 8449 7c49 7c49 7c68 7c49 7c48 7408 7408 73e8 73e8 73e8 73e8 73e8 73e8 73e8 73e8 73e8 73e8 73e8 73e8 73e8 73e8 73e8 7408 7c49 7c49 8449 8449 8449 7c49 7c49 8449 8449 7c49 7c49 7c49 7c49 7c49 7c49 7c49 7c49 8469 7c49 7408 73e8 73e8 73e8 73e8 73e8 7408 7408 73e8 73e8 73e8 73e8 73e8 73e8 73e8 73e8 73e8 73e8 7c48 7c49 8449 8449 7c49 8449 8449 7c49 7c49 7c49 7c49 7c49 844b ad91 950e 7c4a 7c49 7c49 8469 7c28 7407 73e7 7407 73e7 7407 7408 73e8 73e8 73e8 7408 6be7 73e8 73e8 73e8 73e8 7408 7408 7428 7c49 7c49 7c49 7c49 7c49 7c49 7c49 7c49 7c49 7c49 7c49 7c49 8449 8449 7c49 7c49 7c49 7c49 7c49 73e8 73e8 73e8 73e8 73e8 73e8 73e8 73e8 73e8 73e8 73e8 73e8 73e8 73e8 73e8 73e7 73e7 7408 7c49 8449 8449 8449 8449 8449 8449 8449 8449 7c68 7c68 7c49 7c49 7c49 8449 8449 8449 7c69 7c69 7408 7407 73e8 73e8 73e8 73e8 73e8 73e8 73e8 73e8 73e8 73e8 73e8 73e8 73e8 7408 73e8 73e8 7c48 7c49 7c48 8469 7c49 7c49 7c49 7c49 7c49 7c49 7c49 7c49 7c49 7c49 7c49 7c49 7c49 7c49 7c49 7408 6be7 73e8 73e8 73e8 73e8 73e8 73e8 73e8 7407 73e8 73e8 7408 7408 7408 73e8 73e8 73e9 94ee a570 844b 7c49 8469 7c48 7c49 7c49 7c49 7c49 7c49 7c68 7c49 8449 8449 
73e8 73e8 7407 7408 6c07 7407 7c48 7c69 7c49 7c49 8449 7c49 8469 7c49 7c49 7c49 8469 7c49 7c49 7c4a 94cd ad91 848b 844a 7c49 7c28 73e7 73e8 7408 6be8 7408 7408 7408 7408 73e8 73e8 73e8 73e8 73e8 73e8 73e8 7408 73e7 7428 8469 7c49 8449 8449 7c49 7c49 7c49 7c49 7c49 7c49 7c49 7c49 7c49 7c49 7c49 7c49 7c49 7c49 7c48 7408 73e8 73e8 73e8 73e8 73e8 73e8 73e8 73e8 73e8 73e8 73e8 73e8 73e8 73e8 73e8 73e8 7407 7c48 7c69 7c69 7c49 7c49 8469 8469 7c49 7c49 7c49 7c49 7c49 7c49 8449 8449 7c49 7c49 7c48 7c49 7428 7407 7408 73e8 73e8 73e8 73e8 73e8 73e8 73e8 73e8 73e8 73e8 73e8 73e8 73e8 7408 6be7 7428 7c49 7c49 8449 8449 8449 7c49 7c49 8449 8449 7c49 7c49 7c49 7c49 7c49 7c49 7c49 7c49 7c68 7c49 7407 73e8 73e8 73e8 73e8 73e8 7408 7408 73e8 73e8 73e8 73e8 73e8 73e8 7408 73e8 73e8 7408 7c48 7c49 8448 8448 8448 8448 8448 8448 7c68 7c68 7c49 7c49 842b ad91 9d0e 7c4a 7c49 8469 7c49 7c28 7407 73e8 73e8 73e8 73e8 73e8 7407 73e8 73e8 7408 73e8 73e8 73e8 73e8 7408 7407 7408 7408 8449 8449 8469 8469 7c49 7c49 8449 8449 8449 8449 7c49 7c49 7c49 7c49 7c49 7c49 7c49 7c49 7c49 7408 73e8 7408 73e8 73e8 73e8 73e8 73e8 73e8 73e8 73e8 7407 7407 73e8 73e8 73e7 7408 73e7 7c48 8449 8449 8449 8449 8449 8449 8449 8449 7c49 8469 7c68 7c68 7c49 7c49 7c49 7c49 7c69 7c69 7428 73e8 73e8 73e8 73e8 73e8 7408 7408 73e8 73e8 7408 7408 73e8 73e8 73e8 73e8 73e8 73e8 7408 8469 7c48 8469 7c49 7c49 7c49 7c49 7c49 7c49 7c49 7c49 7c49 7c49 7c49 7c49 7c49 7c49 8469 7c49 7408 73e8 73e8 7408 73e8 73e8 73e8 73e8 73e8 73e8 7408 73e8 7408 73e8 73e8 73e8 73e8 73e9 a54f 9d4f 844a 8449 7c49 7c48 7c49 7c49 8449 8449 8449 8449 8449 8449 
7408 73e8 73e8 73e8 7407 7c48 7c48 7c48 8469 8469 7c49 7c49 7c68 7c68 7c68 7c48 8469 8469 7c49 8c8c adb2 8cae 7c4a 7c49 7c48 7407 7407 7407 73e8 73e8 6c08 7407 73e8 73e8 73e8 73e8 73e8 73e8 73e8 73e8 7408 73e8 7408 7c69 7c69 7c69 7c68 7c48 7c49 7c49 7c49 7c49 7c49 7c49 7c49 7c49 8469 7c49 7c49 8469 7c49 7c49 7408 73e7 73e8 7408 73e8 73e8 73e8 73e8 73e8 73e8 73e8 73e8 73e8 73e8 73e8 73e8 73e8 73e8 7428 7c69 7c49 8469 7c49 7c49 8469 7c49 7c49 7c49 7c49 7c49 7c68 7c68 7c68 7c49 8469 8449 7c49 8449 7408 73e7 73e8 73e8 73e8 73e8 7407 7407 7408 7408 7407 73e8 7408 73e8 73e8 73e8 7408 73e7 7c48 7c69 7c49 8449 7c49 7c49 7c69 7c69 7c69 7c69 7c49 7c49 7c49 7c49 7c49 7c49 7c49 7c49 8469 7c49 7407 73e8 73e8 73e8 73e8 73e8 73e8 73e8 73e8 73e8 73e8 73e8 73e8 73e8 7407 7407 73e7 7408 7c49 8469 7c48 7c68 8469 8469 8449 8449 8469 8469 7c49 7c49 844b ad91 9d2f 844a 7c69 7c69 7c49 7c28 7408 73e8 7408 7408 7408 7408 7408 6be8 7408 73e8 73e8 73e8 7408 7408 7407 73e7 7408 7c08 8449 8449 8469 7c68 7c49 7c49 7c49 8449 8449 8449 7c68 7c68 7c68 7c68 8469 8469 7c49 8469 7c69 7408 73e8 73e8 73e8 73e8 73e8 73e8 73e8 73e8 73e8 73e8 73e8 73e8 73e8 6be8 73e8 73e8 73e7 7c28 8449 8449 8449 8449 8448 8448 8448 8449 8469 8449 7c49 7c49 7c49 8449 7c49 8469 7c69 7c69 7c48 7408 7407 73e8 6be7 6be8 73e8 73e8 73e8 73e8 73e8 73e8 73e8 73e8 7408 73e8 73e8 73e8 7407 7c48 8469 7c49 7c49 7c49 7c49 7c49 7c49 7c49 7c49 7c49 8469 8469 8469 8469 7c48 7c68 7c68 7c49 7c49 7408 6be8 73e8 73e8 73e8 73e8 73e8 7408 7408 73e8 73e8 7407 7407 73e8 73e8 73e8 73e9 7c0a ad91 94ee 7c4a 8469 7c48 7c68 7c49 7c68 7c68 7c68 7c68 7c68 7c68 
73e7 73e7 7408 7408 7c28 8449 8469 8469 7c48 7c48 7c49 7c49 8449 8449 8449 8469 7c48 7c49 846a a570 9d2e 7c4a 7c49 7c49 73e8 73e8 73e8 73e8 73e8 73e8 73e8 73e8 6be7 6be7 6be8 6be8 73e8 73e8 7408 73e8 73e7 73e7 7c28 8469 8449 8449 8449 8449 7c68 7c68 7c49 7c49 8449 8449 8449 8449 7c48 7c48 8469 8469 8469 7c49 73e8 73e8 73e8 73e8 73e8 73e8 73e8 73e8 73e8 73e8 6be7 6be7 7408 7408 73e8 73e8 73e8 7408 7c48 7c48 7c69 8469 7c49 8449 8449 8449 7c68 7c68 7c49 7c49 8449 8449 8449 8449 7c48 7c48 7c69 7c28 73e8 73e8 7408 7408 7408 7408 73e8 73e8 73e8 73e8 73e8 73e8 6be7 6be7 7408 7407 7407 7407 7c49 8469 8449 8449 8449 8449 8449 8449 8449 8449 7c49 7c49 7c49 7c49 7c49 7c49 7c49 7c49 7c49 7c28 73e8 73e8 73e8 7408 7408 7408 7408 7408 73e8 73e8 73e8 73e8 73e8 73e8 6be7 6be7 73e8 7408 8469 7c49 8469 8469 7c68 7c68 7c68 7c68 7c49 8449 8449 8449 7c2a a570 a54f 844a 8449 8469 8449 7c29 73e8 7408 7408 7408 7408 7408 73e8 73e8 73e8 73e8 73e8 73e8 73e8 73e8 73e8 73e8 6be7 6c08 7c68 7c69 7c49 8449 8449 8449 7c49 7c49 7c49 8449 8449 8449 8449 8449 7c49 7c48 7c68 7c68 7c49 7c28 7408 7408 73e8 73e8 73e8 73e8 73e8 73e8 73e8 73e8 73e7 6be7 7408 73e8 73e8 7408 73e8 7408 7c49 7c49 8469 8469 8449 7c49 8449 8449 7c68 7c68 7c68 7c68 7c49 8449 8449 8449 7c49 7c49 8469 7408 73e8 73e8 73e8 73e8 73e8 73e8 73e8 73e8 73e8 73e8 73e8 73e8 6be7 6be8 73e8 73e8 73e7 7428 7c69 7c69 7c48 7c48 7c49 8469 7c49 7c49 8469 8469 7c49 7c49 7c49 7c49 7c49 7c49 7c49 7c49 7c48 7407 7407 7407 7408 73e8 73e8 73e8 73e8 73e8 73e8 73e8 73e8 73e8 73e8 73e8 6be7 6be7 7408 846b adb1 8c8d 846a 8469 7c48 7c48 8449 8449 8449 8449 8469 8449 
7408 7408 7408 7c28 7c49 7c49 7c48 8469 7c68 7c49 8469 7c49 7c49 8449 8469 8449 8449 846a 9d2f a570 844a 844a 7c49 7408 73e8 73e8 73e8 73e8 73e8 73e8 73e8 73e8 7408 7408 7408 7408 73e8 73e8 73e8 73e8 73e7 7408 7c48 7c68 7c48 8469 8449 8449 8448 8448 8449 8449 7c49 7c49 7c49 7c49 7c49 7c49 8469 7c49 7c69 7408 6be7 6be8 73e8 73e8 73e8 73e8 73e8 73e8 73e8 73e8 73e8 6be7 73e8 73e8 73e8 73e8 73e8 7c28 8469 7c49 7c68 7c48 7c49 7c49 8449 8449 7c49 7c49 7c49 7c49 8449 8449 8449 8449 7c49 7c49 7c69 7428 73e8 73e8 7408 7408 73e8 73e8 73e8 73e8 73e8 73e8 73e8 73e8 73e8 73e8 73e8 73e8 73e7 7408 7c49 7c49 7c49 7c49 7c49 7c49 7c49 7c49 7c49 7c49 7c49 7c49 7c49 7c49 7c49 7c49 7c49 7c49 7c49 7c28 7408 7408 73e8 73e8 73e8 73e8 7408 7408 73e8 73e8 73e8 73e8 73e8 73e8 73e8 73e8 73e8 7408 8469 7c49 7c49 7c49 7c49 7c49 7c49 7c49 8449 8449 8449 8449 7c4a a570 a54f 7c4a 8449 8469 8469 7c49 73e8 73e8 73e8 73e8 73e8 73e8 73e8 73e8 73e8 73e8 73e8 73e8 73e8 73e8 73e8 73e8 73e8 7408 7c48 7c49 7c49 8449 8449 8449 7c49 7c49 7c49 7c49 8449 8449 8449 8449 7c49 7c49 8448 8448 8449 7c28 7408 7408 73e8 73e8 73e8 73e8 73e8 73e8 73e8 73e8 73e8 73e8 73e8 73e8 73e8 7408 73e8 73e8 7c49 7c49 8449 8449 8449 8449 7c49 8449 7c49 7c49 7c69 7c49 7c49 8449 8449 8449 8469 7c49 8469 7c28 73e7 73e8 73e8 73e8 73e8 73e8 73e8 73e8 73e8 73e8 73e8 73e8 73e8 73e8 73e8 73e8 7408 7408 7c28 7c69 7c49 7c49 7c49 7c49 7c49 7c49 7c49 7c49 7c49 7c49 7c49 7c49 7c49 7c49 7c49 7c49 8449 7c29 7408 73e8 73e8 73e8 73e8 73e8 73e8 73e8 73e8 73e8 73e8 73e8 7408 7408 7408 7408 73e8 73e9 94ee ad91 846b 7c49 7c49 7c49 7c68 7c49 8469 8469 7c49 8469 
73e8 7408 7408 8469 7c68 8469 8448 8469 7c49 7c49 7c49 7c49 8448 8468 7c48 7c49 844a 94cd adb1 8c6c 7c49 8449 7408 7408 73e8 73e8 73e8 73e8 73e8 73e8 73e8 73e8 73e8 73e8 73e8 73e8 73e8 73e8 73e8 73e8 7407 7c49 7c49 7c49 8449 7c49 8469 7c49 8449 8449 8449 8449 7c68 7c68 7c68 7c68 7c49 7c49 7c49 7c49 7c49 7408 7408 7408 73e8 73e8 73e8 73e8 73e8 73e8 73e8 73e8 7408 73e8 73e8 73e8 73e8 7408 73e8 7c49 8469 7c49 7c49 7c49 7c49 7c49 7c49 7c49 7c49 7c49 7c49 7c49 8449 8449 8449 8449 7c49 7c49 7c49 7408 73e8 73e8 73e8 73e8 73e8 73e8 73e8 73e8 73e8 73e8 73e8 73e8 73e8 73e8 73e8 73e8 73e7 7c28 8469 7c49 7c49 7c49 7c49 7c49 7c49 7c49 8449 8449 7c49 7c49 7c49 7c49 7c49 7c49 7c49 7c49 7c49 7c28 7408 7408 73e8 73e8 73e8 73e8 7408 7408 73e8 73e8 73e8 73e8 73e8 73e8 73e8 73e8 73e8 7408 7c49 7c49 7c49 7c49 7c49 7c49 7c49 7c49 8449 8449 8449 8449 7c4a a570 a570 7c4a 7c49 8469 8469 7c28 7407 73e8 73e8 73e8 73e8 73e8 73e8 73e8 73e8 73e8 73e8 73e8 73e8 73e8 73e8 73e8 73e8 73e8 7c49 7c69 7c49 7c49 8449 8449 7c49 7c49 8449 8449 8449 8449 7c68 7c68 7c49 7c49 7c48 8448 7c49 7c48 7408 7408 73e8 73e8 73e8 73e8 73e8 73e8 73e8 73e8 73e8 73e8 73e8 73e8 73e8 73e8 73e8 73e8 7c28 7c49 7c49 8469 8449 8469 7c49 7c49 7c49 7c49 7c49 7c49 8449 8449 7c49 7c49 7c49 7c49 7c49 7c49 7428 7408 7408 73e8 73e8 73e8 73e8 73e8 73e8 73e8 73e8 73e8 73e8 73e8 73e8 73e8 7408 73e8 7408 7c69 7c49 7c49 7c49 7c49 7c49 7c49 7c49 7c49 7c49 7c49 7c49 7c49 7c49 7c49 7c49 7c49 8448 8449 7c28 73e7 73e8 73e8 73e8 73e8 73e8 73e8 73e8 73e8 73e8 73e8 73e8 73e8 73e8 73e8 6be8 73e9 7409 a54f 9d4f 7c4b 7c49 7c49 8469 8469 7c49 7c49 8469 7c49 
73e7 7408 7c49 7c49 8469 7c68 7c49 8469 7c49 7c49 7c49 7c68 7c68 7c48 8469 7c4a 8c8c adb2 8cad 7c4a 8469 7c28 7408 73e8 73e8 73e8 73e8 73e8 73e8 73e8 73e8 73e8 7408 73e8 73e8 73e8 73e8 73e8 7407 73e7 7c28 8469 7c49 7c49 8469 7c49 7c49 7c49 8449 8449 8449 8449 7c49 7c49 7c49 7c49 7c49 7c49 7c49 7c49 7428 73e7 7408 7408 73e8 73e8 73e8 73e8 73e8 73e8 73e8 73e8 73e8 73e8 73e8 73e8 7408 73e8 7408 7c49 7c49 7c49 7c49 7c49 7c49 7c49 7c49 7c49 7c49 7c49 7c49 7c49 7c49 7c49 7c49 7c49 7c49 8469 7c48 7407 73e8 73e8 7407 73e8 73e8 73e8 73e8 73e8 73e8 73e8 73e8 73e8 6be8 7408 73e8 73e8 7408 7c28 8469 7c49 7c49 7c49 7c49 7c49 8449 8449 8449 8449 7c49 7c49 7c49 7c49 7c49 7c49 7c49 7c49 7c49 7408 73e8 73e8 73e8 73e8 73e8 73e8 7408 7408 73e8 73e8 73e8 73e8 73e8 73e8 7408 73e8 73e8 7408 7c49 7c49 7c68 7c68 7c49 7c49 7c49 7c49 8449 8449 8449 8449 7c2a a54f a570 844a 8449 8469 8469 7c28 73e8 73e8 73e8 73e8 73e8 73e8 73e8 73e8 73e8 73e8 73e8 73e8 73e8 73e8 73e8 73e8 73e8 73e8 7c48 7c69 7c49 7c49 8449 8449 8449 8449 8449 8449 8449 8449 8449 8449 7c49 7c49 7c48 7c68 7c49 7c49 7408 73e7 73e8 73e8 73e8 73e8 73e8 73e8 73e8 73e8 73e8 7408 73e8 73e8 73e8 6be7 73e8 73e8 7408 7c49 7c49 8469 7c49 7c49 7c49 7c49 8448 8448 7c49 7c49 8449 8449 7c49 7c49 7c49 7c49 7c49 7c49 7c49 7408 7408 73e8 73e8 73e8 73e8 73e8 73e8 73e8 73e8 73e8 73e8 73e8 73e8 73e8 73e8 73e8 7408 7c48 8469 7c49 7c49 7c49 7c49 7c49 7c49 7c49 7c49 7c49 7c49 7c49 7c49 7c49 7c49 7c49 7c49 7c49 7c49 7408 73e8 7408 73e8 73e8 73e8 73e8 73e8 73e8 73e8 73e8 73e8 73e8 7408 73e8 7408 73e8 7409 7c2a adb1 94ee 844a 7c49 7c48 7c68 7c68 7c49 7c49 7c49 
7408 7c49 7c49 7c49 8469 7c68 7c49 7c49 7c49 7c49 8469 7c49 7c68 7c49 7c49 846b ad91 9d0f 844a 7c49 7c49 7407 7407 73e8 7407 7407 73e8 73e8 73e8 73e8 73e8 73e8 7408 73e8 73e8 73e8 73e8 7408 6be7 7408 7c49 7c49 8449 8449 8449 8449 7c49 8449 7c49 7c49 7c49 7c49 8449 8449 8449 8449 8469 8469 7c49 7c28 7407 73e8 73e8 73e8 73e8 73e8 73e8 73e8 73e8 73e8 73e8 73e8 73e8 73e8 73e8 73e8 7407 73e7 7c28 7c49 7c49 8469 8469 7c49 7c49 7c49 7c49 7c49 7c49 7c49 7c49 7c49 7c49 7c49 7c49 7c49 7c49 8469 7408 73e8 73e8 73e8 73e8 73e8 73e8 73e8 73e8 73e8 73e8 73e8 73e8 73e8 73e8 73e8 73e8 73e8 7408 7c49 7c49 7c49 7c49 7c49 7c49 7c49 7c49 7c49 7c49 7c49 7c49 7c49 7c49 7c49 7c49 7c49 7c49 7c49 7c49 7408 73e8 73e8 73e8 73e8 73e8 73e8 7408 7408 73e8 73e8 73e8 73e8 73e8 73e8 7408 73e8 73e8 7408 7c49 7c49 7c68 7c48 7c49 7c49 8449 8449 8449 8449 8449 8449 844a 9d2f a570 844b 7c49 7c49 7c49 7c49 73e8 73e8 73e8 73e8 73e8 73e8 73e8 73e8 73e8 73e8 73e8 73e8 73e8 73e8 73e8 73e8 73e8 6be7 7c28 7c49 8449 8449 8449 8449 7c49 7c49 7c49 7c49 7c49 7c49 8449 8449 7c49 7c49 8448 8448 8469 8449 7c28 73e7 73e8 73e8 73e8 73e8 73e8 73e8 73e8 73e8 73e8 7408 73e8 73e8 73e8 73e8 73e8 73e8 7408 7c49 7c49 7c49 7c49 7c49 7c68 7c68 8449 8449 7c49 7c49 7c49 7c49 7c49 7c49 7c49 7c49 8469 7c49 7c69 7408 73e7 73e8 73e8 73e8 73e8 73e8 73e8 73e8 73e8 73e8 73e8 73e8 7408 73e8 73e8 73e8 7408 7408 7c49 7c49 7c49 8469 8469 7c49 7c49 7c49 7c49 7c49 7c49 7c49 7c49 7c49 7c49 7c49 8469 7c49 7c49 7c49 7408 73e8 7408 73e8 73e8 73e8 73e8 73e8 73e8 73e8 7407 73e8 73e8 73e8 7408 73e8 73e8 73e9 846c adb1 8cac 7c4a 7c49 7c49 7c69 7c69 7c69 7c69 
7c48 8469 8449 8449 7c49 7c49 7c49 7c49 7c49 7c49 8469 7c49 8469 7c49 7c4a a54f a570 844b 7c49 7c49 7408 7408 73e7 7407 7407 7407 73e8 73e8 73e8 73e8 73e8 73e8 73e8 73e8 73e8 73e8 73e8 73e8 7408 7c49 7c49 7c49 8449 8469 8449 8449 8449 7c49 7c69 7c69 7c49 7c49 8449 8449 8449 8449 8469 8469 7c49 7408 73e8 73e8 73e8 73e8 73e8 73e8 73e8 73e8 73e8 73e8 73e8 73e8 73e8 7408 73e8 73e8 73e7 7408 7c49 7c49 7c49 8449 8469 8449 7c49 7c49 7c49 7c49 8449 8449 7c49 7c49 7c49 7c49 7c49 7c49 8449 7c49 7408 73e8 73e8 73e8 7407 6be8 73e8 73e8 73e8 73e8 73e8 73e8 73e8 73e8 73e8 73e8 7408 73e8 7408 7c49 7c49 7c49 7c49 7c49 7c49 7c49 7c49 7c49 8449 8449 7c49 7c49 7c49 7c49 7c49 7c49 7c49 7c49 7c49 7408 73e8 73e8 73e8 73e8 73e8 73e8 7408 7408 73e8 73e8 73e8 73e8 73e8 73e8 7408 73e8 73e8 7408 7c49 7c49 7c49 7c49 7c68 7c68 7c49 7c49 7c49 7c49 7c49 7c49 844a 9d2e a570 844b 7c49 7c49 7c49 7c49 73e8 73e8 73e8 73e8 73e8 73e8 73e8 73e8 73e8 73e8 73e8 73e8 73e8 73e8 73e8 73e8 7408 6be7 7428 7c49 7c49 7c49 8449 8449 8449 8449 7c49 7c49 7c49 7c49 8449 8449 7c49 7c49 7c68 7c68 8469 7c49 7c28 73e7 73e8 73e8 73e8 73e8 73e8 73e8 73e8 73e8 73e8 7408 73e8 73e8 73e8 73e8 73e8 73e8 73e8 7c28 8469 7c49 7c49 7c49 7c48 8469 8449 8449 7c49 7c49 7c49 7c49 7c49 7c49 7c48 8448 8449 7c49 7c69 7c48 7407 7408 73e8 73e8 73e8 73e8 73e8 73e8 73e8 73e8 73e8 73e8 73e8 73e8 73e8 73e8 73e8 73e8 7c28 7c49 8469 7c49 8469 7c49 7c49 7c49 7c49 7c49 7c49 7c49 7c49 7c49 7c49 7c49 8469 7c49 7c49 7c69 7c28 73e8 73e8 73e8 73e8 73e8 73e8 73e8 73e8 73e8 73e8 73e8 73e8 73e8 73e8 73e8 73e8 73e9 73c9 94ee adb0 846b 844a 7c49 7c49 7c49 7c49 7c49 
8448 8469 8449 8449 7c49 7c49 7c49 7c49 7c49 8449 7c49 7c49 7c49 7c4a 94ce adb1 848b 7c4a 7c49 7c28 73e8 73e8 7408 7407 7407 7407 73e8 73e8 73e8 73e8 73e8 73e8 73e8 7408 73e8 73e8 7407 73e7 7448 7c69 7c49 8449 8469 8449 7c49 7c49 7c49 7c49 7c49 7c49 7c49 7c49 8449 8449 7c49 7c49 8469 8469 7c28 7408 73e8 73e8 73e8 73e8 7408 7408 73e8 73e8 7407 7407 73e8 73e8 7408 73e8 73e8 73e8 73e7 7c28 7c49 8449 7c49 7c49 8449 8449 8469 8469 8469 7c49 8449 8449 7c49 7c49 7c68 7c68 7c49 7c49 8449 7c28 73e7 7408 73e8 73e8 6be7 73e8 73e8 73e8 73e8 73e8 73e8 73e8 7408 7408 73e8 73e8 7408 73e8 7c28 7c49 7c49 7c49 7c49 7c49 7c49 7c49 8449 8449 8449 8449 7c49 7c49 7c49 7c49 7c49 7c49 7c49 7c49 7c49 7408 73e8 73e8 73e8 73e8 73e8 73e8 7408 7408 73e8 73e8 73e8 73e8 73e8 73e8 73e8 73e8 73e8 7408 7c49 7c49 8469 8469 7c49 7c49 8449 8449 7c68 7c68 7c49 7c49 844a 9d0e a570 844b 7c49 8469 8469 7c49 73e8 73e8 73e8 73e8 73e8 73e8 73e8 73e8 73e8 73e8 73e8 73e8 73e8 73e8 73e8 73e8 73e8 6be7 7408 7c49 7c49 7c49 7c49 7c49 8449 8449 8449 8449 7c49 7c49 8449 8449 7c49 7c49 7c68 7c48 8469 7c49 7c49 7408 73e8 73e8 73e8 73e8 73e8 73e8 73e8 73e8 73e8 73e8 73e8 73e8 73e8 73e8 73e8 73e8 73e8 7408 7c49 7c49 7c49 7c49 7c68 8469 8448 8448 8449 8449 7c49 7c49 7c49 7c49 8448 8469 8449 7c49 7c69 7c69 7408 7408 73e8 73e8 73e8 73e8 73e8 73e8 73e8 73e8 73e8 73e8 73e8 73e8 73e8 73e8 73e8 7408 7407 7c48 8469 7c49 7c49 8469 7c49 7c49 7c49 7c49 7c49 7c49 7c49 7c49 7c49 7c49 7c49 7c49 7c69 7c69 7c69 7428 73e8 73e8 73e8 73e8 73e8 73e8 73e8 73e8 73e8 73e8 6be8 7408 7408 7408 7408 6be8 7408 7409 a550 a550 7c2a 844a 8449 7c48 8469 7c68 
8469 8469 8449 7c49 7c49 7c49 7c49 7c49 8469 8469 8449 8449 7c4a 8cac adb1 8cad 844a 8469 7c29 73e8 7407 7407 7408 6be8 73e8 7407 73e8 73e8 7408 7408 7408 73e8 7408 73e8 73e8 73e8 73e7 7408 7c48 7c49 8469 8469 8469 7c49 7c69 7c69 7c49 7c49 8449 8449 8449 8449 7c49 7c49 7c49 7c49 8469 7c49 7408 73e8 73e8 73e8 6be7 6be7 73e8 73e8 73e8 73e8 73e8 73e8 73e8 73e8 7408 73e8 73e8 73e8 7407 7c49 7c48 7c49 8469 8449 8449 8449 7c49 7c49 7c68 8469 8449 8449 8449 8449 7c68 7c68 7c68 7c49 8449 7c08 73e8 73e8 73e8 73e8 6be7 73e8 73e8 73e8 73e8 73e8 7407 7407 7407 73e8 73e8 73e8 73e8 73e8 7c29 8449 7c49 7c48 7c49 7c49 7c68 7c68 7c68 7c68 7c68 7c68 7c49 7c49 7c49 7c49 7c49 7c49 7c49 7c49 7c49 7408 7408 73e8 73e8 73e8 73e8 73e8 7408 7408 73e8 73e8 73e8 73e8 73e8 73e8 73e8 73e8 7408 7408 7c49 7c49 7c49 7c49 8449 8449 8449 8449 8449 8449 7c49 7c49 844a 9d0e a570 844b 7c49 7c69 7c69 7c48 73e7 73e8 73e8 73e8 73e8 73e8 73e8 73e8 73e8 73e8 7408 7408 7408 7408 7408 73e8 73e8 73e8 7408 7c49 7c49 7c49 7c49 7c49 8449 8449 8449 8449 7c68 7c68 7c68 7c68 7c68 8449 7c48 7c48 8449 7c49 8469 7408 73e8 73e8 7408 7408 7408 7408 7408 73e8 73e8 73e8 73e8 73e8 73e8 73e8 73e8 73e8 7408 7408 7c48 7c49 7c68 7c68 8468 7c68 8449 8449 8449 8449 7c49 7c49 7c49 7c49 8469 8469 8448 8469 7c68 7c69 7428 7407 73e8 73e8 73e8 73e8 73e8 73e8 73e8 73e8 7408 7408 73e8 73e8 73e8 6be7 73e8 73e8 73e7 7c28 7c49 7c49 7c49 7c49 7c49 7c49 7c49 7c49 7c49 7c49 7c49 7c49 7c49 7c49 8469 8469 8469 8469 7c69 7c48 73e8 73e8 73e8 73e8 73e8 73e8 73e8 73e8 7408 7408 7408 7408 7408 7408 7408 73e8 7407 73e8 7c2b adb1 94ed 844a 7c49 7c68 7c48 7c68 
7c68 7c68 7c68 7c68 7c68 7c68 8449 8449 7c49 7c49 7c49 7c4a 844b ad71 9d0e 844b 7c49 7c29 7408 73e8 73e8 7408 7408 7408 73e8 73e8 73e8 73e8 73e8 73e8 73e8 73e8 6be7 6be7 7407 7407 7408 7c49 8469 8469 7c68 7c68 8449 8449 7c49 7c49 8449 8449 7c49 7c48 7c49 8469 8469 8449 8469 7c49 7c49 7408 73e8 7408 7408 73e8 7408 7408 7408 7408 73e8 73e8 7408 7408 73e8 73e8 73e8 73e8 73e8 73e7 7c28 8449 8469 8469 7c49 7c49 7c49 7c49 7c49 7c49 7c49 7c49 7c48 7c49 7c49 7c49 7c49 7c49 8469 8469 7c49 7408 6be8 7408 73e8 7408 73e8 7408 7408 7408 73e8 73e8 73e8 73e8 73e8 73e8 6be7 6be8 6be7 7408 7c69 7c49 8469 8469 8449 8449 8449 8449 8449 8449 8449 8449 7c49 7c49 8469 8469 8449 8469 7c49 7c49 7428 6be7 73e8 7408 73e8 73e8 7408 7408 7408 7408 73e8 73e8 73e8 73e8 73e8 73e8 6be7 6be7 73e8 7c29 7c49 7c49 8469 7c49 7c68 7c68 7c68 7c68 7c49 7c49 8449 8449 7c49 94ed ad90 844b 8449 8469 8469 7c49 6be7 6be7 7408 7408 73e8 73e8 7408 7408 7408 7408 73e8 73e8 73e8 73e8 73e8 73e8 73e7 73e7 7407 7c49 7c49 7c49 8449 8449 7c68 7c68 7c49 7c49 7c49 7c49 8449 8449 7c48 7c48 8469 8469 8449 8449 8469 7c28 6be7 6be8 73e8 73e8 73e8 73e8 73e8 73e8 7408 7408 73e8 73e8 73e8 73e8 73e8 73e8 73e8 6be7 7428 7c49 8469 7c49 8469 8469 7c49 7c49 7c49 7c49 7c49 7c49 7c49 7c49 7c48 7c49 7c49 8469 7c49 8469 7c49 7407 6be7 6be7 7407 7408 73e8 73e8 73e8 73e8 73e8 73e8 73e8 73e8 73e8 73e8 73e8 73e8 6be7 6be7 7c48 7c68 7c68 7c68 8469 8449 7c49 7c49 7c49 7c49 8449 8449 8449 8449 7c48 7c48 7c68 7c68 8449 8449 7c28 73e8 6be7 6be8 73e8 73e8 73e8 73e8 73e8 73e8 7407 7407 7407 7408 73e8 73e8 73e8 73e8 6bc9 846c adb1 8cac 844a 844a 8449 846a 
7c49 7c49 7c49 7c49 8448 8448 8448 8448 7c48 7c68 7c49 844a 9d2f a570 844a 7c4a 7c49 7408 73e8 73e8 73e8 73e8 73e8 7408 73e8 73e8 73e8 73e8 73e8 73e8 73e8 73e8 73e8 7408 73e7 7407 7c28 7c49 8469 7c49 7c49 7c49 8448 8448 7c49 7c49 8449 8449 7c49 7c49 7c49 7c49 8449 8449 7c49 7c49 7c49 7408 73e8 7408 73e8 73e8 73e8 73e8 7408 7408 73e8 73e8 73e8 73e8 73e8 73e8 73e8 7408 73e8 7408 7c49 8449 7c49 7c48 7c49 7c49 7c49 7c49 7c49 7c49 7c49 7c49 7c49 7c49 7c49 7c49 7c49 7c49 7c49 7c49 7c48 7408 7408 7408 73e8 73e8 73e8 73e8 73e8 73e8 73e8 73e8 73e8 73e8 73e8 73e8 73e8 73e8 73e7 7408 7c49 8449 7c68 7c68 7c49 7c49 7c49 7c49 7c49 7c49 8449 8449 7c49 7c49 7c49 7c49 8449 8449 7c49 7c49 7428 73e8 73e8 7408 73e8 73e8 7408 73e8 7408 7408 73e8 73e8 73e8 73e8 73e8 73e8 73e8 73e8 73e8 7c29 7c49 7c49 7c49 7c49 7c49 7c49 7c49 7c49 8449 8449 8449 8449 7c49 94ed ad90 844b 7c49 7c49 8469 7c49 73e8 73e8 73e8 73e8 73e8 73e8 73e8 73e8 7408 7408 73e8 73e8 73e8 73e8 73e8 73e8 7408 73e8 7407 7c49 7c49 7c49 8449 8449 7c68 7c68 7c49 7c49 7c49 7c49 8449 8449 7c48 7c49 7c49 8469 8449 8449 8469 7c28 73e7 73e8 7408 73e8 73e8 73e8 73e8 73e8 73e8 73e8 73e8 73e8 73e8 73e8 73e8 73e8 7408 73e8 7408 7c49 7c49 7c49 7c49 7c49 7c49 7c49 7c49 7c49 7c49 7c49 7c49 7c49 7c49 7c49 7c49 8469 7c49 7c49 7c49 7408 6be7 73e8 73e8 73e8 73e8 73e8 73e8 73e8 73e8 73e8 73e8 73e8 73e8 73e8 73e8 73e8 7408 7408 7428 7c69 7c49 8449 8449 7c49 7c49 7c49 7c49 7c49 8449 8449 8448 8448 7c49 7c49 7c49 7c49 8449 8469 7c49 7408 6be7 7408 7408 73e8 73e8 73e8 73e8 73e8 7408 7408 73e8 73e8 73e8 73e8 73e8 73e8 73e8 73e9 94ee adb1 846a 8469 8449 8448 
7c68 7c68 7c68 7c68 7c68 7c68 8468 8468 8468 7c48 844a 94ee adb1 846c 844a 8449 7428 73e8 6be7 73e8 73e8 73e8 73e8 73e8 73e8 73e8 73e8 73e8 73e8 73e8 73e8 73e8 73e8 73e8 7408 7408 7c49 7c49 8469 7c49 7c49 7c49 8449 8449 7c49 7c49 8449 8449 7c49 7c49 7c49 7c49 7c49 8469 7c49 7c49 7428 7408 73e8 73e8 73e8 73e8 73e8 73e8 7408 7408 73e8 73e8 73e8 73e8 73e8 73e8 73e8 7408 73e8 7408 7c49 7c49 8469 7c49 7c49 7c49 7c49 7c49 7c49 7c49 7c49 7c49 7c49 8469 7c49 7c49 7c49 7c49 7c49 7c49 7428 73e8 73e8 73e8 73e8 7408 73e8 73e8 73e8 73e8 73e8 73e8 73e8 73e8 73e8 73e8 73e8 73e8 73e7 7c28 7c49 8449 7c68 7c68 7c49 7c49 7c49 7c49 7c49 7c49 8449 8449 8469 8469 7c49 7c49 7c49 8449 7c49 7c49 7408 73e8 73e8 73e8 73e8 73e8 73e8 73e8 7408 7408 73e8 73e8 73e8 73e8 73e8 73e8 73e8 73e8 73e8 7428 7c49 7c49 7c49 7c49 7c49 7c49 7c49 7c49 7c49 7c49 8449 8449 7c4a 94ed ad91 846c 8449 7c49 8449 8449 7408 73e8 73e8 73e8 73e8 73e8 73e8 73e8 73e8 73e8 73e8 73e8 73e8 73e8 73e8 73e8 73e8 73e8 73e7 7c48 7c49 7c49 8449 8449 7c49 7c49 7c49 7c49 7c49 7c49 8448 8448 7c49 7c49 7c49 7c49 7c49 7c49 8469 7c49 7407 73e8 7408 73e8 73e8 73e8 73e8 73e8 7408 7408 73e8 73e8 73e8 73e8 73e8 73e8 73e8 73e8 73e8 7c49 8469 7c49 8449 8449 7c49 7c49 7c49 7c49 7c49 7c49 7c49 7c49 7c49 7c49 7c49 7c49 7c49 7c49 7c49 7c49 7407 73e8 7408 73e8 73e8 73e8 73e8 73e8 73e8 73e8 73e8 73e8 73e8 73e8 73e8 73e8 73e8 73e8 7407 7c49 7c49 8449 8469 8449 7c49 7c49 7c49 7c49 7c49 7c49 8448 8448 8449 8449 7c49 8469 7c49 7c49 7c49 7c28 73e8 73e8 7408 7408 73e8 73e8 7408 7408 73e8 73e8 73e8 73e8 73e8 73e8 73e8 73e8 73e7 73e8 740a 9d50 a56f 844a 7c68 7c68 
7c49 7c49 7c49 7c49 7c49 7c49 7c49 7c49 7c49 844a 8c8c adb1 94cc 844a 8449 7c29 73e8 73e8 73e8 73e8 73e8 7408 73e8 73e8 73e8 73e8 73e8 73e8 73e8 73e8 73e8 73e8 73e7 73e7 7408 7c49 8469 7c49 8469 7c49 7c49 7c49 8449 8449 7c49 7c49 8449 8449 8469 7c49 7c49 7c49 8449 8469 7c49 7c49 7408 73e8 73e8 73e8 73e8 73e8 73e8 73e8 7408 7408 73e8 73e8 73e8 73e8 73e8 73e8 73e8 73e8 7407 7c49 7c49 7c49 8469 8448 7c49 7c49 7c49 7c49 7c49 7c49 7c49 7c49 7c49 8469 7c49 7c49 7c49 7c49 7c49 7c49 7408 73e8 73e8 73e8 73e8 7408 73e8 73e8 73e8 73e8 73e8 73e8 73e8 73e8 73e8 73e8 73e8 73e8 73e7 7c28 7c49 8469 7c68 8469 8449 8449 7c49 7c49 7c49 7c49 8449 8449 8469 8469 7c49 7c49 7c49 8449 7c49 7c49 7407 73e8 73e8 73e8 73e8 73e8 73e8 73e8 7408 7408 73e8 73e8 73e8 73e8 73e8 73e8 73e8 73e8 73e8 7428 7c49 7c49 7c49 7c49 7c49 7c49 7c49 7c49 7c49 7c49 7c49 7c49 7c4a 94ed adb1 846c 844a 7c49 8449 8449 7408 73e8 73e8 73e8 73e8 7408 73e8 73e8 73e8 73e8 73e8 73e8 73e8 73e8 73e8 73e8 73e8 73e8 6be7 7428 8469 7c49 8449 8449 7c49 7c49 7c49 7c49 7c49 7c49 8449 8449 7c49 7c49 7c49 7c49 8449 7c49 7c49 7c49 7408 73e8 7408 73e8 73e8 7408 73e8 73e8 7408 7408 73e8 73e8 73e8 73e8 73e8 73e8 73e8 73e8 73e8 7c28 8469 8449 8469 8449 7c49 7c49 7c49 7c49 7c49 7c49 7c49 7c49 8469 8469 7c49 7c49 7c49 7c49 7c49 7c49 7428 73e7 73e8 73e8 73e8 73e8 73e8 73e8 73e8 73e8 73e8 73e8 73e8 73e8 73e8 73e8 73e8 73e8 7407 7408 7c49 8449 8469 7c49 7c49 7c49 7c49 7c49 7c49 7c49 8449 8449 8469 7c49 7c49 8469 7c49 7c49 7c49 7c49 7428 73e7 7408 73e8 73e8 73e8 73e8 73e8 73e8 73e8 73e8 73e8 73e8 73e8 73e8 73e8 7407 7408 6be8 7c2a adb2 94ee 846a 7c49 
8449 8449 8449 8449 7c49 7c49 7c49 7c4a 7c4a 846c ad91 9d2e 7c49 7c49 7c68 7407 7407 7408 73e8 73e8 73e8 73e8 73e8 73e8 73e8 73e8 73e8 73e8 73e8 73e8 73e8 73e8 7407 7407 7428 7c69 8469 7c49 7c49 7c49 7c49 7c49 8449 8449 7c49 7c49 8449 8449 8469 8469 7c49 7c49 8469 8449 7c48 7408 7407 73e8 73e8 73e8 73e8 73e8 73e8 73e8 73e8 73e8 73e8 73e8 73e8 73e8 73e8 73e8 73e8 73e8 7408 7c49 7c49 7c49 7c48 7c68 7c49 7c49 7c49 7c49 7c49 7c49 7c49 7c49 8469 8469 7c49 7c49 7c49 8469 7c49 7c28 7407 73e8 73e8 73e8 73e8 73e8 73e8 73e8 73e8 73e8 73e8 73e8 73e8 73e8 73e8 73e8 73e8 73e8 7408 7c49 7c49 8469 7c68 7c68 7c49 7c49 7c49 7c49 7c49 7c49 8449 8449 7c49 7c49 7c49 7c49 8449 8449 7c49 7c49 73e7 73e8 73e8 73e8 73e8 73e8 73e8 73e8 7408 7408 73e8 73e8 73e8 73e8 73e8 73e8 7408 7408 73e8 7c29 7c49 7c49 7c49 7c49 8449 8449 8449 8449 7c49 7c49 7c49 7c49 7c4a 94ee b5d2 846c 7c4a 7c49 7c49 7c49 7428 73e8 73e8 73e8 73e8 73e8 73e8 73e8 73e8 73e8 73e8 73e8 73e8 73e8 73e8 73e8 7408 7408 73e8 7408 7c49 7c49 8449 8449 7c49 7c49 7c49 7c49 7c49 7c49 8449 8449 7c49 7c49 7c49 7c49 8449 8449 7c49 7c49 7c28 73e8 7408 73e8 73e8 73e8 73e8 73e8 73e8 73e8 73e8 73e8 73e8 73e8 73e8 73e8 73e8 73e8 73e8 73e8 7c49 7c49 8469 7c49 7c49 7c49 7c49 7c49 7c49 7c49 7c49 7c49 7c49 7c49 7c49 7c49 7c49 7c49 7c49 7c49 7c49 7408 73e8 73e8 73e8 73e8 73e8 73e8 73e8 73e8 73e8 73e8 73e8 73e8 73e8 73e8 73e8 73e8 73e8 73e8 7c49 8469 7c49 7c49 7c49 7c49 8449 8449 7c49 7c49 8449 8449 7c49 7c49 7c49 7c49 8449 8469 7c49 7c49 7c49 7428 73e7 73e7 73e8 73e8 73e8 73e8 7408 7408 73e8 73e8 73e8 73e8 73e8 73e8 73e8 73e8 73e7 73e8 846c adb2 8cad 842b 
8cac 8cac 8cac 8cac 8cac 8cac 8cac 8cac 8c8d a550 a570 846a 7c49 7c49 7408 73e7 73e8 73e8 73e8 7408 73e8 73e8 7408 73e8 73e8 73e8 73e8 73e8 73e8 73e8 73e8 73e8 7407 7407 7c69 7c69 8469 7c49 7c49 7c49 7c49 7c49 8449 8449 7c49 7c49 8449 8449 7c49 8469 7c49 7c49 8469 7c49 7c28 73e7 73e7 73e8 73e8 73e8 73e8 73e8 73e8 73e8 73e8 73e8 73e8 73e8 73e8 73e8 73e8 73e8 73e8 73e8 7c48 7c69 7c68 7c68 7c68 7c68 7c68 7c49 7c49 7c49 7c49 7c49 7c49 7c49 7c49 7c49 7c49 7c49 7c49 8469 7c49 7408 73e7 73e8 73e8 73e8 73e8 73e8 73e8 73e8 73e8 73e8 73e8 73e8 73e8 73e8 73e8 73e8 73e8 73e8 7408 7c49 7c49 8469 7c68 7c68 8449 8449 7c49 7c49 7c49 7c49 8449 8449 7c49 7c49 7c49 7c49 8449 8469 7c49 7c49 7407 73e8 73e8 73e8 73e8 73e8 73e8 73e8 7408 7408 73e8 73e8 73e8 73e8 73e8 73e8 7408 7408 73e8 7c29 7c49 7c49 7c49 7c49 8449 8449 8449 8449 7c49 7c49 7c49 7c49 844a 9d0e b5d2 846c 7c4a 7c49 7c49 7c49 7428 73e8 73e8 73e8 73e8 73e8 73e8 73e8 73e8 73e8 73e8 73e8 73e8 73e8 73e8 73e8 73e8 7408 73e8 7408 7c49 7c49 8449 8449 7c49 7c49 7c49 7c49 7c49 7c49 8449 8449 7c49 7c49 7c49 7c49 8449 8449 7c49 7c49 7c49 7408 73e8 73e8 73e8 73e8 73e8 73e8 73e8 73e8 73e8 73e8 73e8 73e8 73e8 73e8 73e8 73e8 73e8 73e8 7c28 8469 8469 7c49 7c49 7c49 7c49 7c49 7c49 7c49 7c49 7c49 7c49 7c49 7c49 7c49 7c49 7c49 7c49 7c49 7c69 7428 73e7 7408 73e8 73e8 73e8 73e8 73e8 73e8 73e8 73e8 73e8 73e8 73e8 73e8 73e8 73e8 73e8 73e8 7408 7c49 7c49 7c49 8449 8449 8449 8449 7c49 7c49 8449 8449 7c69 7c69 7c49 7c49 8449 8449 7c49 7c49 7c69 7c48 73e7 73e8 73e8 73e8 73e8 73e8 7408 7408 73e8 73e8 73e8 73e8 73e8 73e8 73e8 73e8 73e7 73e8 73e8 94ee ad71 8c8e 
a571 a571 a571 a571 a571 a571 a571 a571 a570 a550 8c8b 7c49 8469 7c28 7408 73e8 73e8 73e8 73e8 73e8 73e8 7408 7408 73e8 73e8 73e8 73e8 73e8 73e8 73e8 73e8 73e8 7407 7c48 7c69 7c69 7c68 7c68 7c68 7c68 7c49 7c49 8449 8449 7c49 7c49 8449 8449 7c49 7c49 7c49 7c49 8449 7c48 7408 73e7 73e7 73e8 73e8 73e8 73e8 73e8 73e8 73e8 73e8 73e8 73e8 73e8 73e8 73e8 73e8 73e8 73e8 7408 7c69 7c69 7c68 7c68 8468 7c68 7c68 7c49 7c49 7c49 7c49 7c49 7c49 7c49 7c48 7c49 7c49 7c49 7c49 7c49 7c48 7408 73e7 73e8 73e8 73e8 73e8 73e8 7408 73e8 73e8 73e8 73e8 73e8 7408 7408 73e8 73e8 73e8 73e8 7428 8469 8469 8449 8469 7c68 8449 8449 7c49 7c49 7c49 7c49 8449 8449 7c49 7c49 7c49 8469 8449 8449 8469 7c28 7407 7408 73e8 73e8 73e8 73e8 73e8 73e8 7408 7408 73e8 73e8 73e8 73e8 73e8 73e8 73e8 73e8 73e8 7c29 7c49 8469 7c49 7c49 7c49 7c49 7c49 7c49 7c68 7c68 7c68 7c49 844a 94ee b5d2 846c 7c4a 7c49 7c49 7c49 7428 73e8 73e8 73e8 73e8 73e8 7408 73e8 73e8 73e8 73e8 73e8 73e8 73e8 73e8 73e8 73e8 73e8 73e8 7408 7c49 7c49 8448 8448 7c49 7c49 7c49 7c49 7c49 7c49 8449 8449 8469 7c49 7c49 7c49 8449 8449 7c49 7c49 7c49 7408 73e8 73e8 73e8 73e8 7408 73e8 7408 7408 73e8 73e8 7408 7408 73e8 73e8 6be7 73e8 73e8 7408 7408 8449 8449 8449 7c49 7c49 7c49 7c49 7c49 7c49 7c49 7c49 7c49 7c49 7c49 7c49 7c49 7c49 7c49 7c49 7c69 7c48 7407 7408 73e8 73e8 73e8 73e8 73e8 73e8 73e8 73e8 73e8 73e8 73e8 73e8 73e8 73e8 73e8 73e8 7408 7c49 7c49 8469 8449 8449 8449 8449 7c69 7c69 7c49 7c49 7c49 7c49 7c49 8469 8449 7c49 7c49 7c49 7c69 7c69 7428 7408 73e8 73e8 73e8 73e8 73e8 73e8 73e8 73e8 73e8 73e8 73e8 73e8 7407 7407 7408 7408 73e8 7409 9d2f a571 
844a 844a 844a 844a 846a 846a 846a 846a 846a 846a 7c49 8449 7c48 7408 7407 73e7 7408 7408 73e8 73e8 73e8 73e8 73e8 73e8 73e8 73e8 73e8 73e8 73e8 73e8 73e8 73e8 7428 7c69 7c49 7c69 7c68 7c68 7c68 7c68 7c49 7c49 8449 8449 7c68 7c68 8448 8448 7c49 7c49 7c49 7c49 8449 7c48 73e7 73e7 7407 73e8 73e8 73e8 73e8 73e8 73e8 6be8 73e8 73e8 73e8 73e8 73e8 73e8 73e8 73e8 7408 7c29 7c69 7c69 7c48 8469 7c68 7c68 7c68 7c49 7c49 7c49 7c49 7c49 7c49 7c49 7c49 8469 7c49 7c49 7c49 7c49 7c28 73e7 7408 73e8 73e8 73e8 73e8 73e8 7408 73e8 73e8 73e8 73e8 73e8 7408 7408 7408 73e8 7408 73e8 7c49 8469 8469 7c49 7c68 7c48 7c49 7c49 7c49 7c49 7c69 7c69 7c49 7c49 8469 7c49 7c49 8469 7c49 8449 8469 7c28 7408 7408 73e8 73e8 73e8 73e8 73e8 73e8 7408 7408 73e8 73e8 73e8 73e8 73e8 73e8 73e8 73e8 73e8 7c49 7c49 7c49 7c49 7c49 8449 8449 8449 8449 7c49 7c49 7c68 7c49 844a 94ed b5d2 846c 7c4a 7c69 7c68 7c49 7c28 73e8 73e8 73e8 73e8 73e8 6be8 73e8 73e8 73e8 73e8 73e8 7408 7408 6c08 7408 7408 73e8 7408 7408 7c49 7c49 7c48 8469 7c49 7c49 7c49 7c49 7c68 7c68 8448 8448 8469 7c49 7c49 7c49 7c49 8449 7c49 7c49 7c69 7408 73e8 73e8 73e8 73e8 7408 73e8 73e8 73e8 73e8 73e8 73e8 73e8 73e8 73e8 7408 73e8 73e8 73e8 7408 7c49 7c49 7c49 7c49 7c49 7c49 7c49 7c49 7c49 7c49 7c49 8469 7c49 7c49 8469 7c49 7c49 7c49 8469 7c69 7c49 7408 7408 73e8 73e8 73e8 73e8 73e8 73e8 73e8 73e8 73e8 73e8 7407 73e8 73e8 73e8 73e8 73e8 7408 7408 7c49 8469 8449 8449 8449 8449 7c68 7c68 7c68 7c49 8449 8449 7c49 7c49 7c49 7c49 7c49 7c48 7c69 7c69 7c48 7408 7407 73e8 6be8 7408 73e8 73e8 73e8 73e8 73e8 73e8 73e8 73e8 7408 7408 7407 7408 73e8 73e8 7408 8449 
7c48 7c48 7c68 7c69 7c49 7c49 7c49 7c49 7c48 7c48 8469 7c49 7408 73e8 73e8 73e8 73e8 73e8 7407 73e8 73e8 73e8 73e8 73e8 73e8 6be7 73e8 73e8 73e8 73e8 73e8 7408 7c49 7c49 7c49 7c49 7c49 7c49 7c49 7c49 7c49 7c49 7c49 7c49 7c49 7c49 7c49 7c49 7c48 7c48 8469 8469 7c69 7428 7408 7408 73e8 73e8 73e8 73e8 73e8 73e8 73e8 73e8 6be7 6be7 7408 7408 7408 73e8 7408 7408 73e7 7c49 7c49 8449 8469 8449 8449 8469 7c49 7c49 7c49 7c49 8449 8449 8449 8449 7c48 7c48 7c68 7c49 7c69 7c69 7428 7408 73e8 73e8 73e8 73e8 73e8 73e8 73e8 73e8 73e8 73e8 73e8 73e8 73e8 73e8 73e8 73e8 73e7 73e7 7c48 7c49 7c49 7c49 8469 8469 7c49 7c49 8449 8449 8449 8449 8449 8449 7c48 7c48 7c49 7c49 7c49 8469 7c49 7c28 73e8 73e8 73e8 73e8 73e8 73e8 73e8 73e8 7408 7408 73e8 73e8 73e8 73e8 73e8 73e8 73e8 6be8 7408 7c49 7c49 7c49 7c49 8469 7c68 7c68 7c69 7c49 7c68 8448 8449 8449 7c4a 94cd b5d2 846c 844a 7c49 8449 8469 7408 6be7 6be7 7408 73e8 7408 7408 7408 7408 7408 73e8 73e8 73e8 73e8 73e8 73e8 6be7 6be7 7407 7408 7c49 7c49 8469 8469 7c49 7c49 8449 8449 8449 8449 8449 8449 7c49 7c49 7c49 7c49 8449 8449 7c49 7c49 7c48 7408 73e7 7408 73e8 73e8 7408 7408 73e8 73e8 73e8 73e8 73e8 73e8 73e8 73e8 6be7 6be7 73e8 73e8 73e8 7c29 8469 7c49 8449 8449 8449 8449 8449 8449 8449 8449 8449 8449 8449 8449 8449 8449 8449 8449 7c49 7c49 7c28 73e8 7408 73e8 7408 7408 73e8 73e8 73e8 73e8 73e8 73e8 73e8 73e8 6be7 6be7 7407 7408 7408 6be8 7c29 8469 7c49 7c49 8449 8449 8449 8449 8449 8449 7c68 7c68 7c49 7c49 7c49 7c49 7c49 7c49 7c48 7c48 7c49 7c28 73e7 73e8 7408 7408 6be7 6be7 73e8 7408 7408 7408 73e8 73e8 6be7 73e8 73e8 73e8 73e8 73e8 73e8 7c29 
8449 7c49 8469 7c49 7c49 8449 7c49 7c49 7c68 7c68 7c68 7408 7408 73e8 73e8 7408 73e8 73e8 73e8 73e8 73e8 73e8 73e8 73e8 7408 73e8 7408 73e8 73e8 73e8 73e8 7c29 7c49 7c49 7c49 7c49 7c49 7c49 7c49 7c49 7c49 7c49 7c49 7c49 7c49 7c49 7c49 7c49 8469 7c68 7c49 7c49 7428 7407 73e8 73e8 73e8 73e8 73e8 73e8 73e8 73e8 73e8 73e8 73e8 73e8 73e8 73e8 73e8 73e8 73e8 6be7 7c28 7c49 7c68 7c68 8449 7c49 8449 8449 7c49 7c49 7c49 7c49 8449 8449 8449 8449 7c68 7c68 7c68 8469 7c69 7c49 7408 73e8 73e8 73e8 73e8 73e8 73e8 73e8 73e8 73e8 73e8 73e8 73e8 73e8 73e8 73e8 73e8 73e8 73e7 7408 7c49 7c49 7c49 7c49 7c68 8469 7c49 7c49 7c49 7c49 8449 8449 8449 8449 7c49 7c49 7c49 7c49 7c49 7c49 7c49 7408 73e8 73e8 73e8 73e8 73e8 73e8 73e8 73e8 7408 7408 73e8 73e8 73e8 73e8 73e8 73e8 73e8 73e8 7408 7c49 7c49 7c49 7c49 7c49 7c49 7c49 7c49 7c49 7c49 7c49 8449 8449 7c4a 94cd b5d2 846c 844a 7c49 8469 8449 7428 7407 7407 7408 73e8 73e8 73e8 73e8 73e8 73e8 73e8 73e8 73e8 73e8 73e8 73e8 73e8 73e8 7407 7407 7c48 8469 8469 7c49 7c49 7c49 8449 8449 8449 8449 8449 8449 7c49 7c49 7c49 7c49 8449 8449 7c49 7c49 7c49 7c28 7408 7408 73e8 73e8 73e8 73e8 73e8 73e8 73e8 73e8 73e8 73e8 73e8 73e8 73e8 73e8 73e8 73e8 73e8 7408 8469 7c49 8449 8449 8449 8449 8449 8449 8449 8449 8449 8449 8449 8449 8449 8449 8449 8449 7c49 8469 7c49 7408 73e8 73e8 73e8 73e8 73e8 73e8 73e8 73e8 73e8 73e8 73e8 73e8 73e8 73e8 73e8 73e8 7408 73e8 7408 7c49 7c49 7c49 7c49 7c49 7c49 8449 7c49 8469 8448 8448 7c49 7c49 7c49 7c49 7c49 7c49 7c49 7c49 8469 7c49 7428 73e8 73e8 6be8 73e8 73e8 73e8 73e8 73e8 73e8 73e8 73e8 7408 7408 73e8 73e8 7408 73e8 73e8 7408 
7c49 7c49 7c49 7c49 7c49 8449 7c49 7c49 7c49 7c69 7428 7407 7407 73e7 7408 73e8 73e8 73e8 73e8 73e8 73e8 73e8 73e8 73e8 73e8 7408 73e8 73e8 73e8 73e8 7c08 8449 7c49 7c49 7c49 7c49 7c49 7c49 7c49 7c49 7c49 7c49 7c49 7c49 7c49 7c49 7c49 7c49 8469 8469 8469 7c49 7408 6be7 73e8 73e8 73e8 73e8 73e8 73e8 73e8 73e8 73e8 73e8 7408 7408 6be8 6be8 73e8 73e8 6be7 73e7 7c48 7c49 7c49 7c49 8449 8449 8449 8449 7c49 7c49 7c49 7c49 8449 8449 8449 8449 8469 8469 7c68 7c49 7c69 7c48 73e8 73e8 73e8 73e8 73e8 73e8 73e8 73e8 73e8 73e8 73e8 73e8 73e8 73e8 73e8 73e8 73e8 73e8 73e7 7c28 7c49 7c49 7c49 7c49 7c68 8469 7c49 7c49 7c49 7c49 7c49 7c49 8449 8449 7c49 7c49 7c49 7c49 8469 7c49 7c49 7408 73e8 73e8 73e8 73e8 73e8 73e8 73e8 73e8 7408 7408 73e8 73e8 73e8 73e8 73e8 73e8 7408 73e8 7407 7c49 7c49 7c49 7c49 7c49 7c49 7c49 7c49 7c49 7c49 7c49 8449 8449 844a 8ccc b5d2 846c 844a 8449 8469 8449 7428 7407 7407 7408 73e8 73e8 73e8 73e8 73e8 73e8 73e8 73e8 73e8 73e8 73e8 73e8 73e8 73e8 7407 73e7 7428 8469 8469 7c49 7c49 7c49 8449 8449 8449 8449 8449 8449 7c49 7c49 7c49 7c49 8449 8449 7c49 7c49 7c49 7c48 7408 73e7 73e8 73e8 73e8 73e8 73e8 73e8 73e8 73e8 73e8 73e8 73e8 73e8 73e8 73e8 73e8 73e8 73e8 7408 7c48 7c49 8449 8449 8449 8449 8449 8449 8449 8449 8449 8449 8449 8449 8449 8449 8449 8449 7c49 7c49 8469 7c28 73e8 73e8 73e8 7408 73e8 73e8 73e8 73e8 73e8 73e8 73e8 73e8 7408 73e8 73e8 73e8 73e8 73e8 6be7 7428 8469 7c49 7c49 7c49 8449 8449 7c49 8469 7c68 7c68 7c49 7c49 7c49 7c49 7c49 7c49 7c49 7c49 7c49 8469 7c49 7408 73e8 73e8 73e8 73e8 73e8 73e8 73e8 73e8 73e8 73e8 73e8 73e8 73e8 7408 73e8 73e8 7408 7408 
7c68 7c68 7c49 7c49 7c49 7c49 7c49 7c49 7c69 7c49 7408 7408 73e8 7408 73e8 73e8 73e8 73e8 73e8 73e8 73e8 73e8 73e8 73e8 7408 73e8 73e8 73e8 73e7 7408 7c49 8449 7c49 7c49 7c49 7c49 7c49 7c49 7c49 7c49 7c49 7c49 7c49 7c49 7c49 7c49 7c49 7c49 7c49 7c49 8469 7c28 73e8 7408 7408 7408 73e8 73e8 73e8 73e8 73e8 73e8 73e8 73e8 7408 7408 6be8 6be8 7408 7408 7407 7408 7c49 8449 7c48 7c49 8449 8449 8449 8449 7c49 7c49 7c49 7c49 8449 8449 8449 8449 8469 8469 7c68 7c49 7c69 7428 73e8 73e8 73e8 73e8 73e8 73e8 73e8 73e8 73e8 73e8 73e8 73e8 73e8 73e8 73e8 73e8 73e8 73e8 7408 7c29 7c49 7c49 7c49 7c49 8469 8469 7c49 7c49 7c49 7c49 7c49 7c49 7c49 7c49 7c49 8469 7c49 7c49 8469 7c49 7c49 7408 73e8 73e8 73e8 73e8 73e8 73e8 73e8 73e8 7408 7408 73e8 73e8 73e8 73e8 73e8 73e8 7408 7408 7407 7c49 7c49 7c49 7c49 7c49 7c49 7c49 7c49 7c49 7c49 7c49 7c49 7c49 7c4a 8cac b5d2 846c 7c4a 7c49 8469 7c49 7428 7407 7407 7407 73e8 73e8 73e8 73e8 73e8 73e8 73e8 73e8 73e8 73e8 73e8 73e8 73e8 73e8 73e8 73e8 7408 8469 8449 8449 7c49 7c49 7c49 7c49 7c49 7c49 8449 8449 7c49 7c49 7c49 7c49 8449 8449 7c49 7c49 7c49 8469 7408 73e7 73e8 73e8 73e8 73e8 73e8 73e8 73e8 73e8 73e8 73e8 73e8 73e8 73e8 73e8 73e8 73e8 73e8 73e8 7c28 7c49 8449 8449 8449 8449 8449 8449 8449 8449 8449 8449 8449 8449 8449 8449 8449 8449 8469 7c49 7c49 7c49 7408 7408 73e8 7408 73e8 73e8 73e8 73e8 73e8 73e8 73e8 73e8 7408 7408 6be8 7408 6be7 73e8 73e8 73e8 8469 8449 8449 8449 8449 7c49 7c49 8449 7c68 7c68 7c49 7c49 7c49 7c49 7c49 7c49 8449 8449 8449 8449 7c49 7c28 7408 73e8 73e8 73e8 73e8 73e8 73e8 73e8 73e8 73e8 73e8 73e8 73e8 7408 73e8 73e8 73e8 73e8 
8449 8449 7c49 7c49 8449 7c49 7c49 7c49 7c69 7408 7407 7407 73e8 7408 73e8 73e8 73e8 73e8 73e8 73e8 73e8 73e8 73e8 73e8 73e8 73e8 73e8 73e8 73e7 7c28 8469 8449 7c49 7c49 7c49 7c49 7c49 7c49 7c49 7c49 7c49 7c49 7c49 7c49 7c49 7c49 7c49 7c49 7c49 7c49 7c49 73e7 73e8 7408 73e8 73e8 73e8 73e8 73e8 73e8 73e8 73e8 73e8 73e8 73e8 7408 73e8 73e8 73e8 73e8 7408 7c28 8469 8449 7c48 7c68 7c49 7c49 7c49 7c49 7c49 7c49 7c49 7c49 8449 8449 8449 8449 8468 8469 7c48 8469 7c49 7408 73e8 73e8 73e8 73e8 73e8 73e8 73e8 73e8 73e8 73e8 73e8 73e8 73e8 73e8 73e8 73e8 73e8 73e8 7408 7c49 7c49 7c49 7c49 7c49 7c49 7c49 7c49 7c49 7c49 7c49 7c49 7c49 7c68 7c68 8469 8469 7c49 7c49 7c49 7c49 7c28 73e7 73e8 73e8 73e8 73e8 73e8 73e8 73e8 73e8 7408 7408 73e8 73e8 73e8 73e8 73e8 73e8 73e8 7408 7407 7c49 7c49 7c49 7c49 7c49 7c49 7c49 7c49 7c49 7c49 7c49 7c49 7c49 7c4a 8cac b5d2 8c8c 7c4a 7c49 7c49 7c49 7c48 7407 7408 7407 73e8 73e8 73e8 73e8 73e8 73e8 73e8 73e8 73e8 73e8 73e8 73e8 73e8 73e8 7408 7408 7408 7c49 7c48 7c49 7c49 7c49 7c49 7c49 7c49 7c49 8449 8449 7c49 7c49 7c49 7c49 8449 8449 7c49 7c49 7c49 8469 7c28 73e7 73e8 73e8 73e8 73e8 73e8 73e8 73e8 73e8 73e8 73e8 73e8 73e8 73e8 7408 73e8 73e8 73e8 73e7 7c28 8469 8449 8449 8449 8449 8449 8449 8449 8449 8449 8449 8449 8449 8449 8449 8449 8449 8469 7c49 7c49 8469 7408 73e8 7408 73e8 73e8 73e8 73e8 73e8 73e8 73e8 73e8 73e8 73e8 7408 73e8 73e8 73e8 73e8 73e8 73e8 7c28 7c49 7c49 7c49 8449 7c49 7c49 7c49 8449 8449 7c49 7c49 7c49 7c49 7c49 7c49 7c49 7c49 7c49 7c49 7c49 7c69 7428 7408 73e8 73e8 73e8 73e8 73e8 73e8 73e8 73e8 73e8 73e8 7408 73e8 73e8 7408 73e8 73e8 
7c49 7c49 7c49 7c49 7c68 7c68 8469 8469 7428 73e8 73e8 73e8 73e8 73e8 73e8 73e8 73e8 73e8 73e8 73e8 73e8 73e8 73e8 73e8 73e8 7408 73e8 7408 7408 7c49 8449 7c49 7c49 7c49 7c49 7c49 7c49 7c49 7c49 7c49 7c49 7c49 7c49 7c49 7c49 7c49 7c49 7c49 7c49 7c49 7c28 73e7 73e8 73e8 73e8 73e8 73e8 73e8 73e8 73e8 73e8 73e8 73e8 73e8 73e8 73e8 73e8 73e8 73e8 73e8 7408 7c49 7c49 8449 8449 8449 7c49 7c49 7c49 7c49 7c49 7c49 7c49 7c49 8449 8449 8449 8449 7c68 7c68 7c48 7c49 7428 7407 7408 73e8 73e8 73e8 73e8 73e8 73e8 73e8 73e8 73e8 73e8 73e8 73e8 73e8 73e8 73e8 73e8 73e8 7408 7c49 7c49 7c49 7c49 7c49 7c49 7c49 7c49 7c49 7c49 7c49 7c49 7c49 7c68 7c68 7c49 7c49 7c49 7c49 7c49 8469 7c28 73e7 73e8 73e8 73e8 73e8 73e8 73e8 73e8 73e8 7408 7408 73e8 73e8 73e8 73e8 73e8 73e8 73e8 7408 7408 7c49 7c49 8469 7c49 7c49 8449 8449 8449 8449 7c49 7c49 7c68 7c49 7c49 8c8c b5d2 8cad 7c4a 7c49 7c49 7c49 7c49 7407 7408 7407 73e8 73e8 73e8 73e8 73e8 73e8 73e8 73e8 73e8 73e8 73e8 73e8 73e8 73e8 73e8 7408 7408 7c49 7c49 8449 7c49 7c49 7c49 7c49 7c49 7c49 7c49 7c49 7c49 7c49 7c49 7c49 8449 8449 7c49 7c49 7c49 8469 7c28 7408 73e8 73e8 73e8 73e8 73e8 73e8 73e8 73e8 73e8 73e8 73e8 73e8 73e8 73e8 73e8 73e8 73e8 73e8 7407 7c49 8449 8449 8449 8449 8449 8449 8449 8449 8449 8449 8449 8449 8449 8449 8449 8449 7c49 8469 8469 8469 7c49 73e7 73e8 73e8 73e8 73e8 73e8 73e8 73e8 73e8 73e8 73e8 73e8 73e8 6be8 6be8 7408 73e8 73e8 73e8 7408 7c49 8469 7c49 7c49 7c49 8449 7c49 7c49 7c49 7c49 7c49 7c49 7c49 7c49 7c49 8469 7c49 7c49 7c49 7c49 7c49 7c48 7408 73e7 73e8 73e8 73e8 73e8 73e8 73e8 73e8 73e8 73e8 7408 73e8 73e8 73e8 73e8 73e8 
7c68 7c68 7c49 7c49 7c68 8469 8469 7c28 6be7 73e8 73e8 73e8 73e8 73e8 73e8 73e8 73e8 73e8 73e8 73e8 73e8 73e8 73e8 73e8 73e8 73e8 73e8 7408 7c48 8469 8469 8469 7c49 7c49 7c49 7c49 7c49 7c49 7c49 7c49 7c49 7c49 7c49 7c49 7c49 7c49 7c49 7c49 7c49 7c48 7408 73e7 7408 73e8 73e8 73e8 73e8 73e8 73e8 73e8 73e8 73e8 7408 7408 73e8 73e8 73e8 73e8 73e7 7408 7428 7c69 7c49 8449 8449 8449 7c49 7c49 7c49 7c49 7c49 7c49 7c49 7c49 8449 8449 8449 8449 7c68 7c68 7c68 7c49 7408 73e7 7408 7408 73e8 73e8 73e8 73e8 73e8 73e8 73e8 73e8 73e8 73e8 73e8 73e8 73e8 73e8 73e8 73e8 7c28 8449 7c49 8449 7c49 7c49 7c49 7c49 7c49 7c49 7c49 7c49 7c49 7c49 7c68 7c68 7c49 7c49 7c49 7c49 7c49 8469 7c28 73e7 73e8 73e8 73e8 73e8 73e8 73e8 73e8 73e8 7408 7408 73e8 73e8 73e8 73e8 73e8 73e8 7408 7408 7408 7c49 7c49 7c49 7c49 7c49 8449 8449 8449 8449 7c49 7c49 7c68 7c49 8449 846b b5d2 8cae 7c4a 8449 7c49 8469 7c49 7407 7408 73e7 73e8 73e8 73e8 73e8 73e8 73e8 73e8 73e8 7408 7408 73e8 73e8 73e8 73e8 73e8 73e8 73e7 7c49 8449 8449 7c49 7c49 7c49 7c49 7c49 7c49 7c68 7c68 7c49 7c49 7c49 7c49 8449 8449 7c49 7c49 7c49 8469 7c49 7408 73e8 73e8 73e8 7408 73e8 73e8 73e8 73e8 73e8 73e8 73e8 73e8 73e8 73e8 73e8 73e8 73e8 7408 73e7 7c28 8449 8449 8449 8449 8449 8449 8449 8449 8449 8449 8449 8449 8449 8449 8449 8449 7c49 7c49 7c49 7c49 7c69 7408 73e8 73e8 73e8 73e8 73e8 73e8 73e8 73e8 73e8 73e8 73e8 73e8 7408 7408 73e8 73e8 73e8 73e8 73e7 7c28 7c49 8469 7c49 8449 8449 8449 7c49 7c49 7c49 7c49 7c49 7c49 7c49 7c49 8449 8449 8469 7c49 8469 7c49 7c49 7c28 73e7 73e8 73e8 73e8 73e8 73e8 73e8 73e8 73e8 73e8 73e8 73e8 73e8 73e8 73e8 73e8 
8449 8449 8449 8449 8449 8449 7c48 73e8 7407 7408 6be8 6be8 7407 7407 7407 6be8 73e8 73e8 73e8 73e8 73e8 73e8 73e8 73e8 7408 73e8 73e8 7428 7c49 7c49 8448 8448 7c49 7c49 7c49 7c49 7c49 7c49 7c49 7c49 7c49 7c49 7c49 7c49 7c49 7c49 7c49 7c49 8469 7c28 73e7 73e7 73e8 73e8 73e8 73e8 73e8 73e8 73e8 73e8 73e8 73e8 7408 73e8 7408 73e8 73e8 73e8 73e8 7408 7c49 7c69 7c49 8469 8469 8449 7c49 7c49 7c49 7c49 7c49 7c49 7c49 7c49 8449 8449 8449 8449 8469 8469 7c68 7c49 73e7 73e7 73e8 73e8 73e8 73e8 73e8 73e8 73e8 73e8 73e8 73e8 73e8 73e8 73e8 73e8 73e8 73e8 73e8 73e8 7c28 8469 8449 8449 8449 8449 7c49 7c49 7c49 7c49 7c49 7c49 7c49 7c49 7c49 7c49 8469 8469 8469 7c49 7c49 7c49 7c28 73e7 73e8 73e8 73e8 73e8 73e8 73e8 73e8 73e8 7408 7408 73e8 73e8 73e8 73e8 73e8 73e8 7408 7408 7408 7c69 7c49 7c49 7c49 7c49 8449 8449 8449 8449 7c49 7c49 7c68 7c49 846a 846b b5d1 94ce 7c4a 7c69 7c49 7c49 7c49 7408 7408 73e7 73e8 6be7 6be8 6be7 73e8 73e8 73e8 73e8 7408 7408 7408 7408 73e8 73e8 73e8 73e8 73e7 7c29 8449 7c49 7c49 7c49 7c49 7c49 7c49 7c49 7c68 7c68 7c49 7c49 7c49 7c49 8449 8449 7c49 7c49 8469 8469 8469 7408 7408 73e8 73e8 73e8 73e8 73e8 73e8 73e8 73e8 73e8 73e8 73e8 7408 7408 73e8 73e8 73e8 73e8 73e7 7408 8449 8449 8449 8449 8449 8449 8449 8449 8449 8449 8449 8449 8449 8449 8449 8449 7c49 8469 7c49 7c49 7c69 7c48 7408 73e8 73e8 73e8 73e8 73e8 73e8 73e8 73e8 73e8 73e8 73e8 73e8 73e8 73e8 73e8 73e8 73e8 7407 7407 7c48 8469 8469 8469 7c48 7c48 7c49 8449 7c49 7c49 7c49 7c49 7c49 7c49 8469 8469 7c49 7c49 7c49 7c69 7c48 7c69 7408 7408 73e8 73e8 6be7 73e8 73e8 73e8 73e8 73e8 73e8 7408 73e8 73e8 73e8 73e8 
7c48 7c48 7c68 7c69 7c69 7c49 7428 7408 73e8 73e8 73e8 73e8 73e8 73e8 73e8 73e8 6be7 6be7 73e8 7408 73e8 73e8 7408 7408 73e7 73e8 7408 8449 8449 8469 8469 8469 7c68 7c68 7c68 7c68 7c49 7c49 7c49 7c49 7c48 7c48 7c49 8469 8469 8469 8469 7c49 7c29 6be8 6be8 7408 73e8 73e8 73e8 7408 7408 7408 73e8 73e8 73e8 73e8 73e8 73e8 6be7 73e8 7407 73e7 7408 7c28 8469 8469 7c49 7c49 8449 8449 7c49 7c49 8449 8449 7c68 7c68 7c68 7c49 8449 8449 7c49 7c49 7c48 7c48 8469 7c29 7408 7408 73e8 7408 73e8 73e8 73e8 73e8 73e8 73e8 73e8 73e8 73e8 73e8 73e8 7408 73e8 73e8 7408 7407 7c48 7c48 7c69 8469 7c49 8449 8449 8449 7c68 7c68 7c49 8449 8449 8449 8449 8449 7c49 7c49 7c69 7c69 7c69 7c69 7408 73e8 73e8 73e8 73e8 73e8 73e8 73e8 73e8 73e8 73e8 73e8 73e8 73e8 73e8 73e8 73e8 73e8 6be7 73e8 7408 7c69 7c49 7c49 8449 8469 7c68 7c68 7c68 7c49 7c49 8449 8449 8449 7c49 846b add2 94ef 844a 8449 8449 8469 7c48 6c07 7408 7408 73e8 73e8 7408 7408 7408 7408 73e8 73e8 73e8 73e8 73e8 73e8 6be7 6be7 73e8 73e8 7408 7c28 8469 8469 8449 8449 8449 8449 8449 8449 8449 8449 8449 8449 7c49 7c49 8449 8449 7c49 7c49 7c49 7c48 8469 7c28 7407 73e8 73e8 7408 73e8 73e8 73e8 73e8 73e8 73e8 73e8 73e8 73e8 73e8 73e8 73e8 73e8 73e8 73e8 7407 7c28 7c48 7c68 8469 7c49 7c49 8469 8469 7c49 7c49 7c49 7c49 7c49 7c49 8449 8449 7c49 7c49 7c69 7c69 7c49 7c48 7408 73e7 6be7 73e8 73e8 73e8 73e8 73e8 73e8 73e8 7407 7407 7408 7408 73e8 73e8 73e8 73e8 6be8 6be7 7408 7c49 8469 8449 8469 8469 8449 8449 8449 8449 8449 8449 8449 8449 8449 8449 8449 8449 8449 8449 8449 8449 7428 73e7 7407 7408 7407 73e8 7408 7408 73e8 73e8 73e8 73e8 73e8 73e8 73e8 73e8 
7c49 7c49 7c68 7c69 7c69 7428 7408 73e8 73e8 73e8 73e8 73e8 73e8 73e8 73e8 73e8 73e8 73e8 73e8 73e8 73e8 73e8 73e8 73e8 73e8 73e8 7c48 7c49 7c48 7c68 7c68 7c68 7c68 7c68 7c49 7c49 7c49 7c49 7c49 7c49 7c49 7c49 7c49 8469 8449 8449 8449 8449 7408 6be7 7408 7408 73e8 73e8 73e8 7408 73e8 73e8 73e8 73e8 73e8 73e8 73e8 73e8 73e8 73e8 73e8 73e8 7408 7c49 7c49 7c49 7c68 7c68 7c68 7c68 7c49 7c49 7c49 7c49 7c49 7c49 7c68 7c49 8449 8449 7c49 7c49 7c49 7c49 7c49 7408 7408 73e8 73e8 73e8 73e8 73e8 73e8 73e8 73e8 73e8 73e8 73e8 7408 73e8 73e8 73e8 73e8 73e8 7407 7408 7c49 7c49 7c49 8469 8449 8449 8449 8449 7c68 7c68 7c49 7c49 7c49 7c49 7c49 7c49 7c49 7c49 8469 7c49 7c49 7c49 73e8 73e8 73e8 73e8 73e8 73e8 73e8 73e8 73e8 73e8 73e8 73e8 73e8 73e8 73e8 73e8 73e8 73e8 73e8 73e8 7408 7c69 7c49 7c49 8449 8449 7c49 7c49 7c49 7c49 8449 8449 8449 8449 7c49 846b b5b2 94ef 7c4a 7c49 7c68 8469 7c48 7407 73e8 73e8 73e8 73e8 73e8 73e8 7408 7408 73e8 73e8 73e8 73e8 73e8 73e8 73e7 7407 73e8 73e8 7408 7c28 7c49 7c49 8449 8449 8449 8449 8449 8449 8449 8449 8449 8449 7c49 7c49 8449 8449 7c49 7c49 7c49 7c49 8469 7c28 7407 73e8 73e8 73e8 73e8 73e8 73e8 73e8 73e8 73e8 73e8 73e8 73e8 73e8 73e8 73e8 73e8 73e8 73e8 73e8 7c28 8469 7c48 8449 8469 8449 7c49 7c49 7c49 7c49 7c49 7c49 7c49 7c49 7c49 7c49 7c49 8449 7c49 7c49 8449 8449 7c28 73e7 73e7 73e8 73e8 73e8 73e8 73e8 73e8 73e8 7408 7408 7408 7408 73e8 73e8 73e8 73e8 6be8 7408 7407 7c49 7c68 8448 7c49 8449 8449 8449 8449 8449 8449 8449 8449 8449 8449 8449 8449 8449 8449 8449 8449 8449 8469 7c28 7408 73e7 73e8 73e8 73e8 73e8 73e8 73e8 7408 73e8 73e8 73e8 73e8 73e8 
7c49 7c49 7c68 8469 7c48 7407 7408 73e8 73e8 73e8 73e8 73e8 73e8 73e8 73e8 73e8 73e7 73e7 73e8 73e8 7408 73e8 73e8 73e8 73e8 7c28 8469 7c49 7c49 7c49 7c68 7c48 7c49 7c49 7c49 7c49 7c49 7c49 7c49 7c49 8469 7c49 7c49 7c49 8469 7c48 7c49 7c29 73e7 73e8 7408 73e8 73e8 73e8 73e8 73e8 73e8 73e8 73e8 73e8 73e8 73e8 73e8 73e8 73e8 73e8 73e8 73e8 7c28 8469 7c49 8469 7c49 7c49 8449 8449 7c49 7c49 8449 8449 7c49 7c49 7c49 7c49 8449 8449 7c49 7c49 7c49 8469 7c49 73e7 7408 73e8 7407 7408 73e8 73e8 73e8 73e8 73e8 73e8 73e8 73e8 73e8 73e8 73e8 73e8 73e8 73e8 7407 7c28 8469 8449 7c49 7c49 7c49 7c49 7c49 7c49 7c49 7c49 7c49 7c49 7c49 7c49 7c49 7c49 7c49 8449 8469 7c49 7c49 7c49 73e8 73e8 73e8 73e8 73e8 73e8 73e8 73e8 73e8 73e8 73e8 73e8 73e8 73e8 73e8 73e8 73e8 73e8 73e8 73e8 7408 7c69 7c49 7c49 8449 8449 8449 8449 7c49 7c49 7c49 7c49 7c49 7c49 7c49 846b b5d2 9cef 7c4a 7c49 7c49 7c49 7c49 7407 73e8 73e8 73e8 73e8 73e8 73e8 73e8 73e8 73e8 73e8 73e8 73e8 73e8 73e8 73e8 73e8 73e8 73e8 73e8 7408 7c49 7c49 7c49 7c49 7c49 7c49 7c49 7c49 7c49 7c49 8449 8449 7c49 7c49 8449 8449 7c49 7c49 7c49 7c49 7c49 7c49 7408 73e8 73e8 7408 73e8 73e8 73e8 73e8 73e8 73e8 73e8 73e8 73e8 73e8 73e8 73e8 73e8 73e8 73e8 73e8 7408 7c49 7c49 7c49 7c49 8469 7c49 7c49 7c49 7c49 7c49 7c49 7c49 7c49 7c68 7c68 7c49 7c49 7c49 7c49 8449 8469 7c49 7408 7407 7408 73e8 73e8 73e8 73e8 73e8 73e8 7408 7408 7408 7408 73e8 73e8 73e8 73e8 73e8 7408 6be7 7408 7c49 7c49 7c49 8449 8449 8449 8449 8449 8449 8449 8449 8449 8449 8449 8449 8449 8449 8449 8449 8449 7c49 7c49 7408 73e7 7408 73e8 73e8 73e8 73e8 73e8 73e8 73e8 73e8 73e8 73e8 73e8 
8449 8469 7c49 7c48 7408 7407 73e8 73e8 73e8 73e8 73e8 73e8 73e8 73e8 73e8 73e8 73e7 73e7 73e8 7408 73e8 73e8 73e8 73e8 7408 7c49 7c49 8469 7c49 7c49 7c49 7c49 7c49 7c49 7c49 7c49 7c49 7c49 7c49 7c49 7c49 7c49 7c49 7c49 8469 7c49 7c49 7408 73e8 73e8 7408 73e8 73e8 73e8 73e8 73e8 73e8 73e8 73e8 73e8 73e8 73e8 73e8 73e8 7408 7408 7407 7407 7c49 8469 7c49 8469 7c49 7c49 8449 8449 7c49 7c49 8449 8449 7c49 7c49 7c49 7c49 8449 8449 7c49 7c49 7c49 8469 7c28 73e7 73e8 73e8 7407 7408 73e8 73e8 73e8 73e8 73e8 73e8 73e8 73e8 73e8 73e8 73e8 73e8 73e8 73e8 7407 7c48 8469 7c49 7c49 7c49 7c49 7c49 7c49 7c49 7c49 7c49 8449 8449 8449 8449 7c49 7c49 7c49 8449 7c49 7c49 7c49 7c28 73e8 73e8 73e8 73e8 73e8 73e8 73e8 73e8 73e8 73e8 73e8 73e8 73e8 73e8 73e8 73e8 73e8 73e8 73e8 73e8 7428 7c69 7c49 7c49 8449 8449 8448 8448 7c49 7c49 7c69 7c69 7c49 7c49 8449 846b b5b2 9cef 844a 7c49 7c49 7c49 7c49 7408 73e8 73e8 73e8 73e8 73e8 73e8 73e8 73e8 73e8 73e8 73e8 73e8 73e8 73e8 73e8 73e8 73e8 73e8 73e7 7408 7c49 7c49 7c49 7c49 7c49 7c49 7c49 7c49 7c49 7c49 8449 8449 7c49 7c49 8449 8449 7c49 7c49 8469 7c49 7c49 8469 7428 73e8 73e8 73e8 73e8 73e8 73e8 73e8 73e8 73e8 73e8 73e8 73e8 73e8 73e8 73e8 73e8 73e8 73e8 73e8 7408 7c49 7c49 7c49 7c49 8469 7c49 7c49 7c49 7c49 7c49 7c49 8449 8449 8448 8448 7c49 7c49 7c49 8469 7c49 7c49 8469 7c28 7407 73e8 73e8 73e8 73e8 73e8 73e8 73e8 7408 7408 73e8 73e8 73e8 73e8 73e8 73e8 73e8 73e8 73e8 73e8 7c28 8469 8449 8449 8449 8449 8449 8449 8449 8449 8449 8449 8449 8449 8449 8449 8449 8449 8449 8449 7c49 8469 7c28 73e7 73e8 73e8 73e8 73e8 73e8 73e8 73e8 73e8 73e8 73e8 73e8 73e8 
8449 8449 7c49 7408 73e8 73e8 7408 73e8 73e8 73e8 73e8 73e8 73e8 73e8 7408 7408 73e8 73e8 73e8 73e8 73e8 73e8 73e8 73e8 7c28 8469 8469 7c49 8469 8449 7c49 7c49 7c49 7c49 7c49 7c49 7c49 7c49 7c49 7c49 7c49 7c49 7c49 8469 7c49 8469 7c29 73e8 7408 73e8 73e8 73e8 73e8 73e8 73e8 73e8 73e8 73e8 73e8 73e8 73e8 73e8 73e8 73e8 73e8 7408 7408 7408 7c49 8449 7c49 7c49 7c49 7c49 7c49 7c49 7c49 7c49 7c49 7c49 7c49 7c49 7c49 7c49 8449 8449 7c49 7c49 7c49 7c49 7408 7408 73e8 73e8 73e8 73e8 73e8 73e8 73e8 73e8 73e8 73e8 73e8 73e8 7408 73e8 73e8 73e8 73e8 7408 7407 7c49 7c49 7c49 8449 8449 8449 8449 7c49 7c49 7c49 7c49 7c49 7c49 7c49 7c49 7c49 7c49 7c49 7c49 7c49 7c49 7c49 7c28 73e8 73e8 73e8 73e8 73e8 73e8 73e8 73e8 73e8 73e8 73e8 73e8 73e8 73e8 73e8 73e8 73e8 73e8 73e8 73e8 7428 7c69 7c49 7c49 8449 7c49 8449 8449 7c49 7c49 7c49 7c49 7c49 7c49 7c49 846b b5b2 9d0f 7c4a 7c49 7c68 7c49 7c69 7408 73e8 73e8 73e8 73e8 73e8 6be7 73e8 73e8 73e8 73e8 73e8 73e8 73e8 73e8 7408 7407 73e8 73e8 73e7 7408 7c49 7c49 7c49 7c49 8449 8449 8449 8449 8449 8449 8449 8449 7c49 7c49 8449 8449 7c49 7c49 7c49 8469 7c49 7c49 7428 73e8 73e8 73e8 73e8 73e8 73e8 73e8 73e8 73e8 73e8 73e8 73e8 73e8 73e8 73e8 73e8 73e8 73e8 73e8 73e8 7c29 8449 8449 7c49 7c49 7c49 7c49 7c49 7c49 7c49 7c49 7c49 7c49 7c49 7c49 8449 8449 7c49 8469 8449 8449 7c49 7c49 7407 73e8 73e8 73e8 73e8 7408 73e8 73e8 73e8 73e8 73e8 73e8 73e8 73e8 73e8 73e8 7408 73e8 73e8 73e8 7408 7c49 8469 7c48 8449 8449 8449 8449 8449 8449 8449 8449 8449 8449 8449 8449 8449 8449 8449 8449 7c49 7c49 7c49 7408 7407 7408 73e8 73e8 73e8 73e8 73e8 73e8 73e8 73e8 73e8 73e8 
8449 8449 7c28 7408 73e8 73e8 73e8 7408 73e8 73e8 73e8 73e8 73e8 73e8 7408 7408 73e8 73e8 73e8 73e8 73e8 73e8 73e8 7408 7c49 7c49 8449 7c49 8469 8449 8449 7c49 8448 8448 7c49 7c49 7c49 7c49 7c49 7c49 7c49 7c49 7c49 7c49 7c49 7c49 7408 73e8 7408 73e8 73e8 73e8 7408 7408 73e8 73e8 73e8 73e8 73e8 73e8 73e8 73e8 73e8 73e8 73e8 7408 7408 7c49 7c49 7c49 7c68 7c68 7c49 7c49 7c49 7c49 7c49 7c49 8449 8449 7c68 7c68 7c49 7c49 8449 8449 7c49 7c49 8469 7c48 73e7 7408 73e8 73e8 73e8 73e8 73e8 73e8 73e8 73e8 73e8 73e8 73e8 73e8 73e8 73e8 73e8 73e8 73e8 7408 7408 7c49 7c49 7c49 7c49 7c49 7c49 7c49 7c49 7c49 7c49 7c49 7c49 7c49 7c49 7c49 8449 8449 7c49 7c49 7c49 7c49 8469 7c28 73e8 73e8 73e8 73e8 73e8 73e8 73e8 73e8 73e8 73e8 73e8 73e8 73e8 73e8 73e8 73e8 73e8 73e8 73e8 73e8 7428 7c69 7c49 7c49 8449 8449 7c49 7c49 7c49 7c49 7c49 7c49 7c49 7c49 7c49 846b adb2 9d0f 7c4a 7c49 8448 8449 7c69 7408 73e8 73e8 73e8 73e8 73e8 73e8 73e8 73e8 73e8 73e8 73e8 73e8 73e8 73e8 7407 7407 73e8 73e8 73e7 73e7 7c48 8469 8449 8449 8449 8449 8449 8449 8449 8449 8449 8449 7c49 7c49 8449 8449 7c49 7c49 8469 8469 7c49 7c49 7c49 73e8 73e8 73e8 73e8 73e8 73e8 73e8 73e8 73e8 73e8 73e8 73e8 73e8 73e8 73e8 73e8 73e8 73e8 73e8 73e8 7408 7c49 7c49 7c49 7c49 7c68 7c68 7c49 7c49 7c49 7c49 7c49 7c49 7c49 7c49 7c49 7c49 8469 7c49 7c49 8469 7c49 7c49 7408 73e8 73e8 73e8 73e8 7408 73e8 73e8 73e8 73e8 73e8 73e8 73e8 73e8 73e8 73e8 7408 73e8 73e8 73e8 7407 7c28 8469 7c48 8449 8449 8449 8449 8449 8449 8449 8449 8449 8449 8449 8449 8449 8449 8449 8449 7c48 7c48 7c49 7c48 7408 6be7 7408 7408 73e8 73e8 73e8 73e8 73e8 73e8 73e8 73e8 
8469 7c49 7408 7408 73e8 6be7 73e8 73e8 73e8 73e8 73e8 73e8 73e8 73e8 73e8 73e8 73e8 73e8 73e8 73e8 7408 73e8 7408 7c49 8469 7c49 7c49 8449 7c49 8469 8469 7c49 8449 8449 8449 8449 7c49 7c49 7c49 7c49 7c49 7c49 7c49 7c49 7c49 7c28 73e8 7408 7408 73e8 73e8 73e8 73e8 73e8 73e8 73e8 73e8 73e8 73e8 73e8 7408 7408 73e8 73e8 7408 7408 7428 7c69 7c68 7c48 8469 8469 7c49 7c49 8449 8449 7c49 7c49 8449 8449 7c49 7c49 7c49 7c49 8449 8449 7c49 7c49 7c49 7c28 73e8 73e8 73e8 73e8 7408 7407 73e8 73e8 73e8 73e8 73e8 73e8 73e8 73e8 73e8 73e8 73e8 73e8 73e8 73e8 7428 7c69 7c49 8469 7c49 7c49 7c49 7c49 7c68 7c49 8449 8449 8449 8449 7c49 7c49 7c49 7c49 7c49 8449 7c49 7c49 7c49 7408 73e8 73e8 73e8 73e8 73e8 73e8 73e8 73e8 73e8 73e8 73e8 73e8 73e8 73e8 73e8 73e8 73e8 73e8 73e8 73e8 7c28 7c69 7c49 8469 8449 8449 7c49 7c49 7c49 7c49 7c49 7c49 7c68 7c49 8449 846b b5b2 9d10 7c4a 7c49 8448 8449 7c69 7408 73e8 73e8 73e8 73e8 7408 73e8 73e8 73e8 73e8 73e8 73e8 73e8 73e8 73e8 73e8 73e8 73e8 73e8 73e8 73e8 7c28 8469 7c49 7c49 7c49 7c49 7c49 7c49 7c49 7c49 8449 8449 7c49 7c49 8449 8449 7c49 7c49 7c49 7c49 7c49 7c49 7c49 7408 73e8 7408 73e8 73e8 73e8 73e8 73e8 73e8 73e8 73e8 73e8 73e8 73e8 73e8 73e8 73e8 73e8 73e8 7408 73e8 7c49 7c49 7c48 8469 8469 7c68 7c49 7c49 8449 8449 8449 8449 8449 8449 8469 7c49 7c49 7c49 7c49 8469 7c49 7c49 7c49 7408 73e8 73e8 73e8 7408 73e8 73e8 73e8 73e8 73e8 73e8 73e8 73e8 73e8 73e8 73e8 73e8 73e8 73e8 7408 7408 7c49 7c49 8449 8449 8449 8449 8449 8449 8449 8449 8449 8449 8449 8449 8449 8449 8449 8449 8469 7c49 7c49 7c49 7428 7407 7407 7408 73e8 73e8 73e8 73e8 73e8 73e8 73e8 73e8 
8469 7408 7408 73e8 73e8 7408 6be7 73e8 73e8 73e8 73e8 73e8 73e8 73e8 73e8 73e8 73e8 7408 73e8 73e8 73e8 7408 7428 7c49 8469 7c49 8469 7c49 7c49 8469 7c49 7c49 8449 8449 8449 8449 8449 8449 7c49 7c49 8469 8469 7c49 7c49 7c49 7408 73e7 73e7 7408 7408 73e8 73e8 73e8 73e8 6be8 6be7 73e8 73e8 73e8 73e8 7408 7408 7408 7408 7408 73e8 7c49 8469 8469 8449 8469 7c68 7c49 7c49 7c49 7c49 7c68 7c68 8448 8449 7c49 7c49 7c49 7c49 8449 8449 7c49 7c49 7c49 7408 7408 73e8 73e7 7407 73e7 7407 7407 73e8 73e8 73e8 73e8 73e8 73e8 73e8 7408 7408 73e8 6be7 73e8 73e8 7428 8469 8449 8449 8449 8449 7c49 7c49 7c68 7c49 8449 8449 8449 8449 7c68 7c68 7c68 7c68 7c49 8449 8449 8449 7c49 7408 73e8 73e8 73e8 73e8 7408 7408 7408 7408 7408 7408 73e8 73e8 73e8 73e8 73e8 73e8 73e8 73e8 7408 73e8 7c48 7c49 7c49 8469 7c49 8449 8449 8449 8449 8449 7c49 7c49 7c68 7c49 8449 846b adb2 9d2f 7c4a 7c69 7c68 7c68 8469 73e8 73e8 73e8 73e8 7408 6be8 73e8 73e8 73e8 73e8 73e8 7408 7408 6c08 7408 7408 73e8 73e8 73e8 73e8 73e8 7c28 7c49 7c49 7c49 7c49 7c49 7c68 7c68 7c68 7c68 7c49 8449 7c49 7c49 8449 8449 7c49 7c49 8469 8469 8469 7c49 7c69 7408 73e8 73e8 73e8 73e8 73e8 73e8 73e8 73e8 73e8 73e8 73e8 73e8 73e8 73e8 73e8 73e8 73e8 73e8 7408 7408 7c29 7c49 7c49 7c68 7c68 7c48 7c49 7c49 7c49 7c49 7c49 7c49 7c49 8449 8469 8449 8449 8449 7c49 7c49 7c49 7c49 8469 7408 7408 7408 7408 7408 7408 6be8 73e8 73e8 73e8 73e8 73e8 73e8 7408 7408 7408 73e8 73e8 73e8 73e8 7408 7c28 7c48 8449 8449 8449 8449 8449 8449 8449 8449 8449 8449 8449 8449 8449 8449 8449 8449 8449 8449 7c49 7c49 7c69 7428 6be7 73e8 73e8 73e8 73e8 73e8 7407 7407 6c08 6c08 
